# Batch 0 (tex 0)
mtllib batch_0000.mtl

v -1084.000000 0.000009 -256.000000
#vw 00000000
v -960.000100 0.000003 -128.000000
#vw 00000000
v -960.000100 0.000009 -256.000000
#vw 00000000
v -832.000100 0.000003 -128.000000
#vw 00000000
v -832.000100 0.000009 -256.000000
#vw 00000000
v -704.000000 0.000003 -128.000000
#vw 00000000
v -704.000000 0.000009 -256.000000
#vw 00000000
v -640.000000 0.000003 -128.000000
#vw 00000000
v -640.000000 0.000009 -256.000000
#vw 00000000
v -512.000000 0.000003 -128.000000
#vw 00000000
v -512.000000 0.000009 -256.000000
#vw 00000000
v -388.000000 0.000003 -128.000000
#vw 00000000
v -388.000000 0.000009 -256.000000
#vw 00000000
v -316.000000 0.000003 -128.000000
#vw 00000000
v -316.000000 0.000009 -256.000000
#vw 00000000
v -192.000000 0.000003 -128.000000
#vw 00000000
v -192.000000 0.000009 -256.000000
#vw 00000000
v -64.000010 0.000003 -128.000000
#vw 00000000
v -64.000010 0.000009 -256.000000
#vw 00000000
v 64.000010 0.000003 -128.000000
#vw 00000000
v 64.000010 0.000009 -256.000000
#vw 00000000
v 192.000000 0.000003 -128.000000
#vw 00000000
v 192.000000 0.000009 -256.000000
#vw 00000000
v 316.000000 0.000003 -128.000000
#vw 00000000
v 316.000000 0.000009 -256.000000
#vw 00000000
v -57.013110 6.000003 -137.836400
#vw 00000000
v -61.570400 0.000005 -97.646490
#vw 00000000
v -69.297810 6.000003 -99.717000
#vw 00000000
v -67.920710 0.000003 -66.219190
#vw 00000000
v -77.718710 6.000002 -60.562390
#vw 00000000
v -39.599300 6.000001 -48.277700
#vw 00000000
v -37.528710 10.000000 -56.005190
#vw 00000000
v -6.101489 12.000000 -49.654780
#vw 00000000
v 4.112601 10.000000 -80.046790
#vw 00000000
v 11.840010 6.000004 -77.976200
#vw 00000000
v 20.260880 6.000004 -117.130900
#vw 00000000
v 10.463000 0.000005 -111.474000
#vw 00000000
v -17.858510 6.000004 -129.415500
#vw 00000000
v -19.929000 0.000005 -121.688100
#vw 00000000
v -57.013110 6.000003 -137.836400
#vw 00000000
v -51.356290 0.000003 -128.038500
#vw 00000000
v -61.570400 0.000005 -97.646490
#vw 00000000
v 31.999990 0.000001 -0.000003
#vw 00000000
v 30.000000 -0.000001 32.000000
#vw 00000000
v 22.000000 6.000001 32.000000
#vw 00000000
v 24.000000 5.999998 72.000010
#vw 00000000
v 31.999990 12.000000 64.000000
#vw 00000000
v 64.000010 6.000002 74.000010
#vw 00000000
v 64.000010 9.999998 66.000000
#vw 00000000
v 104.000000 5.999998 72.000010
#vw 00000000
v 95.999980 12.000000 64.000000
#vw 00000000
v 97.999980 10.000000 32.000000
#vw 00000000
v 64.000010 6.000001 32.000000
#vw 00000000
v 64.000010 10.000000 -2.000001
#vw 00000000
v 31.999990 12.000000 -0.000003
#vw 00000000
v 24.000000 6.000002 -7.999999
#vw 00000000
v 30.000000 10.000000 32.000000
#vw 00000000
v 22.000000 6.000001 32.000000
#vw 00000000
v 31.999990 12.000000 64.000000
#vw 00000000
v -512.000000 0.000003 -128.000000
#vw 00000000
v -640.000000 0.000003 -128.000000
#vw 00000000
v -512.000000 0.000003 -31.999990
#vw 00000000
v -640.000000 0.000003 -31.999990
#vw 00000000
v -512.000000 0.000001 64.000000
#vw 00000000
v -640.000000 0.000001 64.000000
#vw 00000000
v -512.000000 -0.000005 192.000000
#vw 00000000
v -640.000000 -0.000005 192.000000
#vw 00000000
v -512.000000 -0.000005 316.000000
#vw 00000000
v -640.000000 -0.000005 316.000000
#vw 00000000
v -512.000000 -0.000009 384.000000
#vw 00000000
v -640.000000 -0.000009 384.000000
#vw 00000000
v -512.000000 -0.000011 464.000000
#vw 00000000
v -640.000000 -0.000011 464.000000
#vw 00000000
v -512.000000 -0.000011 592.000000
#vw 00000000
v -640.000000 -0.000011 592.000000
#vw 00000000
v -51.356290 12.000000 -128.038500
#vw 00000000
v -69.297810 6.000003 -99.717000
#vw 00000000
v -61.570400 10.000000 -97.646490
#vw 00000000
v -77.718710 6.000002 -60.562390
#vw 00000000
v -67.920710 12.000000 -66.219190
#vw 00000000
v -37.528710 10.000000 -56.005190
#vw 00000000
v -28.728890 6.000004 -88.846600
#vw 00000000
v 4.112601 10.000000 -80.046790
#vw 00000000
v 10.463000 12.000000 -111.474000
#vw 00000000
v 20.260880 6.000004 -117.130900
#vw 00000000
v -19.929000 10.000000 -121.688100
#vw 00000000
v -17.858510 6.000004 -129.415500
#vw 00000000
v -51.356290 12.000000 -128.038500
#vw 00000000
v -57.013110 6.000003 -137.836400
#vw 00000000
v -69.297810 6.000003 -99.717000
#vw 00000000
v 30.000000 -0.000001 32.000000
#vw 00000000
v 31.999990 0.000001 64.000000
#vw 00000000
v 24.000000 5.999998 72.000010
#vw 00000000
v 64.000010 -0.000001 66.000000
#vw 00000000
v 64.000010 6.000002 74.000010
#vw 00000000
v 95.999980 0.000001 64.000000
#vw 00000000
v 104.000000 5.999998 72.000010
#vw 00000000
v 106.000000 6.000001 32.000000
#vw 00000000
v 97.999980 10.000000 32.000000
#vw 00000000
v 95.999980 12.000000 -0.000003
#vw 00000000
v 64.000010 10.000000 -2.000001
#vw 00000000
v 64.000010 6.000001 -9.999998
#vw 00000000
v 24.000000 6.000002 -7.999999
#vw 00000000
v 31.999990 0.000001 -0.000003
#vw 00000000
v 22.000000 6.000001 32.000000
#vw 00000000
v -704.000000 0.000003 -128.000000
#vw 00000000
v -832.000100 0.000003 -128.000000
#vw 00000000
v -704.000000 0.000003 -31.999990
#vw 00000000
v -832.000100 0.000003 -31.999990
#vw 00000000
v -704.000000 0.000001 64.000000
#vw 00000000
v -832.000100 0.000001 64.000000
#vw 00000000
v -704.000000 -0.000005 192.000000
#vw 00000000
v -832.000100 -0.000005 192.000000
#vw 00000000
v -704.000000 -0.000005 316.000000
#vw 00000000
v -832.000100 -0.000005 316.000000
#vw 00000000
v -704.000000 -0.000009 384.000000
#vw 00000000
v -832.000100 -0.000009 384.000000
#vw 00000000
v -704.000000 -0.000009 512.000000
#vw 00000000
v -832.000100 -0.000009 512.000000
#vw 00000000
v -192.000000 0.000003 -128.000000
#vw 00000000
v -316.000000 0.000003 -128.000000
#vw 00000000
v -316.000000 0.000003 -116.000000
#vw 00000000
v -388.000000 0.000003 -128.000000
#vw 00000000
v -388.000000 0.000003 -116.000000
#vw 00000000
v -512.000000 0.000003 -128.000000
#vw 00000000
v -388.000000 0.000003 -31.999990
#vw 00000000
v -512.000000 0.000003 -31.999990
#vw 00000000
v -388.000000 0.000001 64.000000
#vw 00000000
v -512.000000 0.000001 64.000000
#vw 00000000
v -388.000000 -0.000005 192.000000
#vw 00000000
v -512.000000 -0.000005 192.000000
#vw 00000000
v -388.000000 -0.000005 316.000000
#vw 00000000
v -512.000000 -0.000005 316.000000
#vw 00000000
v -1084.000000 0.000009 -380.000000
#vw 00000000
v -960.000100 0.000009 -256.000000
#vw 00000000
v -960.000100 0.000009 -380.000000
#vw 00000000
v -832.000100 0.000009 -256.000000
#vw 00000000
v -832.000100 0.000009 -380.000000
#vw 00000000
v -704.000000 0.000009 -256.000000
#vw 00000000
v -704.000000 0.000009 -380.000000
#vw 00000000
v -640.000000 0.000009 -256.000000
#vw 00000000
v -640.000000 0.000009 -380.000000
#vw 00000000
v -512.000000 0.000009 -256.000000
#vw 00000000
v -512.000000 0.000009 -380.000000
#vw 00000000
v -388.000000 0.000009 -268.000000
#vw 00000000
v -388.000000 0.000009 -380.000000
#vw 00000000
v -192.000000 0.000003 -128.000000
#vw 00000000
v -316.000000 0.000003 -116.000000
#vw 00000000
v -192.000000 0.000001 -0.000003
#vw 00000000
v -316.000000 0.000001 -0.000003
#vw 00000000
v -192.000000 -0.000001 128.000000
#vw 00000000
v -316.000000 -0.000001 128.000000
#vw 00000000
v -192.000000 -0.000007 256.000000
#vw 00000000
v -316.000000 -0.000007 256.000000
#vw 00000000
v -192.000000 -0.000009 384.000000
#vw 00000000
v -316.000000 -0.000009 384.000000
#vw 00000000
v -192.000000 -0.000013 508.000000
#vw 00000000
v -316.000000 -0.000013 508.000000
#vw 00000000
v 316.000000 0.000003 -128.000000
#vw 00000000
v 192.000000 0.000003 -128.000000
#vw 00000000
v 316.000000 0.000001 -0.000003
#vw 00000000
v 192.000000 0.000001 -0.000003
#vw 00000000
v 316.000000 -0.000001 128.000000
#vw 00000000
v 192.000000 -0.000001 128.000000
#vw 00000000
v 316.000000 -0.000007 256.000000
#vw 00000000
v 192.000000 -0.000007 256.000000
#vw 00000000
v 316.000000 -0.000009 384.000000
#vw 00000000
v 192.000000 -0.000009 384.000000
#vw 00000000
v 316.000000 -0.000013 508.000000
#vw 00000000
v 192.000000 -0.000013 508.000000
#vw 00000000
v 192.000000 0.000003 -128.000000
#vw 00000000
v 64.000010 0.000003 -128.000000
#vw 00000000
v 192.000000 0.000001 -0.000003
#vw 00000000
v 64.000010 0.000001 -0.000003
#vw 00000000
v 192.000000 -0.000001 128.000000
#vw 00000000
v 64.000010 -0.000001 128.000000
#vw 00000000
v 192.000000 -0.000007 256.000000
#vw 00000000
v 64.000010 -0.000007 256.000000
#vw 00000000
v 192.000000 -0.000009 384.000000
#vw 00000000
v 64.000010 -0.000009 384.000000
#vw 00000000
v 192.000000 -0.000013 508.000000
#vw 00000000
v 64.000010 -0.000013 508.000000
#vw 00000000
v 64.000010 0.000003 -128.000000
#vw 00000000
v -64.000010 0.000003 -128.000000
#vw 00000000
v 64.000010 0.000001 -0.000003
#vw 00000000
v -64.000010 0.000001 -0.000003
#vw 00000000
v 64.000010 -0.000001 128.000000
#vw 00000000
v -64.000010 -0.000001 128.000000
#vw 00000000
v 64.000010 -0.000007 256.000000
#vw 00000000
v -64.000010 -0.000007 256.000000
#vw 00000000
v 64.000010 -0.000009 384.000000
#vw 00000000
v -64.000010 -0.000009 384.000000
#vw 00000000
v 64.000010 -0.000013 508.000000
#vw 00000000
v -64.000010 -0.000013 508.000000
#vw 00000000
v -64.000010 0.000003 -128.000000
#vw 00000000
v -192.000000 0.000003 -128.000000
#vw 00000000
v -64.000010 0.000001 -0.000003
#vw 00000000
v -192.000000 0.000001 -0.000003
#vw 00000000
v -64.000010 -0.000001 128.000000
#vw 00000000
v -192.000000 -0.000001 128.000000
#vw 00000000
v -64.000010 -0.000007 256.000000
#vw 00000000
v -192.000000 -0.000007 256.000000
#vw 00000000
v -64.000010 -0.000009 384.000000
#vw 00000000
v -192.000000 -0.000009 384.000000
#vw 00000000
v -64.000010 -0.000013 508.000000
#vw 00000000
v -192.000000 -0.000013 508.000000
#vw 00000000
v -1084.000000 -0.000005 316.000000
#vw 00000000
v -960.000100 -0.000005 316.000000
#vw 00000000
v -1084.000000 -0.000005 192.000000
#vw 00000000
v -960.000100 -0.000005 192.000000
#vw 00000000
v -1084.000000 0.000001 64.000000
#vw 00000000
v -960.000100 0.000001 64.000000
#vw 00000000
v -1084.000000 0.000003 -31.999990
#vw 00000000
v -960.000100 0.000003 -31.999990
#vw 00000000
v -1084.000000 0.000003 -128.000000
#vw 00000000
v -960.000100 0.000003 -128.000000
#vw 00000000
v -1084.000000 0.000009 -256.000000
#vw 00000000
v -316.000000 0.000009 -380.000000
#vw 00000000
v -192.000000 0.000009 -256.000000
#vw 00000000
v -192.000000 0.000009 -380.000000
#vw 00000000
v -64.000010 0.000009 -256.000000
#vw 00000000
v -64.000010 0.000009 -380.000000
#vw 00000000
v 64.000010 0.000009 -256.000000
#vw 00000000
v 64.000010 0.000009 -380.000000
#vw 00000000
v 192.000000 0.000009 -256.000000
#vw 00000000
v 192.000000 0.000009 -380.000000
#vw 00000000
v 316.000000 0.000009 -256.000000
#vw 00000000
v 316.000000 0.000009 -380.000000
#vw 00000000
v -640.000000 0.000003 -128.000000
#vw 00000000
v -704.000000 0.000003 -128.000000
#vw 00000000
v -640.000000 0.000003 -31.999990
#vw 00000000
v -704.000000 0.000003 -31.999990
#vw 00000000
v -640.000000 0.000001 64.000000
#vw 00000000
v -704.000000 0.000001 64.000000
#vw 00000000
v -640.000000 -0.000005 192.000000
#vw 00000000
v -704.000000 -0.000005 192.000000
#vw 00000000
v -640.000000 -0.000005 316.000000
#vw 00000000
v -704.000000 -0.000005 316.000000
#vw 00000000
v -832.000100 0.000003 -128.000000
#vw 00000000
v -960.000100 0.000003 -128.000000
#vw 00000000
v -832.000100 0.000003 -31.999990
#vw 00000000
v -960.000100 0.000003 -31.999990
#vw 00000000
v -832.000100 0.000001 64.000000
#vw 00000000
v -960.000100 0.000001 64.000000
#vw 00000000
v -832.000100 -0.000005 192.000000
#vw 00000000
v -960.000100 -0.000005 192.000000
#vw 00000000
v -832.000100 -0.000005 316.000000
#vw 00000000
v -960.000100 -0.000005 316.000000
#vw 00000000
v -512.000000 0.000009 -256.000000
#vw 00000000
v -388.000000 0.000009 -256.000000
#vw 00000000
v -388.000000 0.000009 -268.000000
#vw 00000000
v -316.000000 0.000009 -256.000000
#vw 00000000
v -316.000000 0.000009 -268.000000
#vw 00000000
v -192.000000 0.000009 -256.000000
#vw 00000000
v -316.000000 0.000009 -380.000000
#vw 00000000
v -67.920710 0.000003 -66.219190
#vw 00000000
v -37.528710 0.000003 -56.005190
#vw 00000000
v -39.599300 6.000001 -48.277700
#vw 00000000
v -0.444603 6.000004 -39.856800
#vw 00000000
v -6.101489 12.000000 -49.654780
#vw 00000000
v 11.840010 6.000004 -77.976200
#vw 00000000
v -37.528710 0.000003 -56.005190
#vw 00000000
v -6.101489 0.000001 -49.654790
#vw 00000000
v -0.444603 6.000004 -39.856800
#vw 00000000
v 4.112601 0.000003 -80.046790
#vw 00000000
v 11.840010 6.000004 -77.976200
#vw 00000000
v 10.463000 0.000005 -111.474000
#vw 00000000
v 31.999990 0.000001 -0.000003
#vw 00000000
v 64.000010 6.000001 -9.999998
#vw 00000000
v 64.000010 0.000001 -2.000001
#vw 00000000
v 104.000000 6.000002 -7.999999
#vw 00000000
v 95.999980 0.000001 -0.000003
#vw 00000000
v 97.999980 -0.000001 32.000000
#vw 00000000
v 64.000010 6.000001 -9.999998
#vw 00000000
v 95.999980 12.000000 -0.000003
#vw 00000000
v 104.000000 6.000002 -7.999999
#vw 00000000
v 106.000000 6.000001 32.000000
#vw 00000000
v 97.999980 -0.000001 32.000000
#vw 00000000
v 95.999980 0.000001 64.000000
#vw 00000000
v -51.356290 12.000000 -128.038500
#vw 00000000
v -61.570400 10.000000 -97.646490
#vw 00000000
v -19.929000 10.000000 -121.688100
#vw 00000000
v -28.728890 6.000004 -88.846600
#vw 00000000
v 10.463000 12.000000 -111.474000
#vw 00000000
v 31.999990 12.000000 -0.000003
#vw 00000000
v 30.000000 10.000000 32.000000
#vw 00000000
v 64.000010 6.000001 32.000000
#vw 00000000
v 64.000010 9.999998 66.000000
#vw 00000000
v 95.999980 12.000000 64.000000
#vw 00000000
v 64.000010 0.000013 -416.000000
#vw 00000000
v -64.000010 0.000013 -416.000000
#vw 00000000
v 64.000010 0.000009 -380.000000
#vw 00000000
v -64.000010 0.000009 -380.000000
#vw 00000000
v -28.728890 6.000004 -88.846600
#vw 00000000
v -61.570400 10.000000 -97.646490
#vw 00000000
v -67.920710 12.000000 -66.219190
#vw 00000000
v 31.999990 12.000000 64.000000
#vw 00000000
v 64.000010 9.999998 66.000000
#vw 00000000
v 30.000000 10.000000 32.000000
#vw 00000000
v -1084.000000 0.000009 -380.000000
#vw 00000000
v -1084.000000 0.000009 -256.000000
#vw 00000000
v -960.000100 0.000009 -256.000000
#vw 00000000
v -312.670500 162.695300 60.718540
#vw 00000000
v -312.208900 159.385100 73.896080
#vw 00000000
v -310.711200 159.721100 60.556860
#vw 00000000
v -310.238300 156.635000 72.612010
#vw 00000000
v -312.451000 156.572800 60.623050
#vw 00000000
v -311.985100 153.822600 71.467050
#vw 00000000
v -316.099700 155.216400 60.842330
#vw 00000000
v -315.709300 152.565800 71.206260
#vw 00000000
v -318.548700 150.972900 85.603230
#vw 00000000
v -318.942200 159.385100 74.303020
#vw 00000000
v -320.608700 148.907200 83.660440
#vw 00000000
v -321.024000 156.622600 73.294610
#vw 00000000
v -319.375100 153.810200 71.973370
#vw 00000000
v -321.484500 159.696200 61.240410
#vw 00000000
v -319.738900 156.560300 61.099770
#vw 00000000
v -313.658400 151.620100 36.018420
#vw 00000000
v -313.255300 159.746000 47.519070
#vw 00000000
v -311.582200 149.504600 37.912540
#vw 00000000
v -311.180200 156.958500 48.452090
#vw 00000000
v -312.824400 154.108900 49.711280
#vw 00000000
v -310.711200 159.721100 60.556860
#vw 00000000
v -312.451000 156.572800 60.623050
#vw 00000000
v -319.530800 162.682800 61.153180
#vw 00000000
v -319.988600 159.708700 47.926010
#vw 00000000
v -321.484500 159.696200 61.240410
#vw 00000000
v -321.966900 156.933700 49.147090
#vw 00000000
v -319.738900 156.560300 61.099770
#vw 00000000
v -320.213400 154.096400 50.205200
#vw 00000000
v -316.099700 155.216400 60.842330
#vw 00000000
v -316.487400 152.839600 50.441170
#vw 00000000
v -314.071000 126.084800 24.804110
#vw 00000000
v -314.015000 139.848000 27.978490
#vw 00000000
v -311.975500 126.059900 27.585820
#vw 00000000
v -311.864200 138.665800 30.527320
#vw 00000000
v -313.605000 126.022600 30.768170
#vw 00000000
v -313.445100 137.446300 33.401370
#vw 00000000
v -317.142800 125.997700 32.306420
#vw 00000000
v -317.063000 136.911200 34.846110
#vw 00000000
v -320.494800 151.582700 36.467380
#vw 00000000
v -320.738800 139.810600 28.423590
#vw 00000000
v -322.368800 149.467200 38.607540
#vw 00000000
v -322.651900 138.640900 31.234730
#vw 00000000
v -320.489200 147.277100 40.623860
#vw 00000000
v -320.809300 137.433800 33.897190
#vw 00000000
v -316.819300 146.356200 41.267380
#vw 00000000
v -317.063000 136.911200 34.846110
#vw 00000000
v -313.636600 100.275800 35.408540
#vw 00000000
v -314.015100 112.259500 27.653980
#vw 00000000
v -311.576500 102.354000 37.351330
#vw 00000000
v -311.853800 113.379400 30.228570
#vw 00000000
v -313.250200 104.494300 39.644170
#vw 00000000
v -313.436600 114.524300 33.127450
#vw 00000000
v -317.055500 115.009600 34.584590
#vw 00000000
v -317.142800 125.997700 32.306420
#vw 00000000
v -320.908300 126.072400 25.265460
#vw 00000000
v -320.726400 112.271900 28.100040
#vw 00000000
v -322.750700 126.035000 28.294190
#vw 00000000
v -322.641400 113.367000 30.935990
#vw 00000000
v -320.844200 125.997700 31.261100
#vw 00000000
v -320.813200 114.511800 33.622320
#vw 00000000
v -317.055500 115.009600 34.584590
#vw 00000000
v -316.820400 105.402800 40.793030
#vw 00000000
v -313.243000 91.863620 46.708750
#vw 00000000
v -311.161300 94.626200 47.717170
#vw 00000000
v -312.654500 88.565940 59.858590
#vw 00000000
v -310.700800 91.552510 59.771360
#vw 00000000
v -319.976400 91.876060 47.115690
#vw 00000000
v -321.947000 94.613750 48.399770
#vw 00000000
v -320.485400 100.288200 35.856540
#vw 00000000
v -322.363300 102.341500 38.046330
#vw 00000000
v -312.196700 91.552510 73.085770
#vw 00000000
v -310.218400 94.327530 71.864690
#vw 00000000
v -311.690500 99.666030 84.544390
#vw 00000000
v -309.816500 101.781500 82.404220
#vw 00000000
v -318.930000 91.515170 73.492710
#vw 00000000
v -321.005100 94.290200 72.559680
#vw 00000000
v -319.512800 88.553490 60.268410
#vw 00000000
v -321.472200 91.527630 60.430090
#vw 00000000
v -311.276000 125.176400 95.733910
#vw 00000000
v -311.446500 111.438100 92.588180
#vw 00000000
v -309.434600 125.213700 92.717600
#vw 00000000
v -309.533400 112.607900 89.777050
#vw 00000000
v -311.341100 125.251100 89.750680
#vw 00000000
v -311.376000 113.827400 87.114580
#vw 00000000
v -315.122300 114.337600 86.165660
#vw 00000000
v -315.365000 104.892500 79.731990
#vw 00000000
v -318.539300 99.641140 84.992390
#vw 00000000
v -318.170300 111.400800 93.033290
#vw 00000000
v -320.603100 101.744200 83.099230
#vw 00000000
v -320.320100 112.583000 90.472050
#vw 00000000
v -318.920900 103.959200 80.856980
#vw 00000000
v -318.740200 113.814900 87.610400
#vw 00000000
v -315.122300 114.337600 86.165660
#vw 00000000
v -315.042500 125.263500 88.705360
#vw 00000000
v -311.712300 150.960500 85.154270
#vw 00000000
v -311.458900 138.989300 92.911740
#vw 00000000
v -309.822100 148.907200 82.965430
#vw 00000000
v -309.543900 137.894200 90.075780
#vw 00000000
v -311.696900 146.766800 80.887080
#vw 00000000
v -311.371200 136.749400 87.377050
#vw 00000000
v -315.377300 145.846000 80.217800
#vw 00000000
v -315.129900 136.251600 86.427180
#vw 00000000
v -318.113400 125.163900 96.195260
#vw 00000000
v -318.170200 139.001800 93.357800
#vw 00000000
v -320.209800 125.201300 93.425960
#vw 00000000
v -320.330600 137.881800 90.770790
#vw 00000000
v -318.580300 125.238600 90.243610
#vw 00000000
v -318.748700 136.724500 87.884330
#vw 00000000
v -315.042500 125.263500 88.705360
#vw 00000000
v -315.129900 136.251600 86.427180
#vw 00000000
v -310.238300 156.635000 72.612010
#vw 00000000
v -309.822100 148.907200 82.965430
#vw 00000000
v -311.985100 153.822600 71.467050
#vw 00000000
v -311.696900 146.766800 80.887080
#vw 00000000
v -315.709300 152.565800 71.206260
#vw 00000000
v -315.377300 145.846000 80.217800
#vw 00000000
v -321.966900 156.933700 49.147090
#vw 00000000
v -322.368800 149.467200 38.607540
#vw 00000000
v -320.213400 154.096400 50.205200
#vw 00000000
v -320.489200 147.277100 40.623860
#vw 00000000
v -316.487400 152.839600 50.441170
#vw 00000000
v -316.819300 146.356200 41.267380
#vw 00000000
v -311.864200 138.665800 30.527320
#vw 00000000
v -311.582200 149.504600 37.912540
#vw 00000000
v -313.445100 137.446300 33.401370
#vw 00000000
v -313.263400 147.302000 40.142380
#vw 00000000
v -317.063000 136.911200 34.846110
#vw 00000000
v -316.819300 146.356200 41.267380
#vw 00000000
v -322.651900 138.640900 31.234730
#vw 00000000
v -322.750700 126.035000 28.294190
#vw 00000000
v -320.809300 137.433800 33.897190
#vw 00000000
v -320.844200 125.997700 31.261100
#vw 00000000
v -317.063000 136.911200 34.846110
#vw 00000000
v -317.142800 125.997700 32.306420
#vw 00000000
v -311.975500 126.059900 27.585820
#vw 00000000
v -313.605000 126.022600 30.768170
#vw 00000000
v -311.853800 113.379400 30.228570
#vw 00000000
v -313.436600 114.524300 33.127450
#vw 00000000
v -322.363300 102.341500 38.046330
#vw 00000000
v -320.488300 104.494300 40.124690
#vw 00000000
v -322.641400 113.367000 30.935990
#vw 00000000
v -320.813200 114.511800 33.622320
#vw 00000000
v -311.161300 94.626200 47.717170
#vw 00000000
v -311.576500 102.354000 37.351330
#vw 00000000
v -312.810300 97.438560 49.038400
#vw 00000000
v -313.250200 104.494300 39.644170
#vw 00000000
v -316.476000 98.682960 49.805510
#vw 00000000
v -316.820400 105.402800 40.793030
#vw 00000000
v -321.472200 91.527630 60.430090
#vw 00000000
v -319.732400 94.675970 60.363900
#vw 00000000
v -321.947000 94.613750 48.399770
#vw 00000000
v -320.199200 97.426110 49.532320
#vw 00000000
v -322.363300 102.341500 38.046330
#vw 00000000
v -320.488300 104.494300 40.124690
#vw 00000000
v -310.700800 91.552510 59.771360
#vw 00000000
v -312.446400 94.688420 59.912000
#vw 00000000
v -310.218400 94.327530 71.864690
#vw 00000000
v -311.971900 97.164780 70.806580
#vw 00000000
v -309.816500 101.781500 82.404220
#vw 00000000
v -311.695100 103.984100 80.375500
#vw 00000000
v -321.005100 94.290200 72.559680
#vw 00000000
v -320.603100 101.744200 83.099230
#vw 00000000
v -319.373300 97.152330 71.299550
#vw 00000000
v -318.920900 103.959200 80.856980
#vw 00000000
v -315.710400 98.421630 70.569660
#vw 00000000
v -315.365000 104.892500 79.731990
#vw 00000000
v -309.816500 101.781500 82.404220
#vw 00000000
v -311.695100 103.984100 80.375500
#vw 00000000
v -309.533400 112.607900 89.777050
#vw 00000000
v -311.376000 113.827400 87.114580
#vw 00000000
v -320.320100 112.583000 90.472050
#vw 00000000
v -320.209800 125.201300 93.425960
#vw 00000000
v -318.740200 113.814900 87.610400
#vw 00000000
v -318.580300 125.238600 90.243610
#vw 00000000
v -315.042500 125.263500 88.705360
#vw 00000000
v -309.543900 137.894200 90.075780
#vw 00000000
v -309.434600 125.213700 92.717600
#vw 00000000
v -311.371200 136.749400 87.377050
#vw 00000000
v -311.341100 125.251100 89.750680
#vw 00000000
v -315.129900 136.251600 86.427180
#vw 00000000
v -315.042500 125.263500 88.705360
#vw 00000000
v -320.330600 137.881800 90.770790
#vw 00000000
v -320.608700 148.907200 83.660440
#vw 00000000
v -318.748700 136.724500 87.884330
#vw 00000000
v -318.935100 146.754400 81.367610
#vw 00000000
v -315.129900 136.251600 86.427180
#vw 00000000
v -315.377300 145.846000 80.217800
#vw 00000000
v -316.705900 166.615200 40.439880
#vw 00000000
v -312.625100 168.021300 44.185170
#vw 00000000
v -316.287800 130.975300 55.648420
#vw 00000000
v -313.979600 131.771700 57.772500
#vw 00000000
v -316.287800 130.975300 55.648420
#vw 00000000
v -312.625100 168.021300 44.185170
#vw 00000000
v -316.705900 166.615200 40.439880
#vw 00000000
v -316.287800 130.975300 55.648420
#vw 00000000
v -320.366300 168.096000 44.552220
#vw 00000000
v -318.363200 131.809100 57.972830
#vw 00000000
v -316.273000 169.502200 48.298470
#vw 00000000
v -316.054100 132.605500 60.084500
#vw 00000000
v -312.625100 168.021300 44.185170
#vw 00000000
v -316.273000 169.502200 48.298470
#vw 00000000
v -313.979600 131.771700 57.772500
#vw 00000000
v -316.054100 132.605500 60.084500
#vw 00000000
v -314.090300 170.597300 43.273990
#vw 00000000
v -316.642900 169.713700 40.918990
#vw 00000000
v -318.950100 170.647000 43.500180
#vw 00000000
v -316.705900 166.615200 40.439880
#vw 00000000
v -320.366300 168.096000 44.552220
#vw 00000000
v -314.090300 170.597300 43.273990
#vw 00000000
v -318.950100 170.647000 43.500180
#vw 00000000
v -316.372700 171.530600 45.857090
#vw 00000000
v -316.273000 169.502200 48.298470
#vw 00000000
v -312.625100 168.021300 44.185170
#vw 00000000
v -316.705900 166.615200 40.439880
#vw 00000000
v -314.090300 170.597300 43.273990
#vw 00000000
v -316.642900 169.713700 40.918990
#vw 00000000
v -320.366300 168.096000 44.552220
#vw 00000000
v -316.273000 169.502200 48.298470
#vw 00000000
v -318.950100 170.647000 43.500180
#vw 00000000
v -312.625100 168.021300 44.185170
#vw 00000000
v -314.090300 170.597300 43.273990
#vw 00000000
v -316.273000 169.502200 48.298470
#vw 00000000
v -316.372700 171.530600 45.857090
#vw 00000000
v -311.627900 167.349300 77.385330
#vw 00000000
v -313.873700 131.597500 62.735450
#vw 00000000
v -316.002800 168.954600 73.405300
#vw 00000000
v -316.170400 132.456200 60.624730
#vw 00000000
v -319.907400 167.249800 77.773480
#vw 00000000
v -316.002800 168.954600 73.405300
#vw 00000000
v -318.244900 131.560200 62.936730
#vw 00000000
v -316.170400 132.456200 60.624730
#vw 00000000
v -315.544000 165.644500 81.740140
#vw 00000000
v -319.907400 167.249800 77.773480
#vw 00000000
v -315.947200 130.701600 65.035050
#vw 00000000
v -318.244900 131.560200 62.936730
#vw 00000000
v -315.947200 130.701600 65.035050
#vw 00000000
v -319.907400 167.249800 77.773480
#vw 00000000
v -315.544000 165.644500 81.740140
#vw 00000000
v -315.947200 130.701600 65.035050
#vw 00000000
v -311.627900 167.349300 77.385330
#vw 00000000
v -313.873700 131.597500 62.735450
#vw 00000000
v -313.153800 170.037300 78.566240
#vw 00000000
v -315.895400 171.057700 76.071930
#vw 00000000
v -318.351500 169.987500 78.803940
#vw 00000000
v -316.002800 168.954600 73.405300
#vw 00000000
v -319.907400 167.249800 77.773480
#vw 00000000
v -313.153800 170.037300 78.566240
#vw 00000000
v -318.351500 169.987500 78.803940
#vw 00000000
v -315.610000 168.979500 81.298250
#vw 00000000
v -315.544000 165.644500 81.740140
#vw 00000000
v -311.627900 167.349300 77.385330
#vw 00000000
v -316.002800 168.954600 73.405300
#vw 00000000
v -313.153800 170.037300 78.566240
#vw 00000000
v -315.895400 171.057700 76.071930
#vw 00000000
v -319.907400 167.249800 77.773480
#vw 00000000
v -315.544000 165.644500 81.740140
#vw 00000000
v -318.351500 169.987500 78.803940
#vw 00000000
v -311.627900 167.349300 77.385330
#vw 00000000
v -313.153800 170.037300 78.566240
#vw 00000000
v -315.544000 165.644500 81.740140
#vw 00000000
v -315.610000 168.979500 81.298250
#vw 00000000
v -311.148900 144.601600 101.721900
#vw 00000000
v -313.796600 128.175400 66.285870
#vw 00000000
v -315.429700 148.446800 99.933190
#vw 00000000
v -316.081700 130.228700 65.324260
#vw 00000000
v -319.344400 144.402500 101.991700
#vw 00000000
v -315.429700 148.446800 99.933190
#vw 00000000
v -318.175500 128.063400 66.424160
#vw 00000000
v -316.081700 130.228700 65.324260
#vw 00000000
v -315.074900 140.557300 103.767000
#vw 00000000
v -319.344400 144.402500 101.991700
#vw 00000000
v -315.889500 126.010100 67.373360
#vw 00000000
v -318.175500 128.063400 66.424160
#vw 00000000
v -315.889500 126.010100 67.373360
#vw 00000000
v -319.344400 144.402500 101.991700
#vw 00000000
v -315.074900 140.557300 103.767000
#vw 00000000
v -315.889500 126.010100 67.373360
#vw 00000000
v -311.148900 144.601600 101.721900
#vw 00000000
v -313.796600 128.175400 66.285870
#vw 00000000
v -312.617200 145.821100 104.429900
#vw 00000000
v -315.302200 148.222800 103.312800
#vw 00000000
v -317.771900 145.696700 104.596000
#vw 00000000
v -315.429700 148.446800 99.933190
#vw 00000000
v -319.344400 144.402500 101.991700
#vw 00000000
v -312.617200 145.821100 104.429900
#vw 00000000
v -317.771900 145.696700 104.596000
#vw 00000000
v -315.087000 143.282500 105.713100
#vw 00000000
v -315.074900 140.557300 103.767000
#vw 00000000
v -311.148900 144.601600 101.721900
#vw 00000000
v -315.429700 148.446800 99.933190
#vw 00000000
v -312.617200 145.821100 104.429900
#vw 00000000
v -315.302200 148.222800 103.312800
#vw 00000000
v -319.344400 144.402500 101.991700
#vw 00000000
v -315.074900 140.557300 103.767000
#vw 00000000
v -317.771900 145.696700 104.596000
#vw 00000000
v -311.148900 144.601600 101.721900
#vw 00000000
v -312.617200 145.821100 104.429900
#vw 00000000
v -315.074900 140.557300 103.767000
#vw 00000000
v -315.087000 143.282500 105.713100
#vw 00000000
v -315.339200 111.425700 104.121100
#vw 00000000
v -311.146900 107.518200 102.346100
#vw 00000000
v -316.041300 124.716000 67.236910
#vw 00000000
v -313.795700 122.625400 66.273460
#vw 00000000
v -316.041300 124.716000 67.236910
#vw 00000000
v -311.146900 107.518200 102.346100
#vw 00000000
v -315.339200 111.425700 104.121100
#vw 00000000
v -316.041300 124.716000 67.236910
#vw 00000000
v -319.328100 107.331600 102.429700
#vw 00000000
v -318.180300 122.513400 66.323940
#vw 00000000
v -315.134700 103.424100 100.642300
#vw 00000000
v -315.935700 120.410300 65.372920
#vw 00000000
v -311.146900 107.518200 102.346100
#vw 00000000
v -315.134700 103.424100 100.642300
#vw 00000000
v -313.795700 122.625400 66.273460
#vw 00000000
v -315.935700 120.410300 65.372920
#vw 00000000
v -312.616100 106.360900 105.066500
#vw 00000000
v -315.248200 108.812400 106.187400
#vw 00000000
v -317.749900 106.236500 105.121800
#vw 00000000
v -315.339200 111.425700 104.121100
#vw 00000000
v -319.328100 107.331600 102.429700
#vw 00000000
v -312.616100 106.360900 105.066500
#vw 00000000
v -317.749900 106.236500 105.121800
#vw 00000000
v -315.117900 103.785000 104.000800
#vw 00000000
v -315.134700 103.424100 100.642300
#vw 00000000
v -311.146900 107.518200 102.346100
#vw 00000000
v -315.339200 111.425700 104.121100
#vw 00000000
v -312.616100 106.360900 105.066500
#vw 00000000
v -315.248200 108.812400 106.187400
#vw 00000000
v -319.328100 107.331600 102.429700
#vw 00000000
v -315.134700 103.424100 100.642300
#vw 00000000
v -317.749900 106.236500 105.121800
#vw 00000000
v -311.146900 107.518200 102.346100
#vw 00000000
v -312.616100 106.360900 105.066500
#vw 00000000
v -315.134700 103.424100 100.642300
#vw 00000000
v -315.117900 103.785000 104.000800
#vw 00000000
v -315.871800 84.297610 79.830380
#vw 00000000
v -311.573900 82.779430 75.542310
#vw 00000000
v -316.103800 119.800600 64.473880
#vw 00000000
v -313.873800 119.016600 62.248700
#vw 00000000
v -316.103800 119.800600 64.473880
#vw 00000000
v -311.573900 82.779430 75.542310
#vw 00000000
v -320.057700 82.704770 75.502910
#vw 00000000
v -315.871800 84.297610 79.830380
#vw 00000000
v -318.265000 118.979200 62.223780
#vw 00000000
v -316.103800 119.800600 64.473880
#vw 00000000
v -315.771300 81.186580 71.201490
#vw 00000000
v -320.057700 82.704770 75.502910
#vw 00000000
v -316.060800 118.195300 60.009110
#vw 00000000
v -318.265000 118.979200 62.223780
#vw 00000000
v -316.060800 118.195300 60.009110
#vw 00000000
v -320.057700 82.704770 75.502910
#vw 00000000
v -311.573900 82.779430 75.542310
#vw 00000000
v -315.771300 81.186580 71.201490
#vw 00000000
v -313.873800 119.016600 62.248700
#vw 00000000
v -316.060800 118.195300 60.009110
#vw 00000000
v -313.138900 79.954620 76.582930
#vw 00000000
v -315.829900 80.900380 79.284450
#vw 00000000
v -318.454100 79.904850 76.562010
#vw 00000000
v -315.871800 84.297610 79.830380
#vw 00000000
v -320.057700 82.704770 75.502910
#vw 00000000
v -313.138900 79.954620 76.582930
#vw 00000000
v -318.454100 79.904850 76.562010
#vw 00000000
v -315.775600 78.959100 73.859540
#vw 00000000
v -315.771300 81.186580 71.201490
#vw 00000000
v -311.573900 82.779430 75.542310
#vw 00000000
v -315.871800 84.297610 79.830380
#vw 00000000
v -313.138900 79.954620 76.582930
#vw 00000000
v -315.829900 80.900380 79.284450
#vw 00000000
v -320.057700 82.704770 75.502910
#vw 00000000
v -315.771300 81.186580 71.201490
#vw 00000000
v -318.454100 79.904850 76.562010
#vw 00000000
v -311.573900 82.779430 75.542310
#vw 00000000
v -313.138900 79.954620 76.582930
#vw 00000000
v -315.771300 81.186580 71.201490
#vw 00000000
v -315.775600 78.959100 73.859540
#vw 00000000
v -312.556000 84.110950 41.007880
#vw 00000000
v -313.989300 119.302800 57.085330
#vw 00000000
v -316.604900 82.406120 44.978100
#vw 00000000
v -316.202200 118.369500 59.249420
#vw 00000000
v -320.579800 84.210510 40.991310
#vw 00000000
v -316.604900 82.406120 44.978100
#vw 00000000
v -318.381500 119.352600 57.072820
#vw 00000000
v -316.202200 118.369500 59.249420
#vw 00000000
v -316.507100 85.915350 37.035420
#vw 00000000
v -320.579800 84.210510 40.991310
#vw 00000000
v -316.156300 120.285900 54.909680
#vw 00000000
v -318.381500 119.352600 57.072820
#vw 00000000
v -316.156300 120.285900 54.909680
#vw 00000000
v -320.579800 84.210510 40.991310
#vw 00000000
v -316.507100 85.915350 37.035420
#vw 00000000
v -316.156300 120.285900 54.909680
#vw 00000000
v -312.556000 84.110950 41.007880
#vw 00000000
v -313.989300 119.302800 57.085330
#vw 00000000
v -314.075700 81.547480 39.830430
#vw 00000000
v -316.613000 80.477290 42.319090
#vw 00000000
v -319.116900 81.597250 39.818050
#vw 00000000
v -316.604900 82.406120 44.978100
#vw 00000000
v -320.579800 84.210510 40.991310
#vw 00000000
v -314.075700 81.547480 39.830430
#vw 00000000
v -319.116900 81.597250 39.818050
#vw 00000000
v -316.554800 82.667440 37.331300
#vw 00000000
v -316.507100 85.915350 37.035420
#vw 00000000
v -312.556000 84.110950 41.007880
#vw 00000000
v -316.604900 82.406120 44.978100
#vw 00000000
v -314.075700 81.547480 39.830430
#vw 00000000
v -316.613000 80.477290 42.319090
#vw 00000000
v -320.579800 84.210510 40.991310
#vw 00000000
v -316.507100 85.915350 37.035420
#vw 00000000
v -319.116900 81.597250 39.818050
#vw 00000000
v -312.556000 84.110950 41.007880
#vw 00000000
v -314.075700 81.547480 39.830430
#vw 00000000
v -316.507100 85.915350 37.035420
#vw 00000000
v -316.554800 82.667440 37.331300
#vw 00000000
v -317.185400 104.817900 18.873960
#vw 00000000
v -312.690500 109.048900 17.059700
#vw 00000000
v -316.311900 120.933000 54.498350
#vw 00000000
v -314.070200 123.060900 53.584540
#vw 00000000
v -316.311900 120.933000 54.498350
#vw 00000000
v -312.690500 109.048900 17.059700
#vw 00000000
v -321.473000 109.272900 17.172110
#vw 00000000
v -317.185400 104.817900 18.873960
#vw 00000000
v -318.455700 123.172900 53.647430
#vw 00000000
v -316.311900 120.933000 54.498350
#vw 00000000
v -321.473000 109.272900 17.172110
#vw 00000000
v -318.455700 123.172900 53.647430
#vw 00000000
v -316.966600 113.516300 15.371210
#vw 00000000
v -316.202500 125.288400 52.746980
#vw 00000000
v -312.690500 109.048900 17.059700
#vw 00000000
v -316.966600 113.516300 15.371210
#vw 00000000
v -314.070200 123.060900 53.584540
#vw 00000000
v -316.202500 125.288400 52.746980
#vw 00000000
v -314.389000 107.953800 14.146190
#vw 00000000
v -317.210000 105.290800 15.290130
#vw 00000000
v -319.911200 108.090700 14.221710
#vw 00000000
v -317.185400 104.817900 18.873960
#vw 00000000
v -321.473000 109.272900 17.172110
#vw 00000000
v -314.389000 107.953800 14.146190
#vw 00000000
v -319.911200 108.090700 14.221710
#vw 00000000
v -317.077800 110.753700 13.078720
#vw 00000000
v -316.966600 113.516300 15.371210
#vw 00000000
v -312.690500 109.048900 17.059700
#vw 00000000
v -317.185400 104.817900 18.873960
#vw 00000000
v -314.389000 107.953800 14.146190
#vw 00000000
v -317.210000 105.290800 15.290130
#vw 00000000
v -321.473000 109.272900 17.172110
#vw 00000000
v -316.966600 113.516300 15.371210
#vw 00000000
v -319.911200 108.090700 14.221710
#vw 00000000
v -312.690500 109.048900 17.059700
#vw 00000000
v -314.389000 107.953800 14.146190
#vw 00000000
v -316.966600 113.516300 15.371210
#vw 00000000
v -317.077800 110.753700 13.078720
#vw 00000000
v -317.221200 141.303900 16.737030
#vw 00000000
v -313.011800 145.074500 18.482800
#vw 00000000
v -316.342700 126.395900 52.948390
#vw 00000000
v -314.056700 128.449200 53.897590
#vw 00000000
v -316.342700 126.395900 52.948390
#vw 00000000
v -313.011800 145.074500 18.482800
#vw 00000000
v -317.221200 141.303900 16.737030
#vw 00000000
v -316.342700 126.395900 52.948390
#vw 00000000
v -321.083300 145.273600 18.762100
#vw 00000000
v -318.448900 128.548700 54.047330
#vw 00000000
v -316.874000 149.044100 20.507870
#vw 00000000
v -316.151500 130.614400 55.009900
#vw 00000000
v -313.011800 145.074500 18.482800
#vw 00000000
v -316.874000 149.044100 20.507870
#vw 00000000
v -314.056700 128.449200 53.897590
#vw 00000000
v -316.151500 130.614400 55.009900
#vw 00000000
v -314.574700 146.343800 15.916680
#vw 00000000
v -317.212000 143.966900 14.828200
#vw 00000000
v -319.630200 146.455800 16.090410
#vw 00000000
v -317.221200 141.303900 16.737030
#vw 00000000
v -321.083300 145.273600 18.762100
#vw 00000000
v -314.574700 146.343800 15.916680
#vw 00000000
v -319.630200 146.455800 16.090410
#vw 00000000
v -316.993900 148.832600 17.191300
#vw 00000000
v -316.874000 149.044100 20.507870
#vw 00000000
v -313.011800 145.074500 18.482800
#vw 00000000
v -317.221200 141.303900 16.737030
#vw 00000000
v -314.574700 146.343800 15.916680
#vw 00000000
v -317.212000 143.966900 14.828200
#vw 00000000
v -321.083300 145.273600 18.762100
#vw 00000000
v -316.874000 149.044100 20.507870
#vw 00000000
v -319.630200 146.455800 16.090410
#vw 00000000
v -313.011800 145.074500 18.482800
#vw 00000000
v -314.574700 146.343800 15.916680
#vw 00000000
v -316.874000 149.044100 20.507870
#vw 00000000
v -316.993900 148.832600 17.191300
#vw 00000000
v -320.111400 122.177400 54.568760
#vw 00000000
v -319.908800 128.536300 65.754490
#vw 00000000
v -320.146800 128.237600 54.378840
#vw 00000000
v -320.051200 131.423300 59.965030
#vw 00000000
v -316.293500 130.228700 51.005190
#vw 00000000
v -316.103700 135.057000 60.080700
#vw 00000000
v -319.908800 128.536300 65.754490
#vw 00000000
v -320.111400 122.177400 54.568760
#vw 00000000
v -319.873500 122.488500 65.944420
#vw 00000000
v -319.980500 119.302800 60.344870
#vw 00000000
v -315.913900 120.572100 69.156210
#vw 00000000
v -316.103700 115.743800 60.080690
#vw 00000000
v -315.913900 120.572100 69.156210
#vw 00000000
v -315.913900 130.228700 69.156210
#vw 00000000
v -319.873500 122.488500 65.944420
#vw 00000000
v -319.908800 128.536300 65.754490
#vw 00000000
v -316.103700 135.057000 60.080700
#vw 00000000
v -320.051200 131.423300 59.965030
#vw 00000000
v -315.913900 130.228700 69.156210
#vw 00000000
v -319.908800 128.536300 65.754490
#vw 00000000
v -316.293500 130.228700 51.005190
#vw 00000000
v -316.293500 120.572100 51.005180
#vw 00000000
v -320.146800 128.237600 54.378840
#vw 00000000
v -320.111400 122.177400 54.568760
#vw 00000000
v -316.103700 115.743800 60.080690
#vw 00000000
v -319.980500 119.302800 60.344870
#vw 00000000
v -316.293500 120.572100 51.005180
#vw 00000000
v -320.111400 122.177400 54.568760
#vw 00000000
v -312.083600 122.177400 65.593590
#vw 00000000
v -312.298600 128.536300 54.406910
#vw 00000000
v -312.060600 128.237600 65.782550
#vw 00000000
v -312.156200 131.423300 60.196370
#vw 00000000
v -315.913900 130.228700 69.156210
#vw 00000000
v -316.103700 135.057000 60.080700
#vw 00000000
v -312.298600 128.536300 54.406910
#vw 00000000
v -312.083600 122.177400 65.593590
#vw 00000000
v -312.334000 122.488500 54.216980
#vw 00000000
v -312.226900 119.302800 59.816520
#vw 00000000
v -316.293500 120.572100 51.005180
#vw 00000000
v -316.103700 115.743800 60.080690
#vw 00000000
v -316.293500 120.572100 51.005180
#vw 00000000
v -316.293500 130.228700 51.005190
#vw 00000000
v -312.334000 122.488500 54.216980
#vw 00000000
v -312.298600 128.536300 54.406910
#vw 00000000
v -316.103700 135.057000 60.080700
#vw 00000000
v -312.156200 131.423300 60.196370
#vw 00000000
v -316.293500 130.228700 51.005190
#vw 00000000
v -312.298600 128.536300 54.406910
#vw 00000000
v -315.913900 130.228700 69.156210
#vw 00000000
v -315.913900 120.572100 69.156210
#vw 00000000
v -312.060600 128.237600 65.782550
#vw 00000000
v -312.083600 122.177400 65.593590
#vw 00000000
v -316.103700 115.743800 60.080690
#vw 00000000
v -312.226900 119.302800 59.816520
#vw 00000000
v -315.913900 120.572100 69.156210
#vw 00000000
v -312.083600 122.177400 65.593590
#vw 00000000
v -316.108300 163.939700 60.954000
#vw 00000000
v -315.555900 160.492600 74.575330
#vw 00000000
v -312.670500 162.695300 60.718540
#vw 00000000
v -312.208900 159.385100 73.896080
#vw 00000000
v -315.555900 160.492600 74.575330
#vw 00000000
v -315.088800 151.819200 86.218160
#vw 00000000
v -312.208900 159.385100 73.896080
#vw 00000000
v -311.712300 150.960500 85.154270
#vw 00000000
v -310.238300 156.635000 72.612010
#vw 00000000
v -309.822100 148.907200 82.965430
#vw 00000000
v -315.088800 151.819200 86.218160
#vw 00000000
v -315.555900 160.492600 74.575330
#vw 00000000
v -318.548700 150.972900 85.603230
#vw 00000000
v -318.942200 159.385100 74.303020
#vw 00000000
v -315.555900 160.492600 74.575330
#vw 00000000
v -316.108300 163.939700 60.954000
#vw 00000000
v -318.942200 159.385100 74.303020
#vw 00000000
v -319.530800 162.682800 61.153180
#vw 00000000
v -321.024000 156.622600 73.294610
#vw 00000000
v -321.484500 159.696200 61.240410
#vw 00000000
v -317.106800 152.478700 35.416860
#vw 00000000
v -316.643600 160.841100 47.271580
#vw 00000000
v -313.658400 151.620100 36.018420
#vw 00000000
v -313.255300 159.746000 47.519070
#vw 00000000
v -316.643600 160.841100 47.271580
#vw 00000000
v -316.108300 163.939700 60.954000
#vw 00000000
v -313.255300 159.746000 47.519070
#vw 00000000
v -312.670500 162.695300 60.718540
#vw 00000000
v -311.180200 156.958500 48.452090
#vw 00000000
v -310.711200 159.721100 60.556860
#vw 00000000
v -316.108300 163.939700 60.954000
#vw 00000000
v -316.643600 160.841100 47.271580
#vw 00000000
v -319.530800 162.682800 61.153180
#vw 00000000
v -319.988600 159.708700 47.926010
#vw 00000000
v -316.643600 160.841100 47.271580
#vw 00000000
v -317.106800 152.478700 35.416860
#vw 00000000
v -319.988600 159.708700 47.926010
#vw 00000000
v -320.494800 151.582700 36.467380
#vw 00000000
v -321.966900 156.933700 49.147090
#vw 00000000
v -322.368800 149.467200 38.607540
#vw 00000000
v -317.554800 126.097300 23.850360
#vw 00000000
v -317.432900 140.296000 27.142130
#vw 00000000
v -314.071000 126.084800 24.804110
#vw 00000000
v -314.015000 139.848000 27.978490
#vw 00000000
v -317.432900 140.296000 27.142130
#vw 00000000
v -317.106800 152.478700 35.416860
#vw 00000000
v -314.015000 139.848000 27.978490
#vw 00000000
v -313.658400 151.620100 36.018420
#vw 00000000
v -311.582200 149.504600 37.912540
#vw 00000000
v -311.582200 149.504600 37.912540
#vw 00000000
v -311.864200 138.665800 30.527320
#vw 00000000
v -314.015000 139.848000 27.978490
#vw 00000000
v -317.432900 140.296000 27.142130
#vw 00000000
v -320.738800 139.810600 28.423590
#vw 00000000
v -317.106800 152.478700 35.416860
#vw 00000000
v -320.494800 151.582700 36.467380
#vw 00000000
v -317.554800 126.097300 23.850360
#vw 00000000
v -320.908300 126.072400 25.265460
#vw 00000000
v -317.432900 140.296000 27.142130
#vw 00000000
v -320.738800 139.810600 28.423590
#vw 00000000
v -320.908300 126.072400 25.265460
#vw 00000000
v -322.750700 126.035000 28.294190
#vw 00000000
v -320.738800 139.810600 28.423590
#vw 00000000
v -322.651900 138.640900 31.234730
#vw 00000000
v -317.095500 99.442050 34.781200
#vw 00000000
v -317.419600 111.811500 26.806160
#vw 00000000
v -313.636600 100.275800 35.408540
#vw 00000000
v -314.015100 112.259500 27.653980
#vw 00000000
v -317.419600 111.811500 26.806160
#vw 00000000
v -317.554800 126.097300 23.850360
#vw 00000000
v -314.015100 112.259500 27.653980
#vw 00000000
v -314.071000 126.084800 24.804110
#vw 00000000
v -311.975500 126.059900 27.585820
#vw 00000000
v -311.975500 126.059900 27.585820
#vw 00000000
v -311.853800 113.379400 30.228570
#vw 00000000
v -314.015100 112.259500 27.653980
#vw 00000000
v -317.554800 126.097300 23.850360
#vw 00000000
v -317.419600 111.811500 26.806160
#vw 00000000
v -320.908300 126.072400 25.265460
#vw 00000000
v -320.726400 112.271900 28.100040
#vw 00000000
v -317.419600 111.811500 26.806160
#vw 00000000
v -317.095500 99.442050 34.781200
#vw 00000000
v -320.726400 112.271900 28.100040
#vw 00000000
v -320.485400 100.288200 35.856540
#vw 00000000
v -322.363300 102.341500 38.046330
#vw 00000000
v -322.363300 102.341500 38.046330
#vw 00000000
v -322.641400 113.367000 30.935990
#vw 00000000
v -320.726400 112.271900 28.100040
#vw 00000000
v -316.629400 90.768530 46.436450
#vw 00000000
v -313.243000 91.863620 46.708750
#vw 00000000
v -316.089400 87.309090 60.056820
#vw 00000000
v -312.654500 88.565940 59.858590
#vw 00000000
v -317.095500 99.442050 34.781200
#vw 00000000
v -313.636600 100.275800 35.408540
#vw 00000000
v -316.629400 90.768530 46.436450
#vw 00000000
v -313.243000 91.863620 46.708750
#vw 00000000
v -313.636600 100.275800 35.408540
#vw 00000000
v -311.576500 102.354000 37.351330
#vw 00000000
v -313.243000 91.863620 46.708750
#vw 00000000
v -311.161300 94.626200 47.717170
#vw 00000000
v -317.095500 99.442050 34.781200
#vw 00000000
v -316.629400 90.768530 46.436450
#vw 00000000
v -320.485400 100.288200 35.856540
#vw 00000000
v -319.976400 91.876060 47.115690
#vw 00000000
v -316.089400 87.309090 60.056820
#vw 00000000
v -319.512800 88.553490 60.268410
#vw 00000000
v -316.629400 90.768530 46.436450
#vw 00000000
v -319.976400 91.876060 47.115690
#vw 00000000
v -319.512800 88.553490 60.268410
#vw 00000000
v -321.472200 91.527630 60.430090
#vw 00000000
v -319.976400 91.876060 47.115690
#vw 00000000
v -321.947000 94.613750 48.399770
#vw 00000000
v -315.078500 98.782500 85.594910
#vw 00000000
v -315.541700 90.420090 73.740190
#vw 00000000
v -311.690500 99.666030 84.544390
#vw 00000000
v -312.196700 91.552510 73.085770
#vw 00000000
v -316.089400 87.309090 60.056820
#vw 00000000
v -312.654500 88.565940 59.858590
#vw 00000000
v -315.541700 90.420090 73.740190
#vw 00000000
v -312.196700 91.552510 73.085770
#vw 00000000
v -312.654500 88.565940 59.858590
#vw 00000000
v -310.700800 91.552510 59.771360
#vw 00000000
v -312.196700 91.552510 73.085770
#vw 00000000
v -310.218400 94.327530 71.864690
#vw 00000000
v -315.541700 90.420090 73.740190
#vw 00000000
v -318.930000 91.515170 73.492710
#vw 00000000
v -316.089400 87.309090 60.056820
#vw 00000000
v -319.512800 88.553490 60.268410
#vw 00000000
v -315.078500 98.782500 85.594910
#vw 00000000
v -318.539300 99.641140 84.992390
#vw 00000000
v -315.541700 90.420090 73.740190
#vw 00000000
v -318.930000 91.515170 73.492710
#vw 00000000
v -318.539300 99.641140 84.992390
#vw 00000000
v -320.603100 101.744200 83.099230
#vw 00000000
v -318.930000 91.515170 73.492710
#vw 00000000
v -321.005100 94.290200 72.559680
#vw 00000000
v -314.630500 125.151500 97.161420
#vw 00000000
v -314.752400 110.952800 93.869640
#vw 00000000
v -311.276000 125.176400 95.733910
#vw 00000000
v -311.446500 111.438100 92.588180
#vw 00000000
v -314.752400 110.952800 93.869640
#vw 00000000
v -315.078500 98.782500 85.594910
#vw 00000000
v -311.446500 111.438100 92.588180
#vw 00000000
v -311.690500 99.666030 84.544390
#vw 00000000
v -309.816500 101.781500 82.404220
#vw 00000000
v -309.816500 101.781500 82.404220
#vw 00000000
v -309.533400 112.607900 89.777050
#vw 00000000
v -311.446500 111.438100 92.588180
#vw 00000000
v -314.752400 110.952800 93.869640
#vw 00000000
v -318.170300 111.400800 93.033290
#vw 00000000
v -315.078500 98.782500 85.594910
#vw 00000000
v -318.539300 99.641140 84.992390
#vw 00000000
v -314.752400 110.952800 93.869640
#vw 00000000
v -314.630500 125.151500 97.161420
#vw 00000000
v -318.170300 111.400800 93.033290
#vw 00000000
v -318.113400 125.163900 96.195260
#vw 00000000
v -320.209800 125.201300 93.425960
#vw 00000000
v -320.209800 125.201300 93.425960
#vw 00000000
v -320.320100 112.583000 90.472050
#vw 00000000
v -318.170300 111.400800 93.033290
#vw 00000000
v -314.765700 139.437300 94.205600
#vw 00000000
v -311.458900 138.989300 92.911740
#vw 00000000
v -315.088800 151.819200 86.218160
#vw 00000000
v -311.712300 150.960500 85.154270
#vw 00000000
v -314.630500 125.151500 97.161420
#vw 00000000
v -311.276000 125.176400 95.733910
#vw 00000000
v -314.765700 139.437300 94.205600
#vw 00000000
v -311.458900 138.989300 92.911740
#vw 00000000
v -311.276000 125.176400 95.733910
#vw 00000000
v -309.434600 125.213700 92.717600
#vw 00000000
v -311.458900 138.989300 92.911740
#vw 00000000
v -309.543900 137.894200 90.075780
#vw 00000000
v -314.630500 125.151500 97.161420
#vw 00000000
v -314.765700 139.437300 94.205600
#vw 00000000
v -318.113400 125.163900 96.195260
#vw 00000000
v -318.170200 139.001800 93.357800
#vw 00000000
v -315.088800 151.819200 86.218160
#vw 00000000
v -318.548700 150.972900 85.603230
#vw 00000000
v -314.765700 139.437300 94.205600
#vw 00000000
v -318.170200 139.001800 93.357800
#vw 00000000
v -318.548700 150.972900 85.603230
#vw 00000000
v -320.608700 148.907200 83.660440
#vw 00000000
v -318.170200 139.001800 93.357800
#vw 00000000
v -320.330600 137.881800 90.770790
#vw 00000000
v -319.375100 153.810200 71.973370
#vw 00000000
v -319.738900 156.560300 61.099770
#vw 00000000
v -315.709300 152.565800 71.206260
#vw 00000000
v -316.099700 155.216400 60.842330
#vw 00000000
v -319.375100 153.810200 71.973370
#vw 00000000
v -315.709300 152.565800 71.206260
#vw 00000000
v -318.935100 146.754400 81.367610
#vw 00000000
v -315.377300 145.846000 80.217800
#vw 00000000
v -318.935100 146.754400 81.367610
#vw 00000000
v -320.608700 148.907200 83.660440
#vw 00000000
v -319.375100 153.810200 71.973370
#vw 00000000
v -312.824400 154.108900 49.711280
#vw 00000000
v -312.451000 156.572800 60.623050
#vw 00000000
v -316.487400 152.839600 50.441170
#vw 00000000
v -316.099700 155.216400 60.842330
#vw 00000000
v -312.824400 154.108900 49.711280
#vw 00000000
v -316.487400 152.839600 50.441170
#vw 00000000
v -313.263400 147.302000 40.142380
#vw 00000000
v -316.819300 146.356200 41.267380
#vw 00000000
v -313.263400 147.302000 40.142380
#vw 00000000
v -311.582200 149.504600 37.912540
#vw 00000000
v -312.824400 154.108900 49.711280
#vw 00000000
v -313.605000 126.022600 30.768170
#vw 00000000
v -317.142800 125.997700 32.306420
#vw 00000000
v -313.436600 114.524300 33.127450
#vw 00000000
v -317.055500 115.009600 34.584590
#vw 00000000
v -316.820400 105.402800 40.793030
#vw 00000000
v -313.250200 104.494300 39.644170
#vw 00000000
v -320.488300 104.494300 40.124690
#vw 00000000
v -316.820400 105.402800 40.793030
#vw 00000000
v -320.813200 114.511800 33.622320
#vw 00000000
v -317.055500 115.009600 34.584590
#vw 00000000
v -317.142800 125.997700 32.306420
#vw 00000000
v -320.844200 125.997700 31.261100
#vw 00000000
v -312.810300 97.438560 49.038400
#vw 00000000
v -316.476000 98.682960 49.805510
#vw 00000000
v -312.446400 94.688420 59.912000
#vw 00000000
v -316.096100 96.044820 60.143680
#vw 00000000
v -311.161300 94.626200 47.717170
#vw 00000000
v -312.810300 97.438560 49.038400
#vw 00000000
v -310.700800 91.552510 59.771360
#vw 00000000
v -312.446400 94.688420 59.912000
#vw 00000000
v -319.732400 94.675970 60.363900
#vw 00000000
v -316.096100 96.044820 60.143680
#vw 00000000
v -320.199200 97.426110 49.532320
#vw 00000000
v -316.476000 98.682960 49.805510
#vw 00000000
v -320.488300 104.494300 40.124690
#vw 00000000
v -316.820400 105.402800 40.793030
#vw 00000000
v -312.446400 94.688420 59.912000
#vw 00000000
v -316.096100 96.044820 60.143680
#vw 00000000
v -311.971900 97.164780 70.806580
#vw 00000000
v -315.710400 98.421630 70.569660
#vw 00000000
v -311.695100 103.984100 80.375500
#vw 00000000
v -315.365000 104.892500 79.731990
#vw 00000000
v -319.373300 97.152330 71.299550
#vw 00000000
v -315.710400 98.421630 70.569660
#vw 00000000
v -319.732400 94.675970 60.363900
#vw 00000000
v -316.096100 96.044820 60.143680
#vw 00000000
v -321.005100 94.290200 72.559680
#vw 00000000
v -319.373300 97.152330 71.299550
#vw 00000000
v -321.472200 91.527630 60.430090
#vw 00000000
v -319.732400 94.675970 60.363900
#vw 00000000
v -311.695100 103.984100 80.375500
#vw 00000000
v -315.365000 104.892500 79.731990
#vw 00000000
v -311.376000 113.827400 87.114580
#vw 00000000
v -315.122300 114.337600 86.165660
#vw 00000000
v -315.042500 125.263500 88.705360
#vw 00000000
v -311.341100 125.251100 89.750680
#vw 00000000
v -315.122300 114.337600 86.165660
#vw 00000000
v -315.365000 104.892500 79.731990
#vw 00000000
v -318.920900 103.959200 80.856980
#vw 00000000
v -282.920700 8.991137 -9.290754
#vw 00000000
v -282.920700 2.044750 -9.290754
#vw 00000000
v -260.505200 8.991133 -0.991247
#vw 00000000
v -260.505200 8.991133 -0.991247
#vw 00000000
v -282.920700 2.044750 -9.290754
#vw 00000000
v -260.505200 2.044746 -0.991247
#vw 00000000
v -260.505200 8.991133 -0.991247
#vw 00000000
v -260.505200 2.044746 -0.991247
#vw 00000000
v -238.786300 8.991129 -10.972310
#vw 00000000
v -238.786300 8.991129 -10.972310
#vw 00000000
v -260.505200 2.044746 -0.991247
#vw 00000000
v -238.786300 2.044743 -10.972310
#vw 00000000
v -260.505200 8.991133 -0.991247
#vw 00000000
v -260.497300 10.959170 -4.365328
#vw 00000000
v -282.920700 8.991137 -9.290754
#vw 00000000
v -280.490600 10.959170 -11.769580
#vw 00000000
v -292.901700 8.991138 -31.009710
#vw 00000000
v -289.394800 10.959180 -31.143330
#vw 00000000
v -281.990600 10.959170 -51.138440
#vw 00000000
v -238.786300 8.991129 -10.972310
#vw 00000000
v -241.121800 10.959170 -13.269570
#vw 00000000
v -260.505200 8.991133 -0.991247
#vw 00000000
v -260.497300 10.959170 -4.365328
#vw 00000000
v -281.706500 65.515040 -10.601060
#vw 00000000
v -260.573200 65.515040 -2.775198
#vw 00000000
v -281.447800 79.220570 -10.880240
#vw 00000000
v -260.587600 79.220570 -3.155296
#vw 00000000
v -260.573200 65.515040 -2.775198
#vw 00000000
v -240.096600 65.515030 -12.186430
#vw 00000000
v -260.587600 79.220570 -3.155296
#vw 00000000
v -240.375700 79.220570 -12.445120
#vw 00000000
v -260.587600 79.220570 -3.155296
#vw 00000000
v -260.799500 93.244410 -8.715128
#vw 00000000
v -281.447800 79.220570 -10.880240
#vw 00000000
v -277.665800 93.244410 -14.961910
#vw 00000000
v -240.375700 79.220570 -12.445120
#vw 00000000
v -244.457400 93.244410 -16.227180
#vw 00000000
v -260.587600 79.220570 -3.155296
#vw 00000000
v -260.799500 93.244410 -8.715128
#vw 00000000
v -260.573200 65.515040 -2.775198
#vw 00000000
v -281.706500 65.515040 -10.601060
#vw 00000000
v -260.836200 53.296970 -9.677923
#vw 00000000
v -277.012200 53.296970 -15.667320
#vw 00000000
v -260.836200 53.296970 -9.677923
#vw 00000000
v -281.706500 65.515040 -10.601060
#vw 00000000
v -240.096600 65.515030 -12.186430
#vw 00000000
v -260.573200 65.515040 -2.775198
#vw 00000000
v -245.162800 53.296960 -16.880810
#vw 00000000
v -260.836200 53.296970 -9.677923
#vw 00000000
v -245.162800 53.296960 -16.880810
#vw 00000000
v -260.573200 65.515040 -2.775198
#vw 00000000
v -280.490600 10.959170 -11.769580
#vw 00000000
v -260.497300 10.959170 -4.365328
#vw 00000000
v -274.704000 53.733850 -17.951180
#vw 00000000
v -260.755300 53.733840 -12.785460
#vw 00000000
v -260.497300 10.959170 -4.365328
#vw 00000000
v -241.121800 10.959170 -13.269570
#vw 00000000
v -260.755300 53.733840 -12.785460
#vw 00000000
v -241.121800 10.959170 -13.269570
#vw 00000000
v -247.238300 53.733840 -18.997650
#vw 00000000
v -260.755300 53.733840 -12.785460
#vw 00000000
v -275.274700 95.797030 -14.410220
#vw 00000000
v -260.815300 94.708990 -9.129293
#vw 00000000
v -272.385700 101.667900 -16.719800
#vw 00000000
v -260.945300 100.806600 -12.543000
#vw 00000000
v -261.130500 104.732300 -17.403600
#vw 00000000
v -249.855900 101.667900 -17.578210
#vw 00000000
v -253.687600 105.310600 -20.784450
#vw 00000000
v -245.614600 103.746200 -28.879210
#vw 00000000
v -250.839900 106.706500 -28.369490
#vw 00000000
v -250.703400 105.824500 -39.821120
#vw 00000000
v -254.256500 108.100400 -35.714060
#vw 00000000
v -262.143800 106.685700 -43.997920
#vw 00000000
v -261.935000 108.678700 -38.518770
#vw 00000000
v -269.377900 108.100400 -35.137920
#vw 00000000
v -266.373400 113.191100 -31.541060
#vw 00000000
v -272.225800 106.706500 -27.554670
#vw 00000000
v -268.143800 112.323600 -26.828600
#vw 00000000
v -268.809100 105.310600 -20.208310
#vw 00000000
v -266.019900 111.458100 -22.262720
#vw 00000000
v -261.130500 104.732300 -17.403600
#vw 00000000
v -261.249200 111.098200 -20.519690
#vw 00000000
v -256.625000 111.458100 -22.620670
#vw 00000000
v -260.815300 94.708990 -9.129293
#vw 00000000
v -246.799600 95.797030 -15.495150
#vw 00000000
v -260.945300 100.806600 -12.543000
#vw 00000000
v -249.855900 101.667900 -17.578210
#vw 00000000
v -236.454000 2.044742 -19.457020
#vw 00000000
v -234.381100 8.991128 -18.210900
#vw 00000000
v -238.786300 2.044743 -10.972310
#vw 00000000
v -234.381100 8.991128 -18.210900
#vw 00000000
v -238.786300 8.991129 -10.972310
#vw 00000000
v -238.786300 2.044743 -10.972310
#vw 00000000
v -234.381100 8.991128 -18.210900
#vw 00000000
v -237.272600 10.959170 -19.406080
#vw 00000000
v -238.786300 8.991129 -10.972310
#vw 00000000
v -241.121800 10.959170 -13.269570
#vw 00000000
v -277.665800 93.244410 -14.961910
#vw 00000000
v -260.799500 93.244410 -8.715128
#vw 00000000
v -270.853600 103.843900 -22.313760
#vw 00000000
v -260.799500 93.244410 -8.715128
#vw 00000000
v -261.181200 103.843900 -18.732150
#vw 00000000
v -270.853600 103.843900 -22.313760
#vw 00000000
v -260.799500 93.244410 -8.715128
#vw 00000000
v -244.457400 93.244410 -16.227180
#vw 00000000
v -261.181200 103.843900 -18.732150
#vw 00000000
v -244.457400 93.244410 -16.227180
#vw 00000000
v -251.809200 103.843900 -23.039370
#vw 00000000
v -261.181200 103.843900 -18.732150
#vw 00000000
v -272.385700 101.667900 -16.719800
#vw 00000000
v -261.130500 104.732300 -17.403600
#vw 00000000
v -268.809100 105.310600 -20.208310
#vw 00000000
v -260.836200 53.296970 -9.677923
#vw 00000000
v -277.012200 53.296970 -15.667320
#vw 00000000
v -261.229900 45.664050 -20.010500
#vw 00000000
v -269.982700 45.664050 -23.253680
#vw 00000000
v -261.229900 45.664050 -20.010500
#vw 00000000
v -277.012200 53.296970 -15.667320
#vw 00000000
v -245.162800 53.296960 -16.880810
#vw 00000000
v -260.836200 53.296970 -9.677923
#vw 00000000
v -252.749200 45.664050 -23.910290
#vw 00000000
v -261.229900 45.664050 -20.010500
#vw 00000000
v -252.749200 45.664050 -23.910290
#vw 00000000
v -260.836200 53.296970 -9.677923
#vw 00000000
v -247.238300 53.733840 -18.997650
#vw 00000000
v -241.121800 10.959170 -13.269570
#vw 00000000
v -240.119700 33.450150 -24.574630
#vw 00000000
v -237.272600 10.959170 -19.406080
#vw 00000000
v -253.687600 105.310600 -20.784450
#vw 00000000
v -256.625000 111.458100 -22.620670
#vw 00000000
v -261.130500 104.732300 -17.403600
#vw 00000000
v -220.537700 10.692870 -23.959720
#vw 00000000
v -223.410000 12.660920 -24.699560
#vw 00000000
v -234.381100 8.991128 -18.210900
#vw 00000000
v -237.272600 10.959170 -19.406080
#vw 00000000
v -234.381100 8.991128 -18.210900
#vw 00000000
v -236.454000 2.044742 -19.457020
#vw 00000000
v -220.537700 10.692870 -23.959720
#vw 00000000
v -236.454000 2.044742 -19.457020
#vw 00000000
v -226.219900 2.044741 -24.605070
#vw 00000000
v -220.537700 10.692870 -23.959720
#vw 00000000
v -282.920700 8.991137 -9.290754
#vw 00000000
v -292.901700 8.991138 -31.009710
#vw 00000000
v -282.920700 2.044750 -9.290754
#vw 00000000
v -292.901700 2.044752 -31.009710
#vw 00000000
v -291.117800 65.515040 -31.077680
#vw 00000000
v -281.706500 65.515040 -10.601060
#vw 00000000
v -290.737700 79.220580 -31.092160
#vw 00000000
v -281.706500 65.515040 -10.601060
#vw 00000000
v -281.447800 79.220570 -10.880240
#vw 00000000
v -290.737700 79.220580 -31.092160
#vw 00000000
v -240.096600 65.515030 -12.186430
#vw 00000000
v -232.270700 65.515030 -33.319810
#vw 00000000
v -240.375700 79.220570 -12.445120
#vw 00000000
v -232.650800 79.220570 -33.305320
#vw 00000000
v -247.238300 53.733840 -18.997650
#vw 00000000
v -240.119700 33.450150 -24.574630
#vw 00000000
v -243.977200 53.750480 -22.050390
#vw 00000000
v -240.119700 33.450150 -24.574630
#vw 00000000
v -236.674700 34.099220 -25.108090
#vw 00000000
v -243.977200 53.750480 -22.050390
#vw 00000000
v -223.410000 12.660920 -24.699560
#vw 00000000
v -229.146800 7.774105 -26.728980
#vw 00000000
v -237.272600 10.959170 -19.406080
#vw 00000000
v -237.403900 9.321909 -22.853860
#vw 00000000
v -237.272600 10.959170 -19.406080
#vw 00000000
v -229.146800 7.774105 -26.728980
#vw 00000000
v -281.709000 98.424550 -28.243730
#vw 00000000
v -275.274700 95.797030 -14.410220
#vw 00000000
v -277.474700 103.746200 -27.665310
#vw 00000000
v -272.385700 101.667900 -16.719800
#vw 00000000
v -268.809100 105.310600 -20.208310
#vw 00000000
v -246.799600 95.797030 -15.495150
#vw 00000000
v -241.436500 98.424550 -29.778140
#vw 00000000
v -249.855900 101.667900 -17.578210
#vw 00000000
v -245.614600 103.746200 -28.879210
#vw 00000000
v -281.447800 79.220570 -10.880240
#vw 00000000
v -277.665800 93.244410 -14.961910
#vw 00000000
v -290.737700 79.220580 -31.092160
#vw 00000000
v -277.665800 93.244410 -14.961910
#vw 00000000
v -285.177900 93.244420 -31.304000
#vw 00000000
v -290.737700 79.220580 -31.092160
#vw 00000000
v -232.650800 79.220570 -33.305320
#vw 00000000
v -238.210600 93.244400 -33.093490
#vw 00000000
v -240.375700 79.220570 -12.445120
#vw 00000000
v -238.210600 93.244400 -33.093490
#vw 00000000
v -244.457400 93.244410 -16.227180
#vw 00000000
v -240.375700 79.220570 -12.445120
#vw 00000000
v -281.706500 65.515040 -10.601060
#vw 00000000
v -291.117800 65.515040 -31.077680
#vw 00000000
v -277.012200 53.296970 -15.667320
#vw 00000000
v -284.215100 53.296970 -31.340680
#vw 00000000
v -277.012200 53.296970 -15.667320
#vw 00000000
v -291.117800 65.515040 -31.077680
#vw 00000000
v -232.270700 65.515030 -33.319810
#vw 00000000
v -240.096600 65.515030 -12.186430
#vw 00000000
v -239.173400 53.296960 -33.056800
#vw 00000000
v -245.162800 53.296960 -16.880810
#vw 00000000
v -239.173400 53.296960 -33.056800
#vw 00000000
v -240.096600 65.515030 -12.186430
#vw 00000000
v -277.474700 103.746200 -27.665310
#vw 00000000
v -268.809100 105.310600 -20.208310
#vw 00000000
v -272.225800 106.706500 -27.554670
#vw 00000000
v -237.403900 9.321909 -22.853860
#vw 00000000
v -255.407700 16.145560 -23.846710
#vw 00000000
v -240.119700 33.450150 -24.574630
#vw 00000000
v -259.275900 33.450150 -25.229110
#vw 00000000
v -289.394800 10.959180 -31.143330
#vw 00000000
v -280.490600 10.959170 -11.769580
#vw 00000000
v -280.916100 53.733850 -31.466370
#vw 00000000
v -274.704000 53.733850 -17.951180
#vw 00000000
v -261.343700 117.297800 -22.997500
#vw 00000000
v -260.221900 117.878200 -24.092410
#vw 00000000
v -262.545500 117.878200 -24.003880
#vw 00000000
v -261.423700 118.458600 -25.098800
#vw 00000000
v -262.545500 117.878200 -24.003880
#vw 00000000
v -265.156200 110.636400 -26.455840
#vw 00000000
v -261.343700 117.297800 -22.997500
#vw 00000000
v -261.354200 108.803600 -23.275400
#vw 00000000
v -260.221900 117.878200 -24.092410
#vw 00000000
v -261.343700 117.297800 -22.997500
#vw 00000000
v -257.805300 110.636400 -26.735920
#vw 00000000
v -261.354200 108.803600 -23.275400
#vw 00000000
v -250.839900 106.706500 -28.369490
#vw 00000000
v -254.854700 112.323600 -27.334920
#vw 00000000
v -253.687600 105.310600 -20.784450
#vw 00000000
v -256.625000 111.458100 -22.620670
#vw 00000000
v -268.143800 112.323600 -26.828600
#vw 00000000
v -266.019900 111.458100 -22.262720
#vw 00000000
v -254.854700 112.323600 -27.334920
#vw 00000000
v -256.625000 111.458100 -22.620670
#vw 00000000
v -285.177900 93.244420 -31.304000
#vw 00000000
v -277.665800 93.244410 -14.961910
#vw 00000000
v -275.160800 103.843900 -31.685650
#vw 00000000
v -277.665800 93.244410 -14.961910
#vw 00000000
v -270.853600 103.843900 -22.313760
#vw 00000000
v -275.160800 103.843900 -31.685650
#vw 00000000
v -244.457400 93.244410 -16.227180
#vw 00000000
v -238.210600 93.244400 -33.093490
#vw 00000000
v -251.809200 103.843900 -23.039370
#vw 00000000
v -238.210600 93.244400 -33.093490
#vw 00000000
v -248.227600 103.843900 -32.711830
#vw 00000000
v -251.809200 103.843900 -23.039370
#vw 00000000
v -277.012200 53.296970 -15.667320
#vw 00000000
v -284.215100 53.296970 -31.340680
#vw 00000000
v -269.982700 45.664050 -23.253680
#vw 00000000
v -273.882500 45.664060 -31.734360
#vw 00000000
v -269.982700 45.664050 -23.253680
#vw 00000000
v -284.215100 53.296970 -31.340680
#vw 00000000
v -239.173400 53.296960 -33.056800
#vw 00000000
v -245.162800 53.296960 -16.880810
#vw 00000000
v -249.506000 45.664050 -32.663120
#vw 00000000
v -252.749200 45.664050 -23.910290
#vw 00000000
v -249.506000 45.664050 -32.663120
#vw 00000000
v -245.162800 53.296960 -16.880810
#vw 00000000
v -240.119700 33.450150 -24.574630
#vw 00000000
v -237.272600 10.959170 -19.406080
#vw 00000000
v -237.403900 9.321909 -22.853860
#vw 00000000
v -256.625000 111.458100 -22.620670
#vw 00000000
v -266.019900 111.458100 -22.262720
#vw 00000000
v -261.249200 111.098200 -20.519690
#vw 00000000
v -261.423700 118.458600 -25.098800
#vw 00000000
v -261.607300 112.469200 -29.916360
#vw 00000000
v -262.545500 117.878200 -24.003880
#vw 00000000
v -265.156200 110.636400 -26.455840
#vw 00000000
v -261.423700 118.458600 -25.098800
#vw 00000000
v -260.221900 117.878200 -24.092410
#vw 00000000
v -261.607300 112.469200 -29.916360
#vw 00000000
v -257.805300 110.636400 -26.735920
#vw 00000000
v -217.224500 10.692870 -33.893070
#vw 00000000
v -220.066300 12.660910 -33.784800
#vw 00000000
v -220.537700 10.692870 -23.959720
#vw 00000000
v -223.410000 12.660920 -24.699560
#vw 00000000
v -220.537700 10.692870 -23.959720
#vw 00000000
v -226.219900 2.044741 -24.605070
#vw 00000000
v -217.224500 10.692870 -33.893070
#vw 00000000
v -222.875700 2.044740 -33.674170
#vw 00000000
v -226.896200 2.044741 -42.354930
#vw 00000000
v -220.066300 12.660910 -33.784800
#vw 00000000
v -226.474200 7.774105 -33.540650
#vw 00000000
v -223.410000 12.660920 -24.699560
#vw 00000000
v -229.146800 7.774105 -26.728980
#vw 00000000
v -226.474200 7.774105 -33.540650
#vw 00000000
v -237.403900 9.321909 -22.853860
#vw 00000000
v -229.146800 7.774105 -26.728980
#vw 00000000
v -268.143800 112.323600 -26.828600
#vw 00000000
v -254.854700 112.323600 -27.334920
#vw 00000000
v -266.373400 113.191100 -31.541060
#vw 00000000
v -256.978500 113.191100 -31.899010
#vw 00000000
v -261.749100 113.551000 -33.640250
#vw 00000000
v -254.256500 108.100400 -35.714060
#vw 00000000
v -256.978500 113.191100 -31.899010
#vw 00000000
v -250.839900 106.706500 -28.369490
#vw 00000000
v -254.854700 112.323600 -27.334920
#vw 00000000
v -244.800800 53.750480 -43.665780
#vw 00000000
v -243.977200 53.750480 -22.050390
#vw 00000000
v -237.287800 34.099220 -41.201300
#vw 00000000
v -236.674700 34.099220 -25.108090
#vw 00000000
v -240.119700 33.450150 -24.574630
#vw 00000000
v -240.763500 33.450150 -41.472860
#vw 00000000
v -236.674700 34.099220 -25.108090
#vw 00000000
v -237.287800 34.099220 -41.201300
#vw 00000000
v -240.763500 33.450150 -41.472860
#vw 00000000
v -240.119700 33.450150 -24.574630
#vw 00000000
v -259.816100 33.450150 -39.407490
#vw 00000000
v -259.275900 33.450150 -25.229110
#vw 00000000
v -238.197500 9.321909 -43.682160
#vw 00000000
v -237.403900 9.321909 -22.853860
#vw 00000000
v -226.474200 7.774105 -33.540650
#vw 00000000
v -255.407700 16.145560 -23.846710
#vw 00000000
v -256.073500 16.145560 -41.322260
#vw 00000000
v -259.275900 33.450150 -25.229110
#vw 00000000
v -259.816100 33.450150 -39.407490
#vw 00000000
v -237.403900 9.321909 -22.853860
#vw 00000000
v -238.197500 9.321909 -43.682160
#vw 00000000
v -255.407700 16.145560 -23.846710
#vw 00000000
v -256.073500 16.145560 -41.322260
#vw 00000000
v -277.474700 103.746200 -27.665310
#vw 00000000
v -272.225800 106.706500 -27.554670
#vw 00000000
v -273.233200 105.824500 -38.962720
#vw 00000000
v -269.377900 108.100400 -35.137920
#vw 00000000
v -262.143800 106.685700 -43.997920
#vw 00000000
v -266.373400 113.191100 -31.541060
#vw 00000000
v -261.749100 113.551000 -33.640250
#vw 00000000
v -261.935000 108.678700 -38.518770
#vw 00000000
v -254.256500 108.100400 -35.714060
#vw 00000000
v -261.749100 113.551000 -33.640250
#vw 00000000
v -256.978500 113.191100 -31.899010
#vw 00000000
v -254.256500 108.100400 -35.714060
#vw 00000000
v -276.345900 101.052100 -42.524940
#vw 00000000
v -281.709000 98.424550 -28.243730
#vw 00000000
v -273.233200 105.824500 -38.962720
#vw 00000000
v -277.474700 103.746200 -27.665310
#vw 00000000
v -241.436500 98.424550 -29.778140
#vw 00000000
v -247.870800 101.052100 -43.609860
#vw 00000000
v -245.614600 103.746200 -28.879210
#vw 00000000
v -250.703400 105.824500 -39.821120
#vw 00000000
v -238.197500 9.321909 -43.682160
#vw 00000000
v -226.474200 7.774105 -33.540650
#vw 00000000
v -229.663600 7.774105 -40.294180
#vw 00000000
v -220.066300 12.660910 -33.784800
#vw 00000000
v -224.104300 12.660920 -42.922760
#vw 00000000
v -226.474200 7.774105 -33.540650
#vw 00000000
v -229.663600 7.774105 -40.294180
#vw 00000000
v -221.279500 10.692870 -43.430790
#vw 00000000
v -217.224500 10.692870 -33.893070
#vw 00000000
v -226.896200 2.044741 -42.354930
#vw 00000000
v -221.279500 10.692870 -43.430790
#vw 00000000
v -224.104300 12.660920 -42.922760
#vw 00000000
v -217.224500 10.692870 -33.893070
#vw 00000000
v -220.066300 12.660910 -33.784800
#vw 00000000
v -284.215100 53.296970 -31.340680
#vw 00000000
v -278.225600 53.296970 -47.516680
#vw 00000000
v -273.882500 45.664060 -31.734360
#vw 00000000
v -270.639300 45.664050 -40.487190
#vw 00000000
v -273.882500 45.664060 -31.734360
#vw 00000000
v -278.225600 53.296970 -47.516680
#vw 00000000
v -246.376300 53.296960 -48.730160
#vw 00000000
v -239.173400 53.296960 -33.056800
#vw 00000000
v -253.405800 45.664050 -41.143800
#vw 00000000
v -249.506000 45.664050 -32.663120
#vw 00000000
v -238.338600 10.959170 -47.384530
#vw 00000000
v -240.763500 33.450150 -41.472860
#vw 00000000
v -238.197500 9.321909 -43.682160
#vw 00000000
v -278.931100 93.244410 -48.170300
#vw 00000000
v -285.177900 93.244420 -31.304000
#vw 00000000
v -271.579200 103.843900 -41.358120
#vw 00000000
v -275.160800 103.843900 -31.685650
#vw 00000000
v -238.210600 93.244400 -33.093490
#vw 00000000
v -245.722700 93.244410 -49.435570
#vw 00000000
v -248.227600 103.843900 -32.711830
#vw 00000000
v -245.722700 93.244410 -49.435570
#vw 00000000
v -252.534900 103.843900 -42.083720
#vw 00000000
v -248.227600 103.843900 -32.711830
#vw 00000000
v -281.990600 10.959170 -51.138440
#vw 00000000
v -289.394800 10.959180 -31.143330
#vw 00000000
v -275.750400 53.733850 -45.415070
#vw 00000000
v -280.916100 53.733850 -31.466370
#vw 00000000
v -238.197500 9.321909 -43.682160
#vw 00000000
v -240.763500 33.450150 -41.472860
#vw 00000000
v -256.073500 16.145560 -41.322260
#vw 00000000
v -259.816100 33.450150 -39.407490
#vw 00000000
v -291.117800 65.515040 -31.077680
#vw 00000000
v -283.291900 65.515040 -52.211050
#vw 00000000
v -284.215100 53.296970 -31.340680
#vw 00000000
v -278.225600 53.296970 -47.516680
#vw 00000000
v -284.215100 53.296970 -31.340680
#vw 00000000
v -283.291900 65.515040 -52.211050
#vw 00000000
v -241.681900 65.515030 -53.796420
#vw 00000000
v -232.270700 65.515030 -33.319810
#vw 00000000
v -246.376300 53.296960 -48.730160
#vw 00000000
v -239.173400 53.296960 -33.056800
#vw 00000000
v -246.376300 53.296960 -48.730160
#vw 00000000
v -232.270700 65.515030 -33.319810
#vw 00000000
v -290.737700 79.220580 -31.092160
#vw 00000000
v -285.177900 93.244420 -31.304000
#vw 00000000
v -283.012700 79.220570 -51.952360
#vw 00000000
v -285.177900 93.244420 -31.304000
#vw 00000000
v -278.931100 93.244410 -48.170300
#vw 00000000
v -283.012700 79.220570 -51.952360
#vw 00000000
v -241.940600 79.220570 -53.517240
#vw 00000000
v -245.722700 93.244410 -49.435570
#vw 00000000
v -232.650800 79.220570 -33.305320
#vw 00000000
v -245.722700 93.244410 -49.435570
#vw 00000000
v -238.210600 93.244400 -33.093490
#vw 00000000
v -232.650800 79.220570 -33.305320
#vw 00000000
v -224.104300 12.660920 -42.922760
#vw 00000000
v -238.338600 10.959170 -47.384530
#vw 00000000
v -229.663600 7.774105 -40.294180
#vw 00000000
v -238.338600 10.959170 -47.384530
#vw 00000000
v -238.197500 9.321909 -43.682160
#vw 00000000
v -229.663600 7.774105 -40.294180
#vw 00000000
v -248.284700 53.733840 -46.461530
#vw 00000000
v -244.800800 53.750480 -43.665780
#vw 00000000
v -240.763500 33.450150 -41.472860
#vw 00000000
v -240.763500 33.450150 -41.472860
#vw 00000000
v -244.800800 53.750480 -43.665780
#vw 00000000
v -237.287800 34.099220 -41.201300
#vw 00000000
v -283.291900 65.515040 -52.211050
#vw 00000000
v -291.117800 65.515040 -31.077680
#vw 00000000
v -283.012700 79.220570 -51.952360
#vw 00000000
v -291.117800 65.515040 -31.077680
#vw 00000000
v -290.737700 79.220580 -31.092160
#vw 00000000
v -283.012700 79.220570 -51.952360
#vw 00000000
v -232.270700 65.515030 -33.319810
#vw 00000000
v -241.681900 65.515030 -53.796420
#vw 00000000
v -232.650800 79.220570 -33.305320
#vw 00000000
v -241.681900 65.515030 -53.796420
#vw 00000000
v -241.940600 79.220570 -53.517240
#vw 00000000
v -232.650800 79.220570 -33.305320
#vw 00000000
v -284.602200 8.991137 -53.425170
#vw 00000000
v -292.901700 8.991138 -31.009710
#vw 00000000
v -281.990600 10.959170 -51.138440
#vw 00000000
v -292.901700 8.991138 -31.009710
#vw 00000000
v -284.602200 8.991137 -53.425170
#vw 00000000
v -292.901700 2.044752 -31.009710
#vw 00000000
v -284.602200 2.044750 -53.425170
#vw 00000000
v -262.330100 102.140100 -48.889000
#vw 00000000
v -276.345900 101.052100 -42.524940
#vw 00000000
v -262.143800 106.685700 -43.997920
#vw 00000000
v -273.233200 105.824500 -38.962720
#vw 00000000
v -247.870800 101.052100 -43.609860
#vw 00000000
v -262.330100 102.140100 -48.889000
#vw 00000000
v -250.703400 105.824500 -39.821120
#vw 00000000
v -262.143800 106.685700 -43.997920
#vw 00000000
v -235.520300 8.991128 -48.109570
#vw 00000000
v -221.279500 10.692870 -43.430790
#vw 00000000
v -237.492300 2.044742 -46.709340
#vw 00000000
v -226.896200 2.044741 -42.354930
#vw 00000000
v -221.279500 10.692870 -43.430790
#vw 00000000
v -235.520300 8.991128 -48.109570
#vw 00000000
v -224.104300 12.660920 -42.922760
#vw 00000000
v -238.338600 10.959170 -47.384530
#vw 00000000
v -248.284700 53.733840 -46.461530
#vw 00000000
v -240.763500 33.450150 -41.472860
#vw 00000000
v -242.621700 10.959170 -52.638420
#vw 00000000
v -238.338600 10.959170 -47.384530
#vw 00000000
v -278.225600 53.296970 -47.516680
#vw 00000000
v -262.552300 53.296970 -54.719560
#vw 00000000
v -270.639300 45.664050 -40.487190
#vw 00000000
v -262.158600 45.664050 -44.386990
#vw 00000000
v -270.639300 45.664050 -40.487190
#vw 00000000
v -262.552300 53.296970 -54.719560
#vw 00000000
v -262.552300 53.296970 -54.719560
#vw 00000000
v -246.376300 53.296960 -48.730160
#vw 00000000
v -262.158600 45.664050 -44.386990
#vw 00000000
v -253.405800 45.664050 -41.143800
#vw 00000000
v -262.158600 45.664050 -44.386990
#vw 00000000
v -246.376300 53.296960 -48.730160
#vw 00000000
v -262.589000 93.244410 -55.682360
#vw 00000000
v -278.931100 93.244410 -48.170300
#vw 00000000
v -262.207300 103.843900 -45.665340
#vw 00000000
v -278.931100 93.244410 -48.170300
#vw 00000000
v -271.579200 103.843900 -41.358120
#vw 00000000
v -262.207300 103.843900 -45.665340
#vw 00000000
v -245.722700 93.244410 -49.435570
#vw 00000000
v -262.589000 93.244410 -55.682360
#vw 00000000
v -252.534900 103.843900 -42.083720
#vw 00000000
v -262.589000 93.244410 -55.682360
#vw 00000000
v -262.207300 103.843900 -45.665340
#vw 00000000
v -252.534900 103.843900 -42.083720
#vw 00000000
v -235.520300 8.991128 -48.109570
#vw 00000000
v -240.467800 8.991129 -55.106730
#vw 00000000
v -238.338600 10.959170 -47.384530
#vw 00000000
v -242.621700 10.959170 -52.638420
#vw 00000000
v -237.492300 2.044742 -46.709340
#vw 00000000
v -240.467800 2.044743 -55.106730
#vw 00000000
v -235.520300 8.991128 -48.109570
#vw 00000000
v -240.467800 8.991129 -55.106730
#vw 00000000
v -235.520300 8.991128 -48.109570
#vw 00000000
v -240.467800 2.044743 -55.106730
#vw 00000000
v -262.618700 10.959170 -60.042540
#vw 00000000
v -281.990600 10.959170 -51.138440
#vw 00000000
v -262.235200 53.733840 -51.627190
#vw 00000000
v -275.750400 53.733850 -45.415070
#vw 00000000
v -242.621700 10.959170 -52.638420
#vw 00000000
v -262.618700 10.959170 -60.042540
#vw 00000000
v -248.284700 53.733840 -46.461530
#vw 00000000
v -262.235200 53.733840 -51.627190
#vw 00000000
v -283.291900 65.515040 -52.211050
#vw 00000000
v -262.815300 65.515040 -61.622280
#vw 00000000
v -278.225600 53.296970 -47.516680
#vw 00000000
v -262.552300 53.296970 -54.719560
#vw 00000000
v -278.225600 53.296970 -47.516680
#vw 00000000
v -262.815300 65.515040 -61.622280
#vw 00000000
v -262.815300 65.515040 -61.622280
#vw 00000000
v -241.681900 65.515030 -53.796420
#vw 00000000
v -262.552300 53.296970 -54.719560
#vw 00000000
v -246.376300 53.296960 -48.730160
#vw 00000000
v -262.552300 53.296970 -54.719560
#vw 00000000
v -241.681900 65.515030 -53.796420
#vw 00000000
v -283.012700 79.220570 -51.952360
#vw 00000000
v -278.931100 93.244410 -48.170300
#vw 00000000
v -262.800800 79.220570 -61.242190
#vw 00000000
v -262.589000 93.244410 -55.682360
#vw 00000000
v -262.800800 79.220570 -61.242190
#vw 00000000
v -262.589000 93.244410 -55.682360
#vw 00000000
v -241.940600 79.220570 -53.517240
#vw 00000000
v -262.589000 93.244410 -55.682360
#vw 00000000
v -245.722700 93.244410 -49.435570
#vw 00000000
v -241.940600 79.220570 -53.517240
#vw 00000000
v -262.815300 65.515040 -61.622280
#vw 00000000
v -283.291900 65.515040 -52.211050
#vw 00000000
v -262.800800 79.220570 -61.242190
#vw 00000000
v -283.291900 65.515040 -52.211050
#vw 00000000
v -283.012700 79.220570 -51.952360
#vw 00000000
v -262.800800 79.220570 -61.242190
#vw 00000000
v -241.681900 65.515030 -53.796420
#vw 00000000
v -262.815300 65.515040 -61.622280
#vw 00000000
v -241.940600 79.220570 -53.517240
#vw 00000000
v -262.815300 65.515040 -61.622280
#vw 00000000
v -262.800800 79.220570 -61.242190
#vw 00000000
v -241.940600 79.220570 -53.517240
#vw 00000000
v -262.883300 8.991133 -63.406230
#vw 00000000
v -284.602200 8.991137 -53.425170
#vw 00000000
v -262.618700 10.959170 -60.042540
#vw 00000000
v -281.990600 10.959170 -51.138440
#vw 00000000
v -240.467800 8.991129 -55.106730
#vw 00000000
v -262.883300 8.991133 -63.406230
#vw 00000000
v -242.621700 10.959170 -52.638420
#vw 00000000
v -262.618700 10.959170 -60.042540
#vw 00000000
v -284.602200 8.991137 -53.425170
#vw 00000000
v -262.883300 8.991133 -63.406230
#vw 00000000
v -284.602200 2.044750 -53.425170
#vw 00000000
v -262.883300 2.044746 -63.406230
#vw 00000000
v -262.883300 8.991133 -63.406230
#vw 00000000
v -240.467800 8.991129 -55.106730
#vw 00000000
v -262.883300 2.044746 -63.406230
#vw 00000000
v -240.467800 2.044743 -55.106730
#vw 00000000

vt 0.001953 0.250000
vt 0.062500 0.375000
vt 0.062500 0.250000
vt 0.125000 0.375000
vt 0.125000 0.250000
vt 0.187500 0.375000
vt 0.187500 0.250000
vt 0.218750 0.375000
vt 0.218750 0.250000
vt 0.281250 0.375000
vt 0.281250 0.250000
vt 0.341797 0.375000
vt 0.341797 0.250000
vt 0.376953 0.375000
vt 0.376953 0.250000
vt 0.437500 0.375000
vt 0.437500 0.250000
vt 0.500000 0.375000
vt 0.500000 0.250000
vt 0.562500 0.375000
vt 0.562500 0.250000
vt 0.625000 0.375000
vt 0.625000 0.250000
vt 0.685547 0.375000
vt 0.685547 0.250000
vt 0.001250 0.998750
vt 0.031250 0.987500
vt 0.031250 0.998750
vt 0.056250 0.987500
vt 0.061250 0.998750
vt 0.061250 0.937500
vt 0.056250 0.937500
vt 0.056250 0.887500
vt 0.031250 0.887500
vt 0.031250 0.876250
vt 0.001250 0.876250
vt 0.006250 0.887500
vt 0.001250 0.937500
vt 0.006250 0.937500
vt 0.001250 0.998750
vt 0.006250 0.987500
vt 0.031250 0.987500
vt 0.006250 0.887500
vt 0.006250 0.937500
vt 0.001250 0.937500
vt 0.001250 0.998750
vt 0.006250 0.987500
vt 0.031250 0.998750
vt 0.031250 0.987500
vt 0.061250 0.998750
vt 0.056250 0.987500
vt 0.056250 0.937500
vt 0.031250 0.937500
vt 0.031250 0.887500
vt 0.006250 0.887500
vt 0.001250 0.876250
vt 0.006250 0.937500
vt 0.001250 0.937500
vt 0.006250 0.987500
vt 0.281250 0.375000
vt 0.218750 0.375000
vt 0.281250 0.468750
vt 0.218750 0.468750
vt 0.281250 0.562500
vt 0.218750 0.562500
vt 0.281250 0.687500
vt 0.218750 0.687500
vt 0.281250 0.808594
vt 0.218750 0.808594
vt 0.281250 0.839844
vt 0.218750 0.839844
vt 0.281250 0.871094
vt 0.218750 0.871094
vt 0.281250 0.996094
vt 0.218750 0.996094
vt 0.006250 0.987500
vt 0.031250 0.998750
vt 0.031250 0.987500
vt 0.061250 0.998750
vt 0.056250 0.987500
vt 0.056250 0.937500
vt 0.031250 0.937500
vt 0.031250 0.887500
vt 0.006250 0.887500
vt 0.001250 0.876250
vt 0.006250 0.937500
vt 0.001250 0.937500
vt 0.006250 0.987500
vt 0.001250 0.998750
vt 0.031250 0.998750
vt 0.006250 0.937500
vt 0.006250 0.987500
vt 0.001250 0.998750
vt 0.031250 0.987500
vt 0.031250 0.998750
vt 0.056250 0.987500
vt 0.061250 0.998750
vt 0.061250 0.937500
vt 0.056250 0.937500
vt 0.056250 0.887500
vt 0.031250 0.887500
vt 0.031250 0.876250
vt 0.001250 0.876250
vt 0.006250 0.887500
vt 0.001250 0.937500
vt 0.187500 0.375000
vt 0.125000 0.375000
vt 0.187500 0.468750
vt 0.125000 0.468750
vt 0.187500 0.562500
vt 0.125000 0.562500
vt 0.187500 0.687500
vt 0.125000 0.687500
vt 0.187500 0.808594
vt 0.125000 0.808594
vt 0.187500 0.871094
vt 0.125000 0.871094
vt 0.187500 0.996094
vt 0.125000 0.996094
vt 0.437500 0.375000
vt 0.376953 0.375000
vt 0.376953 0.382812
vt 0.341797 0.375000
vt 0.341797 0.382812
vt 0.281250 0.375000
vt 0.341797 0.468750
vt 0.281250 0.468750
vt 0.341797 0.562500
vt 0.281250 0.562500
vt 0.341797 0.687500
vt 0.281250 0.687500
vt 0.341797 0.808594
vt 0.281250 0.808594
vt 0.001953 0.128906
vt 0.062500 0.250000
vt 0.062500 0.128906
vt 0.125000 0.250000
vt 0.125000 0.128906
vt 0.187500 0.250000
vt 0.187500 0.128906
vt 0.218750 0.250000
vt 0.218750 0.128906
vt 0.281250 0.250000
vt 0.281250 0.128906
vt 0.341797 0.242187
vt 0.341797 0.128906
vt 0.437500 0.375000
vt 0.376953 0.382812
vt 0.437500 0.500000
vt 0.376953 0.500000
vt 0.437500 0.625000
vt 0.376953 0.625000
vt 0.437500 0.750000
vt 0.376953 0.750000
vt 0.437500 0.875000
vt 0.376953 0.875000
vt 0.437500 0.996094
vt 0.376953 0.996094
vt 0.685547 0.375000
vt 0.625000 0.375000
vt 0.685547 0.500000
vt 0.625000 0.500000
vt 0.685547 0.625000
vt 0.625000 0.625000
vt 0.685547 0.750000
vt 0.625000 0.750000
vt 0.685547 0.875000
vt 0.625000 0.875000
vt 0.685547 0.996094
vt 0.625000 0.996094
vt 0.625000 0.375000
vt 0.562500 0.375000
vt 0.625000 0.500000
vt 0.562500 0.500000
vt 0.625000 0.625000
vt 0.562500 0.625000
vt 0.625000 0.750000
vt 0.562500 0.750000
vt 0.625000 0.875000
vt 0.562500 0.875000
vt 0.625000 0.996094
vt 0.562500 0.996094
vt 0.562500 0.375000
vt 0.500000 0.375000
vt 0.562500 0.500000
vt 0.500000 0.500000
vt 0.562500 0.625000
vt 0.500000 0.625000
vt 0.562500 0.750000
vt 0.500000 0.750000
vt 0.562500 0.875000
vt 0.500000 0.875000
vt 0.562500 0.996094
vt 0.500000 0.996094
vt 0.500000 0.375000
vt 0.437500 0.375000
vt 0.500000 0.500000
vt 0.437500 0.500000
vt 0.500000 0.625000
vt 0.437500 0.625000
vt 0.500000 0.750000
vt 0.437500 0.750000
vt 0.500000 0.875000
vt 0.437500 0.875000
vt 0.500000 0.996094
vt 0.437500 0.996094
vt 0.001953 0.808594
vt 0.062500 0.808594
vt 0.001953 0.687500
vt 0.062500 0.687500
vt 0.001953 0.562500
vt 0.062500 0.562500
vt 0.001953 0.468750
vt 0.062500 0.468750
vt 0.001953 0.375000
vt 0.062500 0.375000
vt 0.001953 0.250000
vt 0.376953 0.128906
vt 0.437500 0.250000
vt 0.437500 0.128906
vt 0.500000 0.250000
vt 0.500000 0.128906
vt 0.562500 0.250000
vt 0.562500 0.128906
vt 0.625000 0.250000
vt 0.625000 0.128906
vt 0.685547 0.250000
vt 0.685547 0.128906
vt 0.218750 0.375000
vt 0.187500 0.375000
vt 0.218750 0.468750
vt 0.187500 0.468750
vt 0.218750 0.562500
vt 0.187500 0.562500
vt 0.218750 0.687500
vt 0.187500 0.687500
vt 0.218750 0.808594
vt 0.187500 0.808594
vt 0.125000 0.375000
vt 0.062500 0.375000
vt 0.125000 0.468750
vt 0.062500 0.468750
vt 0.125000 0.562500
vt 0.062500 0.562500
vt 0.125000 0.687500
vt 0.062500 0.687500
vt 0.125000 0.808594
vt 0.062500 0.808594
vt 0.281250 0.250000
vt 0.341797 0.250000
vt 0.341797 0.242187
vt 0.376953 0.250000
vt 0.376953 0.242187
vt 0.437500 0.250000
vt 0.376953 0.128906
vt 0.056250 0.987500
vt 0.056250 0.937500
vt 0.061250 0.937500
vt 0.061250 0.876250
vt 0.056250 0.887500
vt 0.031250 0.876250
vt 0.056250 0.937500
vt 0.056250 0.887500
vt 0.061250 0.876250
vt 0.031250 0.887500
vt 0.031250 0.876250
vt 0.006250 0.887500
vt 0.006250 0.887500
vt 0.031250 0.876250
vt 0.031250 0.887500
vt 0.061250 0.876250
vt 0.056250 0.887500
vt 0.056250 0.937500
vt 0.031250 0.876250
vt 0.056250 0.887500
vt 0.061250 0.876250
vt 0.061250 0.937500
vt 0.056250 0.937500
vt 0.056250 0.987500
vt 0.006250 0.987500
vt 0.031250 0.987500
vt 0.006250 0.937500
vt 0.031250 0.937500
vt 0.006250 0.887500
vt 0.006250 0.887500
vt 0.006250 0.937500
vt 0.031250 0.937500
vt 0.031250 0.987500
vt 0.056250 0.987500
vt 0.562500 0.097656
vt 0.500000 0.097656
vt 0.562500 0.128906
vt 0.500000 0.128906
vt 0.031250 0.937500
vt 0.031250 0.987500
vt 0.056250 0.987500
vt 0.009843 0.984313
vt 0.031250 0.987500
vt 0.006250 0.937500
vt 0.001953 0.128906
vt 0.001953 0.250000
vt 0.062500 0.250000
vt 0.868702 0.416416
vt 0.866343 0.247181
vt 0.912352 0.415664
vt 0.911976 0.246224
vt 0.954430 0.414946
vt 0.951969 0.246122
vt 0.996508 0.414228
vt 0.996132 0.244789
vt 0.868702 0.416416
vt 0.866343 0.246464
vt 0.912352 0.415664
vt 0.911976 0.246224
vt 0.951969 0.245336
vt 0.911600 0.076785
vt 0.953678 0.076067
vt 0.868702 0.416416
vt 0.866343 0.246464
vt 0.912352 0.415664
vt 0.911976 0.246224
vt 0.951969 0.245336
vt 0.911600 0.076785
vt 0.953678 0.076067
vt 0.868702 0.416416
vt 0.866343 0.247181
vt 0.912352 0.415664
vt 0.911976 0.246224
vt 0.954430 0.414946
vt 0.951969 0.246122
vt 0.996508 0.414228
vt 0.996132 0.244789
vt 0.868702 0.416416
vt 0.866343 0.246976
vt 0.912352 0.415664
vt 0.911976 0.246224
vt 0.954430 0.414946
vt 0.951969 0.245677
vt 0.996508 0.414228
vt 0.996132 0.244789
vt 0.868702 0.416416
vt 0.866343 0.246840
vt 0.912352 0.415664
vt 0.911976 0.246224
vt 0.954430 0.414946
vt 0.951935 0.245541
vt 0.996508 0.414228
vt 0.996132 0.244789
vt 0.868702 0.416416
vt 0.866343 0.247010
vt 0.912352 0.415664
vt 0.911976 0.246224
vt 0.954430 0.414946
vt 0.951969 0.245370
vt 0.996132 0.244789
vt 0.995756 0.075349
vt 0.868702 0.416416
vt 0.866343 0.247147
vt 0.912352 0.415664
vt 0.911976 0.246224
vt 0.954430 0.414946
vt 0.951935 0.245506
vt 0.996132 0.244789
vt 0.995756 0.075349
vt 0.866343 0.247523
vt 0.911976 0.246224
vt 0.868702 0.416416
vt 0.912352 0.415664
vt 0.866343 0.246805
vt 0.911976 0.246224
vt 0.868702 0.416416
vt 0.912352 0.415664
vt 0.866343 0.246805
vt 0.911976 0.246224
vt 0.868702 0.416416
vt 0.912352 0.415664
vt 0.866343 0.247523
vt 0.911976 0.246224
vt 0.868702 0.416416
vt 0.912352 0.415664
vt 0.868702 0.416416
vt 0.866343 0.247147
vt 0.912352 0.415664
vt 0.911976 0.246224
vt 0.954430 0.414946
vt 0.951935 0.245541
vt 0.996132 0.244789
vt 0.995756 0.075349
vt 0.868702 0.416416
vt 0.866343 0.247010
vt 0.912352 0.415664
vt 0.911976 0.246224
vt 0.954430 0.414946
vt 0.951969 0.245370
vt 0.996132 0.244789
vt 0.995756 0.075349
vt 0.868702 0.416416
vt 0.866343 0.246840
vt 0.912352 0.415664
vt 0.911976 0.246224
vt 0.954430 0.414946
vt 0.951935 0.245541
vt 0.996508 0.414228
vt 0.996132 0.244789
vt 0.868702 0.416416
vt 0.866343 0.246976
vt 0.912352 0.415664
vt 0.911976 0.246224
vt 0.954430 0.414946
vt 0.951969 0.245712
vt 0.996508 0.414228
vt 0.996132 0.244789
vt 0.911976 0.246224
vt 0.911600 0.076785
vt 0.951969 0.246122
vt 0.953678 0.076067
vt 0.996132 0.244789
vt 0.995756 0.075349
vt 0.911976 0.246224
vt 0.911600 0.076785
vt 0.951969 0.246122
vt 0.953678 0.076067
vt 0.996132 0.244789
vt 0.995756 0.075349
vt 0.911976 0.246224
vt 0.911600 0.076785
vt 0.951969 0.245677
vt 0.953678 0.076067
vt 0.996132 0.244789
vt 0.995756 0.075349
vt 0.911976 0.246224
vt 0.911600 0.076785
vt 0.951935 0.245541
vt 0.953678 0.076067
vt 0.996132 0.244789
vt 0.995756 0.075349
vt 0.911600 0.076785
vt 0.953678 0.076067
vt 0.911976 0.246224
vt 0.951969 0.245370
vt 0.911600 0.076785
vt 0.953678 0.076067
vt 0.911976 0.246224
vt 0.951935 0.245506
vt 0.911976 0.246224
vt 0.911600 0.076785
vt 0.951969 0.245746
vt 0.953678 0.076067
vt 0.996132 0.244789
vt 0.995756 0.075349
vt 0.911600 0.076785
vt 0.953678 0.076067
vt 0.911976 0.246224
vt 0.951969 0.244925
vt 0.912352 0.415664
vt 0.954430 0.414946
vt 0.911600 0.076785
vt 0.953678 0.076067
vt 0.911976 0.246224
vt 0.951969 0.244960
vt 0.912352 0.415664
vt 0.954430 0.414946
vt 0.911976 0.246224
vt 0.911600 0.076785
vt 0.951969 0.245746
vt 0.953678 0.076067
vt 0.996132 0.244789
vt 0.995756 0.075349
vt 0.911600 0.076785
vt 0.953678 0.076067
vt 0.911976 0.246224
vt 0.951935 0.245541
vt 0.911976 0.246224
vt 0.911600 0.076785
vt 0.951969 0.245370
vt 0.953678 0.076067
vt 0.995756 0.075349
vt 0.911976 0.246224
vt 0.911600 0.076785
vt 0.951935 0.245541
vt 0.953678 0.076067
vt 0.996132 0.244789
vt 0.995756 0.075349
vt 0.911976 0.246224
vt 0.911600 0.076785
vt 0.951969 0.245712
vt 0.953678 0.076067
vt 0.996132 0.244789
vt 0.995756 0.075349
vt 0.826475 0.341078
vt 0.902155 0.337829
vt 0.862088 0.136500
vt 0.907632 0.134551
vt 0.862088 0.136500
vt 0.902155 0.337829
vt 0.826475 0.341078
vt 0.862088 0.136500
vt 0.919513 0.344172
vt 0.918090 0.138357
vt 0.995193 0.340923
vt 0.963603 0.136407
vt 0.902155 0.337829
vt 0.995193 0.340923
vt 0.907632 0.134551
vt 0.963603 0.136407
vt 0.905033 0.373286
vt 0.857570 0.375329
vt 0.915955 0.377278
vt 0.826475 0.341078
vt 0.919513 0.344172
vt 0.905033 0.373286
vt 0.915955 0.377278
vt 0.963417 0.375205
vt 0.995193 0.340923
vt 0.902155 0.337829
vt 0.826475 0.341078
vt 0.905033 0.373286
vt 0.857570 0.375329
vt 0.919513 0.344172
vt 0.995193 0.340923
vt 0.915955 0.377278
vt 0.902155 0.337829
vt 0.905033 0.373286
vt 0.995193 0.340923
vt 0.963417 0.375205
vt 0.902155 0.337829
vt 0.907632 0.134551
vt 0.826475 0.341078
vt 0.862088 0.136500
vt 0.919513 0.344172
vt 0.826475 0.341078
vt 0.918090 0.138357
vt 0.862088 0.136500
vt 0.995193 0.340923
vt 0.919513 0.344172
vt 0.963603 0.136407
vt 0.918090 0.138357
vt 0.963603 0.136407
vt 0.919513 0.344172
vt 0.995193 0.340923
vt 0.963603 0.136407
vt 0.902155 0.337829
vt 0.907632 0.134551
vt 0.905033 0.373286
vt 0.857570 0.375329
vt 0.915955 0.377278
vt 0.826475 0.341078
vt 0.919513 0.344172
vt 0.905033 0.373286
vt 0.915955 0.377278
vt 0.963417 0.375205
vt 0.995193 0.340923
vt 0.902155 0.337829
vt 0.826475 0.341078
vt 0.905033 0.373286
vt 0.857570 0.375329
vt 0.919513 0.344172
vt 0.995193 0.340923
vt 0.915955 0.377278
vt 0.902155 0.337829
vt 0.905033 0.373286
vt 0.995193 0.340923
vt 0.963417 0.375205
vt 0.902155 0.337829
vt 0.907632 0.134551
vt 0.826475 0.341078
vt 0.862088 0.136500
vt 0.919513 0.344172
vt 0.826475 0.341078
vt 0.918090 0.138357
vt 0.862088 0.136500
vt 0.995193 0.340923
vt 0.919513 0.344172
vt 0.963603 0.136407
vt 0.918090 0.138357
vt 0.963603 0.136407
vt 0.919513 0.344172
vt 0.995193 0.340923
vt 0.963603 0.136407
vt 0.902155 0.337829
vt 0.907632 0.134551
vt 0.905033 0.373286
vt 0.857570 0.375329
vt 0.915955 0.377278
vt 0.826475 0.341078
vt 0.919513 0.344172
vt 0.905033 0.373286
vt 0.915955 0.377278
vt 0.963417 0.375205
vt 0.995193 0.340923
vt 0.902155 0.337829
vt 0.826475 0.341078
vt 0.905033 0.373286
vt 0.857570 0.375329
vt 0.919513 0.344172
vt 0.995193 0.340923
vt 0.915955 0.377278
vt 0.902155 0.337829
vt 0.905033 0.373286
vt 0.995193 0.340923
vt 0.963417 0.375205
vt 0.826475 0.341078
vt 0.902155 0.337829
vt 0.862088 0.136500
vt 0.907632 0.134551
vt 0.862088 0.136500
vt 0.902155 0.337829
vt 0.826475 0.341078
vt 0.862088 0.136500
vt 0.919513 0.344172
vt 0.918090 0.138357
vt 0.995193 0.340923
vt 0.963603 0.136407
vt 0.902155 0.337829
vt 0.995193 0.340923
vt 0.907632 0.134551
vt 0.963603 0.136407
vt 0.905033 0.373286
vt 0.857570 0.375329
vt 0.915955 0.377278
vt 0.826475 0.341078
vt 0.919513 0.344172
vt 0.905033 0.373286
vt 0.915955 0.377278
vt 0.963417 0.375205
vt 0.995193 0.340923
vt 0.902155 0.337829
vt 0.826475 0.341078
vt 0.905033 0.373286
vt 0.857570 0.375329
vt 0.919513 0.344172
vt 0.995193 0.340923
vt 0.915955 0.377278
vt 0.902155 0.337829
vt 0.905033 0.373286
vt 0.995193 0.340923
vt 0.963417 0.375205
vt 0.826475 0.341078
vt 0.902155 0.337829
vt 0.862088 0.136500
vt 0.907632 0.134551
vt 0.862088 0.136500
vt 0.902155 0.337829
vt 0.919513 0.344172
vt 0.826475 0.341078
vt 0.918090 0.138357
vt 0.862088 0.136500
vt 0.995193 0.340923
vt 0.919513 0.344172
vt 0.963603 0.136407
vt 0.918090 0.138357
vt 0.963603 0.136407
vt 0.919513 0.344172
vt 0.902155 0.337829
vt 0.995193 0.340923
vt 0.907632 0.134551
vt 0.963603 0.136407
vt 0.905033 0.373286
vt 0.857570 0.375329
vt 0.915955 0.377278
vt 0.826475 0.341078
vt 0.919513 0.344172
vt 0.905033 0.373286
vt 0.915955 0.377278
vt 0.963417 0.375205
vt 0.995193 0.340923
vt 0.902155 0.337829
vt 0.826475 0.341078
vt 0.905033 0.373286
vt 0.857570 0.375329
vt 0.919513 0.344172
vt 0.995193 0.340923
vt 0.915955 0.377278
vt 0.902155 0.337829
vt 0.905033 0.373286
vt 0.995193 0.340923
vt 0.963417 0.375205
vt 0.902155 0.337829
vt 0.907632 0.134551
vt 0.826475 0.341078
vt 0.862088 0.136500
vt 0.919513 0.344172
vt 0.826475 0.341078
vt 0.918090 0.138357
vt 0.862088 0.136500
vt 0.995193 0.340923
vt 0.919513 0.344172
vt 0.963603 0.136407
vt 0.918090 0.138357
vt 0.963603 0.136407
vt 0.919513 0.344172
vt 0.995193 0.340923
vt 0.963603 0.136407
vt 0.902155 0.337829
vt 0.907632 0.134551
vt 0.905033 0.373286
vt 0.857570 0.375329
vt 0.915955 0.377278
vt 0.826475 0.341078
vt 0.919513 0.344172
vt 0.905033 0.373286
vt 0.915955 0.377278
vt 0.963417 0.375205
vt 0.995193 0.340923
vt 0.902155 0.337829
vt 0.826475 0.341078
vt 0.905033 0.373286
vt 0.857570 0.375329
vt 0.919513 0.344172
vt 0.995193 0.340923
vt 0.915955 0.377278
vt 0.902155 0.337829
vt 0.905033 0.373286
vt 0.995193 0.340923
vt 0.963417 0.375205
vt 0.826475 0.341078
vt 0.902155 0.337829
vt 0.862088 0.136500
vt 0.907632 0.134551
vt 0.862088 0.136500
vt 0.902155 0.337829
vt 0.919513 0.344172
vt 0.826475 0.341078
vt 0.918090 0.138357
vt 0.862088 0.136500
vt 0.919513 0.344172
vt 0.918090 0.138357
vt 0.995193 0.340923
vt 0.963603 0.136407
vt 0.902155 0.337829
vt 0.995193 0.340923
vt 0.907632 0.134551
vt 0.963603 0.136407
vt 0.905033 0.373286
vt 0.857570 0.375329
vt 0.915955 0.377278
vt 0.826475 0.341078
vt 0.919513 0.344172
vt 0.905033 0.373286
vt 0.915955 0.377278
vt 0.963417 0.375205
vt 0.995193 0.340923
vt 0.902155 0.337829
vt 0.826475 0.341078
vt 0.905033 0.373286
vt 0.857570 0.375329
vt 0.919513 0.344172
vt 0.995193 0.340923
vt 0.915955 0.377278
vt 0.902155 0.337829
vt 0.905033 0.373286
vt 0.995193 0.340923
vt 0.963417 0.375205
vt 0.826475 0.341078
vt 0.902155 0.337829
vt 0.862088 0.136500
vt 0.907632 0.134551
vt 0.862088 0.136500
vt 0.902155 0.337829
vt 0.826475 0.341078
vt 0.862088 0.136500
vt 0.919513 0.344172
vt 0.918090 0.138357
vt 0.995193 0.340923
vt 0.963603 0.136407
vt 0.902155 0.337829
vt 0.995193 0.340923
vt 0.907632 0.134551
vt 0.963603 0.136407
vt 0.905033 0.373286
vt 0.857570 0.375329
vt 0.915955 0.377278
vt 0.826475 0.341078
vt 0.919513 0.344172
vt 0.905033 0.373286
vt 0.915955 0.377278
vt 0.963417 0.375205
vt 0.995193 0.340923
vt 0.902155 0.337829
vt 0.826475 0.341078
vt 0.905033 0.373286
vt 0.857570 0.375329
vt 0.919513 0.344172
vt 0.995193 0.340923
vt 0.915955 0.377278
vt 0.902155 0.337829
vt 0.905033 0.373286
vt 0.995193 0.340923
vt 0.963417 0.375205
vt 0.942409 0.377247
vt 0.878579 0.373317
vt 0.889501 0.377278
vt 0.857570 0.375329
vt 0.877341 0.344234
vt 0.826475 0.341078
vt 0.878579 0.373317
vt 0.942409 0.377247
vt 0.931518 0.373256
vt 0.963417 0.375205
vt 0.944327 0.337798
vt 0.995193 0.340923
vt 0.944327 0.337798
vt 0.859984 0.337860
vt 0.931518 0.373256
vt 0.878579 0.373317
vt 0.826475 0.341078
vt 0.857570 0.375329
vt 0.859984 0.337860
vt 0.878579 0.373317
vt 0.877341 0.344234
vt 0.961715 0.344141
vt 0.889501 0.377278
vt 0.942409 0.377247
vt 0.995193 0.340923
vt 0.963417 0.375205
vt 0.961715 0.344141
vt 0.942409 0.377247
vt 0.942409 0.377247
vt 0.878579 0.373317
vt 0.889501 0.377278
vt 0.857570 0.375329
vt 0.877341 0.344234
vt 0.826475 0.341078
vt 0.878579 0.373317
vt 0.942409 0.377247
vt 0.931518 0.373256
vt 0.963417 0.375205
vt 0.944327 0.337798
vt 0.995193 0.340923
vt 0.944327 0.337798
vt 0.859984 0.337860
vt 0.931518 0.373256
vt 0.878579 0.373317
vt 0.826475 0.341078
vt 0.857570 0.375329
vt 0.859984 0.337860
vt 0.878579 0.373317
vt 0.877341 0.344234
vt 0.961715 0.344141
vt 0.889501 0.377278
vt 0.942409 0.377247
vt 0.995193 0.340923
vt 0.963417 0.375205
vt 0.961715 0.344141
vt 0.942409 0.377247
vt 0.825052 0.417134
vt 0.824676 0.247694
vt 0.868702 0.416416
vt 0.866343 0.247181
vt 0.824676 0.247694
vt 0.824300 0.078254
vt 0.866343 0.247181
vt 0.867950 0.077502
vt 0.911976 0.246224
vt 0.911600 0.076785
vt 0.825052 0.417134
vt 0.824676 0.247694
vt 0.868702 0.416416
vt 0.866343 0.246464
vt 0.824676 0.247694
vt 0.824300 0.078254
vt 0.866343 0.246464
vt 0.867950 0.077502
vt 0.911976 0.246224
vt 0.911600 0.076785
vt 0.825052 0.417134
vt 0.824676 0.247694
vt 0.868702 0.416416
vt 0.866343 0.246464
vt 0.824676 0.247694
vt 0.824300 0.078254
vt 0.866343 0.246464
vt 0.867950 0.077502
vt 0.911976 0.246224
vt 0.911600 0.076785
vt 0.825052 0.417134
vt 0.824676 0.247694
vt 0.868702 0.416416
vt 0.866343 0.247181
vt 0.824676 0.247694
vt 0.824300 0.078254
vt 0.866343 0.247181
vt 0.867950 0.077502
vt 0.911976 0.246224
vt 0.911600 0.076785
vt 0.825052 0.417134
vt 0.824676 0.247694
vt 0.868702 0.416416
vt 0.866343 0.246976
vt 0.824676 0.247694
vt 0.824300 0.078254
vt 0.866343 0.246976
vt 0.867950 0.077502
vt 0.911600 0.076785
vt 0.911600 0.076785
vt 0.911976 0.246224
vt 0.866343 0.246976
vt 0.824676 0.247694
vt 0.866343 0.246840
vt 0.825052 0.417134
vt 0.868702 0.416416
vt 0.824300 0.078254
vt 0.867950 0.077502
vt 0.824676 0.247694
vt 0.866343 0.246840
vt 0.867950 0.077502
vt 0.911600 0.076785
vt 0.866343 0.246840
vt 0.911976 0.246224
vt 0.825052 0.417134
vt 0.824676 0.247694
vt 0.868702 0.416416
vt 0.866343 0.247010
vt 0.824676 0.247694
vt 0.824300 0.078254
vt 0.866343 0.247010
vt 0.867950 0.077502
vt 0.911600 0.076785
vt 0.911600 0.076785
vt 0.911976 0.246224
vt 0.866343 0.247010
vt 0.825052 0.417134
vt 0.824676 0.247694
vt 0.868702 0.416416
vt 0.866343 0.247147
vt 0.824676 0.247694
vt 0.824300 0.078254
vt 0.866343 0.247147
vt 0.867950 0.077502
vt 0.911600 0.076785
vt 0.911600 0.076785
vt 0.911976 0.246224
vt 0.866343 0.247147
vt 0.824676 0.247694
vt 0.866343 0.247523
vt 0.825052 0.417134
vt 0.868702 0.416416
vt 0.824300 0.078254
vt 0.867950 0.077502
vt 0.824676 0.247694
vt 0.866343 0.247523
vt 0.867950 0.077502
vt 0.911600 0.076785
vt 0.866343 0.247523
vt 0.911976 0.246224
vt 0.825052 0.417134
vt 0.824676 0.247694
vt 0.868702 0.416416
vt 0.866343 0.246805
vt 0.824300 0.078254
vt 0.867950 0.077502
vt 0.824676 0.247694
vt 0.866343 0.246805
vt 0.867950 0.077502
vt 0.911600 0.076785
vt 0.866343 0.246805
vt 0.911976 0.246224
vt 0.825052 0.417134
vt 0.824676 0.247694
vt 0.868702 0.416416
vt 0.866343 0.246805
vt 0.824300 0.078254
vt 0.867950 0.077502
vt 0.824676 0.247694
vt 0.866343 0.246805
vt 0.867950 0.077502
vt 0.911600 0.076785
vt 0.866343 0.246805
vt 0.911976 0.246224
vt 0.824676 0.247694
vt 0.866343 0.247523
vt 0.825052 0.417134
vt 0.868702 0.416416
vt 0.824300 0.078254
vt 0.867950 0.077502
vt 0.824676 0.247694
vt 0.866343 0.247523
vt 0.867950 0.077502
vt 0.911600 0.076785
vt 0.866343 0.247523
vt 0.911976 0.246224
vt 0.825052 0.417134
vt 0.824676 0.247694
vt 0.868702 0.416416
vt 0.866343 0.247147
vt 0.824676 0.247694
vt 0.824300 0.078254
vt 0.866343 0.247147
vt 0.867950 0.077502
vt 0.911600 0.076785
vt 0.911600 0.076785
vt 0.911976 0.246224
vt 0.866343 0.247147
vt 0.824676 0.247694
vt 0.866343 0.247010
vt 0.825052 0.417134
vt 0.868702 0.416416
vt 0.824676 0.247694
vt 0.824300 0.078254
vt 0.866343 0.247010
vt 0.867950 0.077502
vt 0.911600 0.076785
vt 0.911600 0.076785
vt 0.911976 0.246224
vt 0.866343 0.247010
vt 0.824676 0.247694
vt 0.866343 0.246840
vt 0.825052 0.417134
vt 0.868702 0.416416
vt 0.824300 0.078254
vt 0.867950 0.077502
vt 0.824676 0.247694
vt 0.866343 0.246840
vt 0.867950 0.077502
vt 0.911600 0.076785
vt 0.866343 0.246840
vt 0.911976 0.246224
vt 0.825052 0.417134
vt 0.824676 0.247694
vt 0.868702 0.416416
vt 0.866343 0.246976
vt 0.824300 0.078254
vt 0.867950 0.077502
vt 0.824676 0.247694
vt 0.866343 0.246976
vt 0.867950 0.077502
vt 0.911600 0.076785
vt 0.866343 0.246976
vt 0.911976 0.246224
vt 0.951969 0.245336
vt 0.953678 0.076067
vt 0.996132 0.244789
vt 0.995756 0.075349
vt 0.951969 0.245336
vt 0.996132 0.244789
vt 0.954430 0.414946
vt 0.996508 0.414228
vt 0.954430 0.414946
vt 0.912352 0.415664
vt 0.951969 0.245336
vt 0.951969 0.245336
vt 0.953678 0.076067
vt 0.996132 0.244789
vt 0.995756 0.075349
vt 0.951969 0.245336
vt 0.996132 0.244789
vt 0.954430 0.414946
vt 0.996508 0.414228
vt 0.954430 0.414946
vt 0.912352 0.415664
vt 0.951969 0.245336
vt 0.953678 0.076067
vt 0.995756 0.075349
vt 0.951969 0.245370
vt 0.996132 0.244789
vt 0.996508 0.414228
vt 0.954430 0.414946
vt 0.953678 0.076067
vt 0.995756 0.075349
vt 0.951935 0.245506
vt 0.996132 0.244789
vt 0.996508 0.414228
vt 0.954430 0.414946
vt 0.951969 0.245746
vt 0.996132 0.244789
vt 0.954430 0.414946
vt 0.996508 0.414228
vt 0.911976 0.246224
vt 0.951969 0.245746
vt 0.912352 0.415664
vt 0.954430 0.414946
vt 0.953678 0.076067
vt 0.995756 0.075349
vt 0.951969 0.244925
vt 0.996132 0.244789
vt 0.954430 0.414946
vt 0.996508 0.414228
vt 0.953678 0.076067
vt 0.995756 0.075349
vt 0.951969 0.244960
vt 0.996132 0.244789
vt 0.954430 0.414946
vt 0.996508 0.414228
vt 0.951969 0.245746
vt 0.996132 0.244789
vt 0.954430 0.414946
vt 0.996508 0.414228
vt 0.911976 0.246224
vt 0.951969 0.245746
vt 0.912352 0.415664
vt 0.954430 0.414946
vt 0.953678 0.076067
vt 0.995756 0.075349
vt 0.951935 0.245541
vt 0.996132 0.244789
vt 0.996508 0.414228
vt 0.954430 0.414946
vt 0.996132 0.244789
vt 0.996508 0.414228
vt 0.954430 0.414946
vt 0.905013 0.843776
vt 0.905013 0.656929
vt 0.999283 0.843776
vt 0.999283 0.843776
vt 0.905013 0.656929
vt 0.999283 0.656929
vt 0.999283 0.843776
vt 0.999283 0.656929
vt 0.905013 0.843776
vt 0.905013 0.843776
vt 0.999283 0.656929
vt 0.905013 0.656929
vt 0.999283 0.843776
vt 0.999283 0.986744
vt 0.905013 0.843776
vt 0.905013 0.986744
vt 0.999283 0.843776
vt 0.999283 0.986744
vt 0.905013 0.986744
vt 0.905013 0.843776
vt 0.905013 0.986744
vt 0.999283 0.843776
vt 0.999283 0.986744
vt 0.890881 0.734955
vt 0.814905 0.743754
vt 0.889728 0.824879
vt 0.814877 0.834909
vt 0.814905 0.743754
vt 0.734615 0.743754
vt 0.814877 0.834909
vt 0.735709 0.834909
vt 0.814877 0.834909
vt 0.814849 0.929432
vt 0.889728 0.824879
vt 0.871659 0.928717
vt 0.735709 0.834909
vt 0.757815 0.929432
vt 0.814877 0.834909
vt 0.814849 0.929432
vt 0.814905 0.743754
vt 0.890881 0.734955
vt 0.814905 0.654386
vt 0.875138 0.654386
vt 0.814905 0.654386
vt 0.890881 0.734955
vt 0.734615 0.743754
vt 0.814905 0.743754
vt 0.755038 0.654386
vt 0.814905 0.654386
vt 0.755038 0.654386
vt 0.814905 0.743754
vt 0.904057 0.932336
vt 0.904057 0.833374
vt 0.997053 0.913075
vt 0.997053 0.838189
vt 0.904057 0.833374
vt 0.904057 0.727106
vt 0.997053 0.838189
vt 0.904057 0.727106
vt 0.997053 0.735906
vt 0.997053 0.838189
vt 0.811215 0.455835
vt 0.838306 0.455835
vt 0.811215 0.507939
vt 0.838306 0.507939
vt 0.838306 0.526521
vt 0.811215 0.507939
vt 0.811215 0.526521
vt 0.782468 0.507939
vt 0.782468 0.526521
vt 0.811215 0.507939
vt 0.811215 0.526521
vt 0.838306 0.507939
vt 0.838306 0.526521
vt 0.811215 0.526521
vt 0.810227 0.576674
vt 0.782468 0.526521
vt 0.795996 0.576674
vt 0.811215 0.526521
vt 0.810227 0.576674
vt 0.838306 0.526521
vt 0.823630 0.576674
vt 0.810227 0.576674
vt 0.838306 0.455835
vt 0.811215 0.455835
vt 0.838306 0.507939
vt 0.811215 0.507939
vt 0.999283 0.656929
vt 0.999283 0.843776
vt 0.905013 0.656929
vt 0.999283 0.843776
vt 0.905013 0.843776
vt 0.905013 0.656929
vt 0.999283 0.843776
vt 0.999283 0.986744
vt 0.905013 0.843776
vt 0.905013 0.986744
vt 0.871659 0.928717
vt 0.814849 0.929432
vt 0.841978 0.988840
vt 0.814849 0.929432
vt 0.814933 0.989912
vt 0.841978 0.988840
vt 0.814849 0.929432
vt 0.757815 0.929432
vt 0.814933 0.989912
vt 0.757815 0.929432
vt 0.788198 0.989912
vt 0.814933 0.989912
vt 0.811215 0.507939
vt 0.838306 0.526521
vt 0.811215 0.526521
vt 0.814905 0.654386
vt 0.875138 0.654386
vt 0.814905 0.601459
vt 0.847532 0.601459
vt 0.814905 0.601459
vt 0.875138 0.654386
vt 0.755038 0.654386
vt 0.814905 0.654386
vt 0.782615 0.601459
vt 0.814905 0.601459
vt 0.782615 0.601459
vt 0.814905 0.654386
vt 0.997053 0.735906
vt 0.904057 0.727106
vt 0.950596 0.653548
vt 0.904057 0.669212
vt 0.811215 0.526521
vt 0.810227 0.576674
vt 0.838306 0.526521
vt 0.905013 0.843776
vt 0.905013 0.986744
vt 0.999283 0.843776
vt 0.999283 0.986744
vt 0.999283 0.843776
vt 0.999283 0.656929
vt 0.905013 0.843776
vt 0.999283 0.656929
vt 0.905013 0.656929
vt 0.905013 0.843776
vt 0.905013 0.843776
vt 0.999283 0.843776
vt 0.905013 0.656929
vt 0.999283 0.656929
vt 0.814905 0.743754
vt 0.890881 0.734955
vt 0.814877 0.834909
vt 0.890881 0.734955
vt 0.889728 0.824879
vt 0.814877 0.834909
vt 0.734615 0.743754
vt 0.814905 0.743754
vt 0.735709 0.834909
vt 0.814877 0.834909
vt 0.998600 0.648680
vt 0.999098 0.452971
vt 0.903212 0.647767
vt 0.999098 0.452971
vt 0.903233 0.452971
vt 0.903212 0.647767
vt 0.905013 0.986744
vt 0.905013 0.809587
vt 0.999283 0.986744
vt 0.999283 0.809587
vt 0.999283 0.986744
vt 0.905013 0.809587
vt 0.782468 0.455835
vt 0.811215 0.455835
vt 0.782468 0.507939
vt 0.811215 0.507939
vt 0.811215 0.526521
vt 0.811215 0.455835
vt 0.782468 0.455835
vt 0.811215 0.507939
vt 0.782468 0.507939
vt 0.889728 0.824879
vt 0.871659 0.928717
vt 0.814877 0.834909
vt 0.871659 0.928717
vt 0.814849 0.927288
vt 0.814877 0.834909
vt 0.814877 0.834909
vt 0.814849 0.929432
vt 0.735709 0.834909
vt 0.814849 0.929432
vt 0.757871 0.929432
vt 0.735709 0.834909
vt 0.890881 0.734955
vt 0.814905 0.743754
vt 0.875138 0.654386
vt 0.814905 0.654386
vt 0.875138 0.654386
vt 0.814905 0.743754
vt 0.814905 0.743754
vt 0.734615 0.743754
vt 0.814905 0.654386
vt 0.755094 0.654386
vt 0.814905 0.654386
vt 0.734615 0.743754
vt 0.782468 0.507939
vt 0.811215 0.526521
vt 0.782468 0.526521
vt 0.985937 0.696398
vt 0.985937 0.778752
vt 0.909488 0.687517
vt 0.909488 0.787633
vt 0.904057 0.983533
vt 0.904057 0.932336
vt 0.997053 0.958460
vt 0.997053 0.913075
vt 0.735680 0.483720
vt 0.769358 0.483720
vt 0.735680 0.555630
vt 0.769358 0.555630
vt 0.779322 0.574863
vt 0.779322 0.457427
vt 0.728220 0.574863
vt 0.728220 0.457427
vt 0.779322 0.574863
vt 0.728220 0.574863
vt 0.779322 0.457427
vt 0.728220 0.457427
vt 0.782468 0.526521
vt 0.795996 0.576674
vt 0.811215 0.526521
vt 0.810227 0.576674
vt 0.822491 0.586101
vt 0.876403 0.648908
vt 0.809682 0.995066
vt 0.867349 0.937973
vt 0.814849 0.927288
vt 0.871659 0.928717
vt 0.814933 0.987769
vt 0.871659 0.928717
vt 0.841978 0.988840
vt 0.814933 0.987769
vt 0.757871 0.929432
vt 0.814849 0.929432
vt 0.788198 0.989912
vt 0.814849 0.929432
vt 0.814933 0.989912
vt 0.788198 0.989912
vt 0.875138 0.654386
vt 0.814905 0.654386
vt 0.847532 0.601459
vt 0.814905 0.601459
vt 0.847532 0.601459
vt 0.814905 0.654386
vt 0.814905 0.654386
vt 0.755094 0.654386
vt 0.814905 0.601459
vt 0.782615 0.601459
vt 0.814905 0.601459
vt 0.755094 0.654386
vt 0.950596 0.653548
vt 0.904057 0.669212
vt 0.903946 0.653770
vt 0.867349 0.937973
vt 0.876403 0.648908
vt 0.891267 0.795887
vt 0.728220 0.574863
vt 0.728220 0.457427
vt 0.779322 0.574863
vt 0.779322 0.457427
vt 0.728220 0.574863
vt 0.779322 0.574863
vt 0.728220 0.457427
vt 0.779322 0.457427
vt 0.999283 0.843776
vt 0.999283 0.986744
vt 0.905013 0.843776
vt 0.905013 0.986744
vt 0.905013 0.843776
vt 0.905013 0.656929
vt 0.999283 0.843776
vt 0.999283 0.656929
vt 0.905013 0.656929
vt 0.999283 0.986744
vt 0.999283 0.809587
vt 0.905013 0.986744
vt 0.905013 0.809587
vt 0.751668 0.486538
vt 0.737975 0.553544
vt 0.737975 0.486538
vt 0.822491 0.586101
vt 0.809682 0.995066
vt 0.764892 0.643034
vt 0.755838 0.932099
vt 0.737283 0.786351
vt 0.811215 0.526521
vt 0.810227 0.576674
vt 0.782468 0.526521
vt 0.795996 0.576674
vt 0.999050 0.649862
vt 0.903212 0.647767
vt 0.999513 0.452971
vt 0.903233 0.452971
vt 0.915294 0.715097
vt 0.915294 0.789597
vt 0.991111 0.715097
vt 0.991111 0.789597
vt 0.993399 0.687517
vt 0.909488 0.687517
vt 0.993399 0.787633
vt 0.909488 0.787633
vt 0.766201 0.553544
vt 0.737975 0.553544
vt 0.751668 0.486538
vt 0.728712 0.455811
vt 0.781626 0.455811
vt 0.728712 0.565728
vt 0.769398 0.577203
vt 0.985937 0.696398
vt 0.916950 0.696398
vt 0.985937 0.778752
vt 0.916950 0.778752
vt 0.782468 0.507939
vt 0.782468 0.526521
vt 0.811215 0.507939
vt 0.811215 0.526521
vt 0.838306 0.507939
vt 0.810227 0.576674
vt 0.823630 0.576674
vt 0.838306 0.526521
vt 0.811215 0.526521
vt 0.823630 0.576674
vt 0.810227 0.576674
vt 0.811215 0.526521
vt 0.811215 0.455835
vt 0.782468 0.455835
vt 0.811215 0.507939
vt 0.782468 0.507939
vt 0.782468 0.455835
vt 0.811215 0.455835
vt 0.782468 0.507939
vt 0.811215 0.507939
vt 0.766201 0.553544
vt 0.751668 0.486538
vt 0.766201 0.486538
vt 0.999283 0.986744
vt 0.905013 0.986744
vt 0.999283 0.809587
vt 0.905013 0.809587
vt 0.905013 0.843776
vt 0.999283 0.843776
vt 0.905013 0.656929
vt 0.905013 0.843776
vt 0.905013 0.986744
vt 0.999283 0.843776
vt 0.999283 0.986744
vt 0.814905 0.654386
vt 0.755066 0.654386
vt 0.814905 0.601459
vt 0.782727 0.601459
vt 0.814905 0.601459
vt 0.755066 0.654386
vt 0.875390 0.654386
vt 0.814905 0.654386
vt 0.847897 0.601459
vt 0.814905 0.601459
vt 0.904057 0.669212
vt 0.950596 0.653548
vt 0.903946 0.653216
vt 0.757843 0.927952
vt 0.814849 0.927288
vt 0.788338 0.988738
vt 0.814933 0.987769
vt 0.814849 0.929432
vt 0.871967 0.929380
vt 0.814933 0.989912
vt 0.871967 0.929380
vt 0.842314 0.989810
vt 0.814933 0.989912
vt 0.904057 0.932336
vt 0.904057 0.983533
vt 0.997053 0.913075
vt 0.997053 0.958460
vt 0.916950 0.696398
vt 0.993399 0.687517
vt 0.916950 0.778752
vt 0.993399 0.787633
vt 0.814905 0.743754
vt 0.734615 0.743754
vt 0.814905 0.654386
vt 0.755066 0.654386
vt 0.814905 0.654386
vt 0.734615 0.743754
vt 0.891161 0.734955
vt 0.814905 0.743754
vt 0.875390 0.654386
vt 0.814905 0.654386
vt 0.875390 0.654386
vt 0.814905 0.743754
vt 0.814877 0.834909
vt 0.814849 0.927288
vt 0.735737 0.834909
vt 0.814849 0.927288
vt 0.757843 0.927952
vt 0.735737 0.834909
vt 0.890009 0.824879
vt 0.871967 0.929380
vt 0.814877 0.834909
vt 0.871967 0.929380
vt 0.814849 0.929432
vt 0.814877 0.834909
vt 0.905013 0.986744
vt 0.999283 0.986744
vt 0.905013 0.809587
vt 0.999283 0.986744
vt 0.999283 0.809587
vt 0.905013 0.809587
vt 0.902009 0.646091
vt 0.999050 0.649862
vt 0.902507 0.452971
vt 0.902507 0.452971
vt 0.999050 0.649862
vt 0.999513 0.452971
vt 0.734615 0.743754
vt 0.814905 0.743754
vt 0.735737 0.834909
vt 0.814905 0.743754
vt 0.814877 0.834909
vt 0.735737 0.834909
vt 0.814905 0.743754
vt 0.891161 0.734955
vt 0.814877 0.834909
vt 0.891161 0.734955
vt 0.890009 0.824879
vt 0.814877 0.834909
vt 0.905013 0.843776
vt 0.999283 0.843776
vt 0.905013 0.986744
vt 0.999283 0.843776
vt 0.905013 0.843776
vt 0.999283 0.656929
vt 0.905013 0.656929
vt 0.838306 0.455835
vt 0.811215 0.455835
vt 0.838306 0.507939
vt 0.811215 0.507939
vt 0.811215 0.455835
vt 0.838306 0.455835
vt 0.811215 0.507939
vt 0.838306 0.507939
vt 0.999283 0.843776
vt 0.905013 0.843776
vt 0.999283 0.656929
vt 0.905013 0.656929
vt 0.905013 0.843776
vt 0.999283 0.843776
vt 0.905013 0.986744
vt 0.999283 0.986744
vt 0.997053 0.735906
vt 0.950596 0.653548
vt 0.904057 0.727106
vt 0.904057 0.669212
vt 0.755066 0.654386
vt 0.814905 0.654386
vt 0.782727 0.601459
vt 0.814905 0.601459
vt 0.782727 0.601459
vt 0.814905 0.654386
vt 0.814905 0.654386
vt 0.875390 0.654386
vt 0.814905 0.601459
vt 0.847897 0.601459
vt 0.814905 0.601459
vt 0.875390 0.654386
vt 0.814849 0.929278
vt 0.757843 0.927952
vt 0.814933 0.989759
vt 0.757843 0.927952
vt 0.788338 0.988738
vt 0.814933 0.989759
vt 0.871967 0.929380
vt 0.814849 0.929278
vt 0.842314 0.989810
vt 0.814849 0.929278
vt 0.814933 0.989759
vt 0.842314 0.989810
vt 0.999283 0.843776
vt 0.905013 0.843776
vt 0.999283 0.986744
vt 0.905013 0.986744
vt 0.999283 0.656929
vt 0.905013 0.656929
vt 0.999283 0.843776
vt 0.905013 0.843776
vt 0.999283 0.843776
vt 0.905013 0.656929
vt 0.904057 0.833374
vt 0.904057 0.932336
vt 0.997053 0.838189
vt 0.997053 0.913075
vt 0.904057 0.727106
vt 0.904057 0.833374
vt 0.997053 0.735906
vt 0.997053 0.838189
vt 0.734615 0.743754
vt 0.814905 0.743754
vt 0.755066 0.654386
vt 0.814905 0.654386
vt 0.755066 0.654386
vt 0.814905 0.743754
vt 0.814905 0.743754
vt 0.891161 0.734955
vt 0.814905 0.654386
vt 0.875390 0.654386
vt 0.814905 0.654386
vt 0.891161 0.734955
vt 0.735737 0.834909
vt 0.757843 0.927952
vt 0.814877 0.834909
vt 0.814849 0.929278
vt 0.814877 0.834909
vt 0.814849 0.929278
vt 0.890009 0.824879
vt 0.814849 0.929278
vt 0.871967 0.929380
vt 0.890009 0.824879
vt 0.814905 0.743754
vt 0.734615 0.743754
vt 0.814877 0.834909
vt 0.734615 0.743754
vt 0.735737 0.834909
vt 0.814877 0.834909
vt 0.891161 0.734955
vt 0.814905 0.743754
vt 0.890009 0.824879
vt 0.814905 0.743754
vt 0.814877 0.834909
vt 0.890009 0.824879
vt 0.999283 0.843776
vt 0.905013 0.843776
vt 0.999283 0.986744
vt 0.905013 0.986744
vt 0.905013 0.843776
vt 0.999283 0.843776
vt 0.905013 0.986744
vt 0.999283 0.986744
vt 0.905013 0.843776
vt 0.999283 0.843776
vt 0.905013 0.656929
vt 0.999283 0.656929
vt 0.999283 0.843776
vt 0.905013 0.843776
vt 0.999283 0.656929
vt 0.905013 0.656929

vn 0.000000 -1.000000 0.000000
vn 0.000000 -1.000000 0.000000
vn 0.000000 -1.000000 0.000000
vn 0.000000 -1.000000 0.000000
vn 0.000000 -1.000000 0.000000
vn 0.000000 -1.000000 0.000000
vn 0.000000 -1.000000 0.000000
vn 0.000000 -1.000000 0.000000
vn 0.000000 -1.000000 0.000000
vn 0.000000 -1.000000 0.000000
vn 0.000000 -1.000000 0.000000
vn 0.000000 -1.000000 0.000000
vn 0.000000 -1.000000 0.000000
vn 0.000000 -1.000000 0.000000
vn 0.000000 -1.000000 0.000000
vn 0.000000 -1.000000 0.000000
vn 0.000000 -1.000000 0.000000
vn 0.000000 -1.000000 0.000000
vn 0.000000 -1.000000 0.000000
vn 0.000000 -1.000000 0.000000
vn 0.000000 -1.000000 0.000000
vn 0.000000 -1.000000 0.000000
vn 0.000000 -1.000000 0.000000
vn 0.000000 -1.000000 0.000000
vn 0.000000 -1.000000 0.000000
vn 0.499998 -0.001507 0.866025
vn 0.578295 0.801410 0.152699
vn 0.968153 -0.078662 0.237681
vn 0.409504 0.881141 -0.236427
vn 0.865993 -0.008840 -0.499979
vn 0.278240 -0.078661 -0.957285
vn 0.066789 -0.981268 -0.180700
vn -0.133741 -0.963563 -0.231646
vn -0.189888 -0.981267 -0.032510
vn -0.968153 -0.078662 -0.237681
vn -0.865991 -0.008840 0.499982
vn -0.409505 0.881140 0.236428
vn -0.278240 -0.078661 0.957285
vn -0.156907 0.801410 0.577168
vn 0.499998 -0.001507 0.866025
vn 0.234262 0.883451 0.405754
vn 0.578295 0.801410 0.152699
vn 0.334359 0.881140 0.334359
vn 0.598111 0.801411 0.002178
vn 0.996680 -0.078662 0.020995
vn 0.707106 -0.001507 -0.707106
vn 0.189139 -0.963563 -0.189139
vn -0.020996 -0.078662 -0.996680
vn -0.017745 -0.981268 -0.191832
vn -0.707079 -0.008840 -0.707079
vn -0.130070 -0.982936 -0.130069
vn -0.191832 -0.981267 -0.017745
vn 0.000000 -1.000000 0.000000
vn 0.017745 -0.981268 0.191832
vn 0.130070 -0.982936 0.130070
vn 0.707079 -0.008841 0.707079
vn 0.191832 -0.981268 0.017745
vn 0.996680 -0.078662 0.020995
vn 0.189139 -0.963563 -0.189139
vn 0.000000 -1.000000 0.000000
vn 0.000000 -1.000000 0.000000
vn 0.000000 -1.000000 0.000000
vn 0.000000 -1.000000 0.000000
vn 0.000000 -1.000000 0.000000
vn 0.000000 -1.000000 0.000000
vn 0.000000 -1.000000 0.000000
vn 0.000000 -1.000000 0.000000
vn 0.000000 -1.000000 0.000000
vn 0.000000 -1.000000 0.000000
vn 0.000000 -1.000000 0.000000
vn 0.000000 -1.000000 0.000000
vn 0.000000 -1.000000 0.000000
vn 0.000000 -1.000000 0.000000
vn 0.000000 -1.000000 0.000000
vn 0.000000 -1.000000 0.000000
vn 0.133742 -0.963562 0.231649
vn 0.968153 -0.078662 0.237681
vn 0.189888 -0.981268 0.032510
vn 0.865993 -0.008840 -0.499979
vn 0.159302 -0.982936 -0.091973
vn 0.066789 -0.981268 -0.180700
vn 0.000000 -1.000000 0.000000
vn -0.189888 -0.981267 -0.032510
vn -0.159302 -0.982936 0.091973
vn -0.865991 -0.008840 0.499982
vn -0.066790 -0.981267 0.180703
vn -0.278240 -0.078661 0.957285
vn 0.133742 -0.963562 0.231649
vn 0.499998 -0.001507 0.866025
vn 0.968153 -0.078662 0.237681
vn 0.598111 0.801411 0.002178
vn 0.331294 0.883452 -0.331295
vn 0.707106 -0.001507 -0.707106
vn -0.002179 0.801411 -0.598111
vn -0.020996 -0.078662 -0.996680
vn -0.334359 0.881140 -0.334359
vn -0.707079 -0.008840 -0.707079
vn -0.996680 -0.078661 -0.020995
vn -0.191832 -0.981267 -0.017745
vn -0.189139 -0.963563 0.189139
vn 0.017745 -0.981268 0.191832
vn 0.020995 -0.078662 0.996680
vn 0.707079 -0.008841 0.707079
vn 0.334359 0.881140 0.334359
vn 0.996680 -0.078662 0.020995
vn 0.000000 -1.000000 0.000000
vn 0.000000 -1.000000 0.000000
vn 0.000000 -1.000000 0.000000
vn 0.000000 -1.000000 0.000000
vn 0.000000 -1.000000 0.000000
vn 0.000000 -1.000000 0.000000
vn 0.000000 -1.000000 0.000000
vn 0.000000 -1.000000 0.000000
vn 0.000000 -1.000000 0.000000
vn 0.000000 -1.000000 0.000000
vn 0.000000 -1.000000 0.000000
vn 0.000000 -1.000000 0.000000
vn 0.000000 -1.000000 0.000000
vn 0.000000 -1.000000 0.000000
vn 0.000000 -1.000000 0.000000
vn 0.000000 -1.000000 0.000000
vn 0.000000 -1.000000 0.000000
vn 0.000000 -1.000000 0.000000
vn 0.000000 -1.000000 0.000000
vn 0.000000 -1.000000 0.000000
vn 0.000000 -1.000000 0.000000
vn 0.000000 -1.000000 0.000000
vn 0.000000 -1.000000 0.000000
vn 0.000000 -1.000000 0.000000
vn 0.000000 -1.000000 0.000000
vn 0.000000 -1.000000 0.000000
vn 0.000000 -1.000000 0.000000
vn 0.000000 -1.000000 0.000000
vn 0.000000 -1.000000 0.000000
vn 0.000000 -1.000000 0.000000
vn 0.000000 -1.000000 0.000000
vn 0.000000 -1.000000 0.000000
vn 0.000000 -1.000000 0.000000
vn 0.000000 -1.000000 0.000000
vn 0.000000 -1.000000 0.000000
vn 0.000000 -1.000000 0.000000
vn 0.000000 -1.000000 0.000000
vn 0.000000 -1.000000 0.000000
vn 0.000000 -1.000000 0.000000
vn 0.000000 -1.000000 0.000000
vn 0.000000 -1.000000 0.000000
vn 0.000000 -1.000000 0.000000
vn 0.000000 -1.000000 0.000000
vn 0.000000 -1.000000 0.000000
vn 0.000000 -1.000000 0.000000
vn 0.000000 -1.000000 0.000000
vn 0.000000 -1.000000 0.000000
vn 0.000000 -1.000000 0.000000
vn 0.000000 -1.000000 0.000000
vn 0.000000 -1.000000 0.000000
vn 0.000000 -1.000000 0.000000
vn 0.000000 -1.000000 0.000000
vn 0.000000 -1.000000 0.000000
vn 0.000000 -1.000000 0.000000
vn 0.000000 -1.000000 0.000000
vn 0.000000 -1.000000 0.000000
vn 0.000000 -1.000000 0.000000
vn 0.000000 -1.000000 0.000000
vn 0.000000 -1.000000 0.000000
vn 0.000000 -1.000000 0.000000
vn 0.000000 -1.000000 0.000000
vn 0.000000 -1.000000 0.000000
vn 0.000000 -1.000000 0.000000
vn 0.000000 -1.000000 0.000000
vn 0.000000 -1.000000 0.000000
vn 0.000000 -1.000000 0.000000
vn 0.000000 -1.000000 0.000000
vn 0.000000 -1.000000 0.000000
vn 0.000000 -1.000000 0.000000
vn 0.000000 -1.000000 0.000000
vn 0.000000 -1.000000 0.000000
vn 0.000000 -1.000000 0.000000
vn 0.000000 -1.000000 0.000000
vn 0.000000 -1.000000 0.000000
vn 0.000000 -1.000000 0.000000
vn 0.000000 -1.000000 0.000000
vn 0.000000 -1.000000 0.000000
vn 0.000000 -1.000000 0.000000
vn 0.000000 -1.000000 0.000000
vn 0.000000 -1.000000 0.000000
vn 0.000000 -1.000000 0.000000
vn 0.000000 -1.000000 0.000000
vn 0.000000 -1.000000 0.000000
vn 0.000000 -1.000000 0.000000
vn 0.000000 -1.000000 0.000000
vn 0.000000 -1.000000 0.000000
vn 0.000000 -1.000000 0.000000
vn 0.000000 -1.000000 0.000000
vn 0.000000 -1.000000 0.000000
vn 0.000000 -1.000000 0.000000
vn 0.000000 -1.000000 0.000000
vn 0.000000 -1.000000 0.000000
vn 0.000000 -1.000000 0.000000
vn 0.000000 -1.000000 0.000000
vn 0.000000 -1.000000 0.000000
vn 0.000000 -1.000000 0.000000
vn 0.000000 -1.000000 0.000000
vn 0.000000 -1.000000 0.000000
vn 0.000000 -1.000000 0.000000
vn 0.000000 -1.000000 0.000000
vn 0.000000 -1.000000 0.000000
vn 0.000000 -1.000000 0.000000
vn 0.000000 -1.000000 0.000000
vn 0.000000 -1.000000 0.000000
vn 0.000000 -1.000000 0.000000
vn 0.000000 -1.000000 0.000000
vn 0.000000 -1.000000 0.000000
vn 0.000000 -1.000000 0.000000
vn 0.000000 -1.000000 0.000000
vn 0.000000 -1.000000 0.000000
vn 0.000000 -1.000000 0.000000
vn 0.000000 -1.000000 0.000000
vn 0.000000 -1.000000 0.000000
vn 0.000000 -1.000000 0.000000
vn 0.000000 -1.000000 0.000000
vn 0.000000 -1.000000 0.000000
vn 0.000000 -1.000000 0.000000
vn 0.000000 -1.000000 0.000000
vn 0.000000 -1.000000 0.000000
vn 0.000000 -1.000000 0.000000
vn 0.000000 -1.000000 0.000000
vn 0.000000 -1.000000 0.000000
vn 0.000000 -1.000000 0.000000
vn 0.000000 -1.000000 0.000000
vn 0.000000 -1.000000 0.000000
vn 0.000000 -1.000000 0.000000
vn 0.000000 -1.000000 0.000000
vn 0.000000 -1.000000 0.000000
vn 0.000000 -1.000000 0.000000
vn 0.000000 -1.000000 0.000000
vn 0.000000 -1.000000 0.000000
vn 0.000000 -1.000000 0.000000
vn 0.000000 -1.000000 0.000000
vn 0.000000 -1.000000 0.000000
vn 0.000000 -1.000000 0.000000
vn 0.000000 -1.000000 0.000000
vn 0.000000 -1.000000 0.000000
vn 0.000000 -1.000000 0.000000
vn 0.000000 -1.000000 0.000000
vn 0.000000 -1.000000 0.000000
vn 0.000000 -1.000000 0.000000
vn 0.000000 -1.000000 0.000000
vn 0.000000 -1.000000 0.000000
vn 0.000000 -1.000000 0.000000
vn 0.000000 -1.000000 0.000000
vn 0.000000 -1.000000 0.000000
vn 0.000000 -1.000000 0.000000
vn 0.000000 -1.000000 0.000000
vn 0.000000 -1.000000 0.000000
vn 0.000000 -1.000000 0.000000
vn 0.409504 0.881141 -0.236427
vn 0.156905 0.801414 -0.577162
vn 0.278240 -0.078661 -0.957285
vn -0.499999 -0.001507 -0.866024
vn -0.133741 -0.963563 -0.231646
vn -0.968153 -0.078662 -0.237681
vn 0.156905 0.801414 -0.577162
vn -0.234259 0.883453 -0.405750
vn -0.499999 -0.001507 -0.866024
vn -0.578294 0.801411 -0.152699
vn -0.968153 -0.078662 -0.237681
vn -0.409505 0.881140 0.236428
vn 0.334359 0.881140 0.334359
vn 0.020995 -0.078662 0.996680
vn 0.002178 0.801411 0.598111
vn -0.707106 -0.001507 0.707106
vn -0.331294 0.883452 0.331294
vn -0.598111 0.801410 -0.002178
vn 0.020995 -0.078662 0.996680
vn -0.189139 -0.963563 0.189139
vn -0.707106 -0.001507 0.707106
vn -0.996680 -0.078661 -0.020995
vn -0.598111 0.801410 -0.002178
vn -0.334359 0.881140 -0.334359
vn 0.133742 -0.963562 0.231649
vn 0.189888 -0.981268 0.032510
vn -0.066790 -0.981267 0.180703
vn 0.000000 -1.000000 0.000000
vn -0.159302 -0.982936 0.091973
vn 0.130070 -0.982936 0.130070
vn 0.191832 -0.981268 0.017745
vn 0.000000 -1.000000 0.000000
vn -0.017745 -0.981268 -0.191832
vn -0.130070 -0.982936 -0.130069
vn 0.000000 -1.000000 0.000000
vn 0.000000 -1.000000 0.000000
vn 0.000000 -1.000000 0.000000
vn 0.000000 -1.000000 0.000000
vn 0.000000 -1.000000 0.000000
vn 0.189888 -0.981268 0.032510
vn 0.159302 -0.982936 -0.091973
vn 0.189139 -0.963563 -0.189139
vn -0.017745 -0.981268 -0.191832
vn 0.191832 -0.981268 0.017745
vn 0.000000 -1.000000 0.000000
vn 0.000000 -1.000000 0.000000
vn 0.000000 -1.000000 0.000000
vn 0.620900 0.783900 0.000700
vn 0.632900 0.702900 0.324600
vn 0.999200 0.039800 0.010400
vn 0.999700 0.019900 0.013600
vn 0.656300 -0.754300 -0.016400
vn 0.632000 -0.696100 -0.340500
vn 0.000400 -0.999900 -0.012800
vn -0.081200 -0.888000 -0.452600
vn -0.482900 0.588300 0.648600
vn -0.596100 0.721300 0.352600
vn -0.996700 0.032100 0.074000
vn -0.982900 0.161800 0.088300
vn -0.751500 -0.606300 -0.260300
vn -0.999200 0.038500 -0.009800
vn -0.654900 -0.755700 -0.002900
vn 0.522700 0.613000 -0.592400
vn 0.594500 0.731100 -0.334800
vn 0.996700 0.034200 -0.073000
vn 0.982700 0.164900 -0.084300
vn 0.752200 -0.612000 0.244400
vn 0.999200 0.039800 0.010400
vn 0.656300 -0.754300 -0.016400
vn -0.622600 0.782300 0.019100
vn -0.633500 0.710500 -0.306200
vn -0.999200 0.038500 -0.009800
vn -0.999700 0.018900 -0.012200
vn -0.654900 -0.755700 -0.002900
vn -0.630600 -0.705600 0.323200
vn 0.000400 -0.999900 -0.012800
vn 0.082400 -0.899200 0.429700
vn 0.505300 0.054000 -0.861300
vn 0.602500 0.336100 -0.723900
vn 0.956800 0.003400 -0.290600
vn 0.999400 -0.009300 0.034600
vn 0.770000 -0.007300 0.638000
vn 0.682800 -0.289800 0.670700
vn 0.184200 -0.011800 0.982800
vn 0.061800 -0.401000 0.914000
vn -0.690600 0.534500 -0.487200
vn -0.681600 0.326300 -0.654900
vn -0.999900 -0.007600 -0.009700
vn -0.991700 -0.057700 0.114800
vn -0.608700 -0.554400 0.567500
vn -0.601100 -0.325600 0.729800
vn -0.020000 -0.673700 0.738700
vn 0.061800 -0.401000 0.914000
vn 0.483300 -0.588100 -0.648500
vn 0.601200 -0.269200 -0.752400
vn 0.985600 -0.080800 -0.148300
vn 0.992800 0.059300 0.103800
vn 0.634200 0.530500 0.562500
vn 0.629200 0.269600 0.729000
vn 0.060500 0.379100 0.923400
vn 0.184200 -0.011800 0.982800
vn -0.569800 0.009400 -0.821700
vn -0.680900 -0.310900 -0.663100
vn -0.996600 -0.018500 -0.080100
vn -0.978000 0.065100 0.198000
vn -0.555000 0.007000 0.831800
vn -0.540900 0.346200 0.766500
vn 0.060500 0.379100 0.923400
vn -0.021400 0.655500 0.754900
vn 0.595400 -0.721800 -0.352900
vn 0.982900 -0.161800 -0.088300
vn 0.622400 -0.782500 -0.018700
vn 0.999200 -0.038500 0.009900
vn -0.679200 -0.681500 -0.272500
vn -0.999700 -0.019900 -0.013100
vn -0.639300 -0.570500 -0.515500
vn -0.999900 0.005900 -0.010800
vn 0.680200 -0.687300 0.254800
vn 0.999700 -0.019000 0.012100
vn 0.640500 -0.582600 0.500300
vn 0.999900 0.006800 0.010300
vn -0.594400 -0.731100 0.334900
vn -0.982300 -0.167100 0.085200
vn -0.621000 -0.783800 -0.001200
vn -0.999100 -0.040900 -0.010700
vn 0.570100 -0.009500 0.821500
vn 0.681300 -0.326400 0.655200
vn 0.996500 -0.019600 0.080800
vn 0.977800 0.070600 -0.197400
vn 0.554200 0.026800 -0.831900
vn 0.539600 0.365100 -0.758700
vn -0.060900 0.401300 -0.913900
vn 0.019600 0.674200 -0.738300
vn -0.522900 -0.613100 0.592200
vn -0.563700 -0.323300 0.760100
vn -0.985500 -0.085500 0.146800
vn -0.998700 0.047900 -0.019600
vn -0.634600 0.544300 -0.548700
vn -0.683000 0.259300 -0.682800
vn -0.060900 0.401300 -0.913900
vn -0.184000 0.011700 -0.982900
vn 0.688700 0.523400 0.501700
vn 0.680300 0.311200 0.663600
vn 0.999900 -0.005300 0.011400
vn 0.992100 -0.053400 -0.113600
vn 0.610700 -0.539100 -0.580100
vn 0.601800 -0.307900 -0.736900
vn 0.020800 -0.655600 -0.754900
vn -0.061500 -0.379500 -0.923200
vn -0.506000 0.033500 0.861900
vn -0.651500 0.278000 0.705900
vn -0.983800 0.016300 0.178300
vn -0.999300 -0.008900 -0.035300
vn -0.737600 -0.015100 -0.675000
vn -0.682100 -0.273900 -0.678000
vn -0.184000 0.011700 -0.982900
vn -0.061500 -0.379500 -0.923200
vn 0.999700 0.019900 0.013600
vn 0.999900 -0.005300 0.011400
vn 0.632000 -0.696100 -0.340500
vn 0.610700 -0.539100 -0.580100
vn -0.081200 -0.888000 -0.452600
vn 0.020800 -0.655600 -0.754900
vn -0.999700 0.018900 -0.012200
vn -0.999900 -0.007600 -0.009700
vn -0.630600 -0.705600 0.323200
vn -0.608700 -0.554400 0.567500
vn 0.082400 -0.899200 0.429700
vn -0.020000 -0.673700 0.738700
vn 0.999400 -0.009300 0.034600
vn 0.996700 0.034200 -0.073000
vn 0.682800 -0.289800 0.670700
vn 0.578800 -0.582100 0.571100
vn 0.061800 -0.401000 0.914000
vn -0.020000 -0.673700 0.738700
vn -0.991700 -0.057700 0.114800
vn -0.996600 -0.018500 -0.080100
vn -0.601100 -0.325600 0.729800
vn -0.555000 0.007000 0.831800
vn 0.061800 -0.401000 0.914000
vn 0.184200 -0.011800 0.982800
vn 0.956800 0.003400 -0.290600
vn 0.770000 -0.007300 0.638000
vn 0.992800 0.059300 0.103800
vn 0.629200 0.269600 0.729000
vn -0.999900 0.005900 -0.010800
vn -0.610600 0.538900 0.580300
vn -0.978000 0.065100 0.198000
vn -0.540900 0.346200 0.766500
vn 0.982900 -0.161800 -0.088300
vn 0.985600 -0.080800 -0.148300
vn 0.751300 0.606400 0.260500
vn 0.634200 0.530500 0.562500
vn 0.080900 0.888000 0.452700
vn -0.021400 0.655500 0.754900
vn -0.999100 -0.040900 -0.010700
vn -0.657200 0.753500 0.016300
vn -0.999700 -0.019900 -0.013100
vn -0.632800 0.695300 0.340600
vn -0.999900 0.005900 -0.010800
vn -0.610600 0.538900 0.580300
vn 0.999200 -0.038500 0.009900
vn 0.655500 0.755200 0.002600
vn 0.999700 -0.019000 0.012100
vn 0.631200 0.705000 -0.323200
vn 0.999900 0.006800 0.010300
vn 0.608900 0.554400 -0.567400
vn -0.982300 -0.167100 0.085200
vn -0.985500 -0.085500 0.146800
vn -0.753400 0.610600 -0.244100
vn -0.634600 0.544300 -0.548700
vn -0.083300 0.899100 -0.429700
vn 0.019600 0.674200 -0.738300
vn 0.999900 0.006800 0.010300
vn 0.608900 0.554400 -0.567400
vn 0.977800 0.070600 -0.197400
vn 0.539600 0.365100 -0.758700
vn -0.998700 0.047900 -0.019600
vn -0.983800 0.016300 0.178300
vn -0.683000 0.259300 -0.682800
vn -0.737600 -0.015100 -0.675000
vn -0.184000 0.011700 -0.982900
vn 0.992100 -0.053400 -0.113600
vn 0.996500 -0.019600 0.080800
vn 0.601800 -0.307900 -0.736900
vn 0.554200 0.026800 -0.831900
vn -0.061500 -0.379500 -0.923200
vn -0.184000 0.011700 -0.982900
vn -0.999300 -0.008900 -0.035300
vn -0.996700 0.032100 0.074000
vn -0.682100 -0.273900 -0.678000
vn -0.578600 -0.568100 -0.585200
vn -0.061500 -0.379500 -0.923200
vn 0.020800 -0.655600 -0.754900
vn 0.680800 -0.022300 -0.732100
vn 0.956500 0.085500 -0.279100
vn 0.700400 -0.273300 -0.659400
vn 0.968200 0.055000 0.244100
vn 0.700500 -0.273300 -0.659300
vn 0.956500 0.085200 -0.279100
vn -0.747800 -0.007400 -0.663900
vn -0.765300 -0.260100 -0.588800
vn -0.977500 0.103200 -0.183900
vn -0.938700 0.072800 0.337100
vn -0.689700 0.399700 0.603800
vn -0.698400 0.214000 0.683000
vn 0.956500 0.085200 -0.279100
vn 0.754400 0.385100 0.531600
vn 0.968200 0.055000 0.244100
vn 0.764000 0.200400 0.613300
vn 0.617900 0.726000 -0.301900
vn -0.032600 0.546400 -0.836900
vn -0.627300 0.740500 -0.241000
vn -0.250800 0.052100 -0.966600
vn -0.977500 0.103300 -0.184000
vn 0.617900 0.726000 -0.301900
vn -0.627300 0.740500 -0.241000
vn 0.025400 0.961700 0.273100
vn -0.291700 0.610600 0.736300
vn 0.956500 0.085300 -0.279000
vn 0.159000 0.048400 -0.986100
vn 0.617900 0.726000 -0.301900
vn -0.032600 0.546400 -0.836900
vn -0.977500 0.103300 -0.184000
vn -0.291700 0.610600 0.736300
vn -0.627300 0.740500 -0.241000
vn 0.956500 0.085300 -0.279000
vn 0.617900 0.726000 -0.301900
vn 0.376300 0.603700 0.702800
vn 0.025400 0.961700 0.273100
vn 0.977900 0.095600 0.185800
vn 0.939700 0.077900 -0.333100
vn 0.692200 0.415200 -0.590300
vn 0.703800 0.231900 -0.671500
vn -0.958000 0.071000 0.277800
vn -0.755100 0.397500 -0.521300
vn -0.968300 0.055900 -0.243300
vn -0.766900 0.215200 -0.604700
vn -0.680800 -0.043400 0.731200
vn -0.958000 0.071200 0.277800
vn -0.700800 -0.301300 0.646600
vn -0.968300 0.055900 -0.243300
vn -0.700800 -0.301300 0.646600
vn -0.958000 0.071000 0.277800
vn 0.748300 -0.025000 0.662900
vn 0.765100 -0.284800 0.577500
vn 0.977900 0.095600 0.185800
vn 0.939700 0.077900 -0.333100
vn 0.627300 0.734000 0.260300
vn -0.022000 0.968600 -0.247600
vn -0.617100 0.718800 0.320200
vn -0.376800 0.621300 -0.687100
vn -0.958000 0.071200 0.277800
vn 0.627300 0.734000 0.260300
vn -0.617100 0.718800 0.320200
vn 0.034800 0.527300 0.849000
vn -0.158700 0.023400 0.987000
vn 0.977900 0.095600 0.185800
vn 0.294300 0.629400 -0.719200
vn 0.627300 0.734000 0.260300
vn -0.022000 0.968600 -0.247600
vn -0.958000 0.071200 0.277800
vn -0.158700 0.023400 0.987000
vn -0.617100 0.718800 0.320200
vn 0.977900 0.095600 0.185800
vn 0.627300 0.734000 0.260300
vn 0.251300 0.028100 0.967500
vn 0.034800 0.527300 0.849000
vn 0.978500 -0.071900 0.193200
vn 0.940900 0.275000 -0.197800
vn 0.695800 0.699700 -0.162200
vn 0.703600 0.623200 -0.341300
vn -0.958300 -0.124000 0.257300
vn -0.741300 0.661500 -0.113200
vn -0.965500 0.223200 -0.134200
vn -0.757400 0.583600 -0.292900
vn -0.682700 -0.522100 0.511200
vn -0.958300 -0.124000 0.257300
vn -0.703700 -0.654200 0.277300
vn -0.965500 0.223200 -0.134200
vn -0.703400 -0.654400 0.277500
vn -0.958300 -0.124000 0.257300
vn 0.740800 -0.484300 0.465500
vn 0.754500 -0.615100 0.228800
vn 0.978500 -0.071900 0.193200
vn 0.940900 0.275000 -0.197800
vn 0.637400 0.357300 0.682700
vn -0.007000 0.886000 0.463700
vn -0.608600 0.324200 0.724200
vn -0.359500 0.928800 -0.090000
vn -0.958300 -0.124000 0.257400
vn 0.637400 0.357300 0.682700
vn -0.608600 0.324200 0.724200
vn 0.037000 -0.192900 0.980500
vn -0.162500 -0.654700 0.738200
vn 0.978500 -0.071900 0.193200
vn 0.303200 0.946300 -0.112000
vn 0.637400 0.357300 0.682700
vn -0.007000 0.886000 0.463700
vn -0.958300 -0.124000 0.257400
vn -0.162500 -0.654700 0.738200
vn -0.608600 0.324200 0.724200
vn 0.978500 -0.071900 0.193200
vn 0.637400 0.357300 0.682700
vn 0.244000 -0.644200 0.724900
vn 0.037000 -0.192900 0.980500
vn 0.702000 0.543800 0.459900
vn 0.967600 0.133100 0.214600
vn 0.713600 0.663300 0.225400
vn 0.958700 -0.230400 -0.166700
vn 0.713900 0.663000 0.225300
vn 0.967600 0.133200 0.214600
vn -0.720800 0.505600 0.474100
vn -0.743700 0.624300 0.238900
vn -0.969200 0.081700 0.232200
vn -0.948100 -0.281300 -0.148300
vn -0.701900 -0.704500 -0.105100
vn -0.716900 -0.634300 -0.289200
vn 0.967600 0.133200 0.214600
vn 0.736000 -0.666700 -0.117500
vn 0.958700 -0.230400 -0.166700
vn 0.743900 -0.595300 -0.303600
vn 0.638900 -0.292300 0.711600
vn 0.002800 0.238000 0.971300
vn -0.609300 -0.326000 0.722800
vn -0.214200 0.676900 0.704200
vn -0.969200 0.081600 0.232400
vn 0.638900 -0.292300 0.711600
vn -0.609300 -0.326000 0.722800
vn 0.027900 -0.865300 0.500600
vn -0.307200 -0.949700 -0.060100
vn 0.967600 0.133000 0.214700
vn 0.191500 0.687600 0.700300
vn 0.638900 -0.292300 0.711600
vn 0.002800 0.238000 0.971300
vn -0.969200 0.081600 0.232400
vn -0.307200 -0.949700 -0.060100
vn -0.609300 -0.326000 0.722800
vn 0.967600 0.133000 0.214700
vn 0.638900 -0.292300 0.711600
vn 0.355400 -0.932300 -0.066600
vn 0.027900 -0.865300 0.500600
vn 0.710500 0.019800 0.703500
vn 0.968100 -0.081800 0.236800
vn 0.725900 0.277000 0.629500
vn 0.956300 -0.044900 -0.288800
vn 0.725700 0.277100 0.629700
vn 0.968100 -0.081600 0.236800
vn -0.966400 -0.226300 -0.121900
vn -0.730700 0.070900 0.679000
vn -0.957600 0.139400 0.252200
vn -0.742000 0.262100 0.617000
vn -0.706700 -0.452700 -0.543800
vn -0.966400 -0.226400 -0.121700
vn -0.728800 -0.203300 -0.653800
vn -0.957600 0.139400 0.252200
vn -0.729000 -0.203200 -0.653600
vn -0.966400 -0.226300 -0.121900
vn 0.968100 -0.081600 0.236800
vn 0.729700 -0.380600 -0.568100
vn 0.956300 -0.044900 -0.288800
vn 0.736400 -0.190600 -0.649200
vn 0.628000 -0.729900 0.270000
vn 0.000600 -0.552200 0.833700
vn -0.618000 -0.741300 0.261900
vn -0.342500 0.013400 0.939400
vn -0.966400 -0.226400 -0.121700
vn 0.628000 -0.729900 0.270000
vn -0.618000 -0.741300 0.261900
vn 0.009500 -0.960000 -0.280000
vn -0.195200 -0.681200 -0.705600
vn 0.968100 -0.081800 0.236800
vn 0.199200 -0.053100 0.978500
vn 0.628000 -0.729900 0.270000
vn 0.000600 -0.552200 0.833700
vn -0.966400 -0.226400 -0.121700
vn -0.195200 -0.681200 -0.705600
vn -0.618000 -0.741300 0.261900
vn 0.968100 -0.081800 0.236800
vn 0.628000 -0.729900 0.270000
vn 0.343500 -0.598200 -0.724000
vn 0.009500 -0.960000 -0.280000
vn 0.968700 -0.088700 -0.231700
vn 0.952900 -0.093000 0.288800
vn 0.716600 -0.437500 0.543200
vn 0.729000 -0.259500 0.633500
vn -0.968600 -0.062600 -0.240700
vn -0.729500 -0.420700 0.539300
vn -0.956700 -0.069300 0.282600
vn -0.738100 -0.241700 0.629900
vn -0.710100 0.071700 -0.700400
vn -0.968600 -0.062700 -0.240600
vn -0.725500 0.323400 -0.607500
vn -0.956700 -0.069300 0.282600
vn -0.725800 0.323300 -0.607200
vn -0.968600 -0.062600 -0.240700
vn 0.720000 0.051200 -0.692100
vn 0.740400 0.304000 -0.599400
vn 0.968700 -0.088700 -0.231700
vn 0.952900 -0.093000 0.288800
vn 0.616400 -0.722300 -0.313600
vn -0.009900 -0.977100 0.212600
vn -0.629500 -0.708100 -0.319900
vn -0.344100 -0.648800 0.678700
vn -0.968600 -0.062800 -0.240600
vn 0.616400 -0.722300 -0.313600
vn -0.629500 -0.708100 -0.319900
vn -0.000200 -0.492800 -0.870100
vn -0.199200 0.016200 -0.979800
vn 0.968700 -0.088700 -0.231700
vn 0.325400 -0.656700 0.680300
vn 0.616400 -0.722300 -0.313600
vn -0.009900 -0.977100 0.212600
vn -0.968600 -0.062800 -0.240600
vn -0.199200 0.016200 -0.979800
vn -0.629500 -0.708100 -0.319900
vn 0.968700 -0.088700 -0.231700
vn 0.616400 -0.722300 -0.313600
vn 0.210900 0.010800 -0.977500
vn -0.000200 -0.492800 -0.870100
vn 0.690400 -0.723100 0.022600
vn 0.961400 -0.258900 -0.093400
vn 0.717000 -0.641400 0.273000
vn 0.960100 0.271400 -0.067800
vn 0.717100 -0.641300 0.272900
vn 0.961400 -0.259000 -0.093300
vn -0.980500 -0.053000 -0.189100
vn -0.736300 -0.668700 0.103500
vn -0.996800 0.048600 0.063900
vn -0.744000 -0.601700 0.290400
vn -0.980500 -0.053000 -0.189100
vn -0.996800 0.048600 0.063900
vn -0.709700 0.591400 -0.382800
vn -0.711800 0.674000 -0.197700
vn 0.961400 -0.259000 -0.093300
vn 0.732700 0.550200 -0.400500
vn 0.960100 0.271400 -0.067800
vn 0.744600 0.632200 -0.214300
vn 0.607600 -0.308100 -0.732100
vn -0.028500 -0.852600 -0.521700
vn -0.640800 -0.273700 -0.717200
vn -0.356000 -0.933400 0.045100
vn -0.980500 -0.053000 -0.189200
vn 0.607600 -0.308100 -0.732100
vn -0.640800 -0.273700 -0.717200
vn -0.004800 0.261900 -0.965100
vn -0.319300 0.731700 -0.602200
vn 0.961400 -0.258900 -0.093400
vn 0.175900 -0.983900 -0.030400
vn 0.607600 -0.308100 -0.732100
vn -0.028500 -0.852600 -0.521700
vn -0.980500 -0.053000 -0.189200
vn -0.319300 0.731700 -0.602200
vn -0.640800 -0.273700 -0.717200
vn 0.961400 -0.258900 -0.093400
vn 0.607600 -0.308100 -0.732100
vn 0.345500 0.713100 -0.610100
vn -0.004800 0.261900 -0.965100
vn 0.680800 -0.521600 -0.514200
vn 0.957300 -0.122100 -0.262100
vn 0.702900 -0.651600 -0.285200
vn 0.965400 0.224000 0.133400
vn 0.702900 -0.651600 -0.285300
vn 0.957300 -0.122300 -0.262100
vn -0.741100 -0.483700 -0.465600
vn -0.753000 -0.614700 -0.235000
vn -0.978000 -0.071700 -0.196100
vn -0.940800 0.273700 0.199800
vn -0.696100 0.699000 0.163900
vn -0.703300 0.620800 0.346300
vn 0.957300 -0.122300 -0.262100
vn 0.741300 0.661300 0.114700
vn 0.965400 0.224000 0.133400
vn 0.758000 0.581800 0.294900
vn 0.607500 0.324200 -0.725200
vn -0.039200 -0.194200 -0.980200
vn -0.638700 0.356400 -0.682000
vn -0.245000 -0.643600 -0.725100
vn -0.977900 -0.071700 -0.196200
vn 0.607500 0.324200 -0.725200
vn -0.638700 0.356400 -0.682000
vn 0.005500 0.886400 -0.462900
vn -0.303300 0.946100 0.113700
vn 0.957300 -0.122000 -0.262100
vn 0.160600 -0.654100 -0.739200
vn 0.607500 0.324200 -0.725200
vn -0.039200 -0.194200 -0.980200
vn -0.977900 -0.071700 -0.196200
vn -0.303300 0.946100 0.113700
vn -0.638700 0.356400 -0.682000
vn 0.957300 -0.122000 -0.262100
vn 0.607500 0.324200 -0.725200
vn 0.359300 0.928800 0.090500
vn 0.005500 0.886400 -0.462900
vn -0.960200 -0.167600 -0.223600
vn -0.951300 0.157600 0.264900
vn -0.903200 0.139800 -0.405800
vn -0.791600 0.610900 0.009700
vn -0.195700 0.762200 -0.617100
vn -0.289100 0.943200 -0.163800
vn -0.951300 0.157600 0.264900
vn -0.960200 -0.167600 -0.223600
vn -0.884200 -0.147200 0.443300
vn -0.787000 -0.616500 0.023100
vn -0.171700 -0.764300 0.621500
vn -0.280900 -0.943500 0.175600
vn -0.158200 -0.410300 0.898100
vn -0.488800 0.366400 0.791700
vn -0.884200 -0.147200 0.443300
vn -0.951300 0.157600 0.264900
vn -0.289600 0.941800 0.170500
vn -0.791600 0.610900 0.009700
vn -0.291800 0.647400 0.704100
vn -0.951300 0.157600 0.264900
vn -0.196400 0.406900 -0.892100
vn -0.518600 -0.370900 -0.770400
vn -0.903200 0.139800 -0.405800
vn -0.960200 -0.167600 -0.223600
vn -0.295000 -0.942200 -0.158600
vn -0.787000 -0.616500 0.023100
vn -0.319300 -0.650800 -0.688900
vn -0.960200 -0.167600 -0.223600
vn 0.960100 -0.167800 0.223500
vn 0.951200 0.158100 -0.265000
vn 0.902900 0.140500 0.406200
vn 0.791600 0.610900 -0.009700
vn 0.195700 0.762200 0.617100
vn 0.289100 0.943200 0.163800
vn 0.951200 0.158100 -0.265000
vn 0.960100 -0.167800 0.223500
vn 0.883900 -0.147600 -0.443700
vn 0.786400 -0.617200 -0.023500
vn 0.171300 -0.764200 -0.621900
vn 0.280900 -0.943500 -0.175600
vn 0.157700 -0.410900 -0.897900
vn 0.488800 0.366400 -0.791700
vn 0.883900 -0.147600 -0.443700
vn 0.951200 0.158100 -0.265000
vn 0.289600 0.941800 -0.170500
vn 0.791600 0.610900 -0.009700
vn 0.291800 0.647400 -0.704100
vn 0.951200 0.158100 -0.265000
vn 0.196400 0.406900 0.892100
vn 0.517800 -0.371100 0.770800
vn 0.902900 0.140500 0.406200
vn 0.960100 -0.167800 0.223500
vn 0.295000 -0.942300 0.158600
vn 0.786400 -0.617200 -0.023500
vn 0.318500 -0.650800 0.689200
vn 0.960100 -0.167800 0.223500
vn -0.001700 0.999900 0.012800
vn 0.026700 0.903100 0.428700
vn 0.620900 0.783900 0.000700
vn 0.632900 0.702900 0.324600
vn 0.026700 0.903100 0.428700
vn 0.162000 0.677000 0.717900
vn 0.632900 0.702900 0.324600
vn 0.688700 0.523400 0.501700
vn 0.999700 0.019900 0.013600
vn 0.999900 -0.005300 0.011400
vn 0.162000 0.677000 0.717900
vn 0.026700 0.903100 0.428700
vn -0.482900 0.588300 0.648600
vn -0.596100 0.721300 0.352600
vn 0.026700 0.903100 0.428700
vn -0.001700 0.999900 0.012800
vn -0.596100 0.721300 0.352600
vn -0.622600 0.782300 0.019100
vn -0.982900 0.161800 0.088300
vn -0.999200 0.038500 -0.009800
vn -0.099300 0.680600 -0.725900
vn -0.029200 0.913500 -0.405700
vn 0.522700 0.613000 -0.592400
vn 0.594500 0.731100 -0.334800
vn -0.029200 0.913500 -0.405700
vn -0.001700 0.999900 0.012800
vn 0.594500 0.731100 -0.334800
vn 0.620900 0.783900 0.000700
vn 0.982700 0.164900 -0.084300
vn 0.999200 0.039800 0.010400
vn -0.001700 0.999900 0.012800
vn -0.029200 0.913500 -0.405700
vn -0.622600 0.782300 0.019100
vn -0.633500 0.710500 -0.306200
vn -0.029200 0.913500 -0.405700
vn -0.099300 0.680600 -0.725900
vn -0.633500 0.710500 -0.306200
vn -0.690600 0.534500 -0.487200
vn -0.999700 0.018900 -0.012200
vn -0.999900 -0.007600 -0.009700
vn 0.003500 -0.032300 -0.999500
vn -0.062700 0.343100 -0.937200
vn 0.505300 0.054000 -0.861300
vn 0.602500 0.336100 -0.723900
vn -0.062700 0.343100 -0.937200
vn -0.099300 0.680600 -0.725900
vn 0.602500 0.336100 -0.723900
vn 0.522700 0.613000 -0.592400
vn 0.996700 0.034200 -0.073000
vn 0.996700 0.034200 -0.073000
vn 0.999400 -0.009300 0.034600
vn 0.602500 0.336100 -0.723900
vn -0.062700 0.343100 -0.937200
vn -0.681600 0.326300 -0.654900
vn -0.099300 0.680600 -0.725900
vn -0.690600 0.534500 -0.487200
vn 0.003500 -0.032300 -0.999500
vn -0.569800 0.009400 -0.821700
vn -0.062700 0.343100 -0.937200
vn -0.681600 0.326300 -0.654900
vn -0.569800 0.009400 -0.821700
vn -0.996600 -0.018500 -0.080100
vn -0.681600 0.326300 -0.654900
vn -0.991700 -0.057700 0.114800
vn -0.117500 -0.654000 -0.747300
vn -0.059000 -0.379400 -0.923400
vn 0.483300 -0.588100 -0.648500
vn 0.601200 -0.269200 -0.752400
vn -0.059000 -0.379400 -0.923400
vn 0.003500 -0.032300 -0.999500
vn 0.601200 -0.269200 -0.752400
vn 0.505300 0.054000 -0.861300
vn 0.956800 0.003400 -0.290600
vn 0.956800 0.003400 -0.290600
vn 0.992800 0.059300 0.103800
vn 0.601200 -0.269200 -0.752400
vn 0.003500 -0.032300 -0.999500
vn -0.059000 -0.379400 -0.923400
vn -0.569800 0.009400 -0.821700
vn -0.680900 -0.310900 -0.663100
vn -0.059000 -0.379400 -0.923400
vn -0.117500 -0.654000 -0.747300
vn -0.680900 -0.310900 -0.663100
vn -0.639300 -0.570500 -0.515500
vn -0.999900 0.005900 -0.010800
vn -0.999900 0.005900 -0.010800
vn -0.978000 0.065100 0.198000
vn -0.680900 -0.310900 -0.663100
vn -0.079500 -0.888800 -0.451300
vn 0.595400 -0.721800 -0.352900
vn 0.000400 -0.999900 -0.012400
vn 0.622400 -0.782500 -0.018700
vn -0.117500 -0.654000 -0.747300
vn 0.483300 -0.588100 -0.648500
vn -0.079500 -0.888800 -0.451300
vn 0.595400 -0.721800 -0.352900
vn 0.483300 -0.588100 -0.648500
vn 0.985600 -0.080800 -0.148300
vn 0.595400 -0.721800 -0.352900
vn 0.982900 -0.161800 -0.088300
vn -0.117500 -0.654000 -0.747300
vn -0.079500 -0.888800 -0.451300
vn -0.639300 -0.570500 -0.515500
vn -0.679200 -0.681500 -0.272500
vn 0.000400 -0.999900 -0.012400
vn -0.621000 -0.783800 -0.001200
vn -0.079500 -0.888800 -0.451300
vn -0.679200 -0.681500 -0.272500
vn -0.621000 -0.783800 -0.001200
vn -0.999100 -0.040900 -0.010700
vn -0.679200 -0.681500 -0.272500
vn -0.999700 -0.019900 -0.013100
vn 0.050500 -0.656900 0.752300
vn 0.080900 -0.899900 0.428600
vn 0.640500 -0.582600 0.500300
vn 0.680200 -0.687300 0.254800
vn 0.000400 -0.999900 -0.012400
vn 0.622400 -0.782500 -0.018700
vn 0.080900 -0.899900 0.428600
vn 0.680200 -0.687300 0.254800
vn 0.622400 -0.782500 -0.018700
vn 0.999200 -0.038500 0.009900
vn 0.680200 -0.687300 0.254800
vn 0.999700 -0.019000 0.012100
vn 0.080900 -0.899900 0.428600
vn -0.594400 -0.731100 0.334900
vn 0.000400 -0.999900 -0.012400
vn -0.621000 -0.783800 -0.001200
vn 0.050500 -0.656900 0.752300
vn -0.522900 -0.613100 0.592200
vn 0.080900 -0.899900 0.428600
vn -0.594400 -0.731100 0.334900
vn -0.522900 -0.613100 0.592200
vn -0.985500 -0.085500 0.146800
vn -0.594400 -0.731100 0.334900
vn -0.982300 -0.167100 0.085200
vn -0.003200 -0.055800 0.998400
vn 0.131100 -0.365000 0.921700
vn 0.570100 -0.009500 0.821500
vn 0.681300 -0.326400 0.655200
vn 0.131100 -0.365000 0.921700
vn 0.050500 -0.656900 0.752300
vn 0.681300 -0.326400 0.655200
vn 0.640500 -0.582600 0.500300
vn 0.999900 0.006800 0.010300
vn 0.999900 0.006800 0.010300
vn 0.977800 0.070600 -0.197400
vn 0.681300 -0.326400 0.655200
vn 0.131100 -0.365000 0.921700
vn -0.563700 -0.323300 0.760100
vn 0.050500 -0.656900 0.752300
vn -0.522900 -0.613100 0.592200
vn 0.131100 -0.365000 0.921700
vn -0.003200 -0.055800 0.998400
vn -0.563700 -0.323300 0.760100
vn -0.506000 0.033500 0.861900
vn -0.983800 0.016300 0.178300
vn -0.983800 0.016300 0.178300
vn -0.998700 0.047900 -0.019600
vn -0.563700 -0.323300 0.760100
vn 0.011400 0.354300 0.935100
vn 0.680300 0.311200 0.663600
vn 0.162000 0.677000 0.717900
vn 0.688700 0.523400 0.501700
vn -0.003200 -0.055800 0.998400
vn 0.570100 -0.009500 0.821500
vn 0.011400 0.354300 0.935100
vn 0.680300 0.311200 0.663600
vn 0.570100 -0.009500 0.821500
vn 0.996500 -0.019600 0.080800
vn 0.680300 0.311200 0.663600
vn 0.992100 -0.053400 -0.113600
vn -0.003200 -0.055800 0.998400
vn 0.011400 0.354300 0.935100
vn -0.506000 0.033500 0.861900
vn -0.651500 0.278000 0.705900
vn 0.162000 0.677000 0.717900
vn -0.482900 0.588300 0.648600
vn 0.011400 0.354300 0.935100
vn -0.651500 0.278000 0.705900
vn -0.482900 0.588300 0.648600
vn -0.996700 0.032100 0.074000
vn -0.651500 0.278000 0.705900
vn -0.999300 -0.008900 -0.035300
vn -0.751500 -0.606300 -0.260300
vn -0.654900 -0.755700 -0.002900
vn -0.081200 -0.888000 -0.452600
vn 0.000400 -0.999900 -0.012800
vn -0.751500 -0.606300 -0.260300
vn -0.081200 -0.888000 -0.452600
vn -0.578600 -0.568100 -0.585200
vn 0.020800 -0.655600 -0.754900
vn -0.578600 -0.568100 -0.585200
vn -0.996700 0.032100 0.074000
vn -0.751500 -0.606300 -0.260300
vn 0.752200 -0.612000 0.244400
vn 0.656300 -0.754300 -0.016400
vn 0.082400 -0.899200 0.429700
vn 0.000400 -0.999900 -0.012800
vn 0.752200 -0.612000 0.244400
vn 0.082400 -0.899200 0.429700
vn 0.578800 -0.582100 0.571100
vn -0.020000 -0.673700 0.738700
vn 0.578800 -0.582100 0.571100
vn 0.996700 0.034200 -0.073000
vn 0.752200 -0.612000 0.244400
vn 0.770000 -0.007300 0.638000
vn 0.184200 -0.011800 0.982800
vn 0.629200 0.269600 0.729000
vn 0.060500 0.379100 0.923400
vn -0.021400 0.655500 0.754900
vn 0.634200 0.530500 0.562500
vn -0.610600 0.538900 0.580300
vn -0.021400 0.655500 0.754900
vn -0.540900 0.346200 0.766500
vn 0.060500 0.379100 0.923400
vn 0.184200 -0.011800 0.982800
vn -0.555000 0.007000 0.831800
vn 0.751300 0.606400 0.260500
vn 0.080900 0.888000 0.452700
vn 0.655500 0.755200 0.002600
vn -0.001500 0.999900 0.013000
vn 0.982900 -0.161800 -0.088300
vn 0.751300 0.606400 0.260500
vn 0.999200 -0.038500 0.009900
vn 0.655500 0.755200 0.002600
vn -0.657200 0.753500 0.016300
vn -0.001500 0.999900 0.013000
vn -0.632800 0.695300 0.340600
vn 0.080900 0.888000 0.452700
vn -0.610600 0.538900 0.580300
vn -0.021400 0.655500 0.754900
vn 0.655500 0.755200 0.002600
vn -0.001500 0.999900 0.013000
vn 0.631200 0.705000 -0.323200
vn -0.083300 0.899100 -0.429700
vn 0.608900 0.554400 -0.567400
vn 0.019600 0.674200 -0.738300
vn -0.753400 0.610600 -0.244100
vn -0.083300 0.899100 -0.429700
vn -0.657200 0.753500 0.016300
vn -0.001500 0.999900 0.013000
vn -0.982300 -0.167100 0.085200
vn -0.753400 0.610600 -0.244100
vn -0.999100 -0.040900 -0.010700
vn -0.657200 0.753500 0.016300
vn 0.608900 0.554400 -0.567400
vn 0.019600 0.674200 -0.738300
vn 0.539600 0.365100 -0.758700
vn -0.060900 0.401300 -0.913900
vn -0.184000 0.011700 -0.982900
vn 0.554200 0.026800 -0.831900
vn -0.060900 0.401300 -0.913900
vn 0.019600 0.674200 -0.738300
vn -0.634600 0.544300 -0.548700
vn 0.000000 -1.000000 0.000000
vn 0.000000 -1.000000 0.000000
vn 0.038000 0.007400 0.999200
vn 0.044000 -0.001300 0.999000
vn 0.000000 -1.000000 0.000000
vn 0.032200 0.001300 0.999500
vn 0.044000 -0.001300 0.999000
vn 0.032200 0.001300 0.999500
vn 0.000000 -1.000000 0.000000
vn 0.000000 -1.000000 0.000000
vn 0.038100 -0.007400 0.999200
vn 0.000000 -1.000000 0.000000
vn 0.015900 0.863700 0.503800
vn 0.025400 0.863500 0.503700
vn 0.000000 -1.000000 0.000000
vn 0.000000 -1.000000 0.000000
vn 0.000000 -1.000000 0.000000
vn 0.000000 -1.000000 0.000000
vn -0.359000 0.869800 -0.338500
vn 0.000000 -1.000000 0.000000
vn 0.335000 0.856300 0.393000
vn 0.015900 0.863700 0.503800
vn 0.025400 0.863500 0.503700
vn -0.656900 -0.257200 0.708700
vn 0.036900 -0.257200 0.965700
vn -0.663600 0.215500 0.716400
vn 0.037000 0.215400 0.975800
vn 0.036600 -0.257200 0.965700
vn 0.709000 -0.257200 0.656700
vn 0.037300 0.215400 0.975800
vn 0.716200 0.215500 0.663800
vn 0.031700 0.169900 0.984900
vn 0.023500 0.525800 0.850300
vn -0.665500 0.169900 0.726800
vn -0.571600 0.525700 0.630000
vn 0.718900 0.169900 0.674100
vn 0.617900 0.525700 0.584600
vn 0.043400 0.169900 0.984500
vn 0.041300 0.525800 0.849600
vn 0.028600 -0.192500 0.980900
vn -0.658400 -0.188800 0.728600
vn 0.011600 -0.645000 0.764100
vn -0.511800 -0.640100 0.573000
vn 0.009100 -0.648400 0.761300
vn -0.656300 -0.185000 0.731500
vn 0.713800 -0.192500 0.673400
vn 0.049600 -0.188800 0.980800
vn 0.548500 -0.645000 0.532100
vn 0.043300 -0.640100 0.767100
vn 0.544800 -0.648300 0.531900
vn 0.053200 -0.185000 0.981300
vn 0.000000 -1.000000 0.000000
vn 0.034700 0.194500 0.980300
vn -0.666500 0.194200 0.719700
vn 0.035500 0.194600 0.980200
vn 0.039200 0.194600 0.980100
vn 0.656900 0.200300 0.726900
vn 0.040000 0.199700 0.979100
vn 0.656300 0.203700 0.726500
vn 0.591200 0.128800 0.796200
vn 0.040200 0.208900 0.977100
vn -0.519600 0.521900 0.676500
vn 0.033200 0.488700 0.871800
vn -0.450000 0.648300 0.614100
vn 0.030000 0.618100 0.785500
vn 0.028700 0.656700 0.753600
vn 0.495400 0.648300 0.578200
vn 0.466400 0.685600 0.558900
vn 0.682600 0.723200 0.105200
vn 0.642700 0.757600 0.114500
vn 0.473300 0.801200 -0.366100
vn 0.445400 0.833000 -0.328300
vn -0.021000 0.834600 -0.550400
vn -0.019100 0.865300 -0.501000
vn -0.469100 0.833000 -0.293400
vn -0.596600 0.667200 -0.445900
vn -0.632100 0.757600 0.163000
vn -0.810000 0.571500 0.131600
vn -0.422500 0.685600 0.592800
vn -0.548400 0.478100 0.686100
vn 0.028700 0.656700 0.753600
vn 0.034200 0.439900 0.897400
vn 0.599000 0.478100 0.642400
vn 0.033200 0.488700 0.871800
vn 0.569500 0.521900 0.635100
vn 0.030000 0.618100 0.785500
vn 0.495400 0.648300 0.578200
vn 0.000000 -1.000000 0.000000
vn 0.000000 -1.000000 0.000000
vn 0.000000 -1.000000 0.000000
vn 0.000000 -1.000000 0.000000
vn 0.000000 -1.000000 0.000000
vn 0.000000 -1.000000 0.000000
vn 0.000000 -1.000000 0.000000
vn 0.000000 -1.000000 0.000000
vn 0.000000 -1.000000 0.000000
vn 0.335000 0.856300 0.393000
vn -0.572500 0.507700 0.643800
vn 0.013500 0.505900 0.862500
vn -0.476700 0.690400 0.544100
vn 0.011700 0.503800 0.863700
vn 0.007500 0.688400 0.725300
vn -0.473700 0.694800 0.541200
vn 0.050400 0.507700 0.860000
vn 0.619500 0.505800 0.600300
vn 0.047700 0.690500 0.721700
vn 0.619000 0.503800 0.602500
vn 0.518200 0.688300 0.507600
vn 0.047700 0.694900 0.717500
vn -0.450000 0.648300 0.614100
vn 0.028700 0.656700 0.753600
vn -0.422500 0.685600 0.592800
vn 0.009500 -0.636200 0.771500
vn -0.509300 -0.635500 0.580300
vn 0.000300 -0.806000 0.591900
vn -0.386500 -0.805100 0.449900
vn 0.000100 -0.808100 0.589000
vn -0.508700 -0.634100 0.582400
vn 0.552300 -0.636200 0.538800
vn 0.050200 -0.635500 0.770500
vn 0.418600 -0.806000 0.418400
vn 0.045000 -0.805100 0.591400
vn 0.416500 -0.808100 0.416500
vn 0.052100 -0.634100 0.771500
vn 0.592800 0.134600 0.794000
vn 0.656400 0.205000 0.726100
vn 0.692400 0.077200 0.717400
vn 0.000000 -1.000000 0.000000
vn 0.466400 0.685600 0.558900
vn 0.599000 0.478100 0.642400
vn 0.028700 0.656700 0.753600
vn 0.000000 -1.000000 0.000000
vn 0.000000 -1.000000 0.000000
vn 0.000000 -1.000000 0.000000
vn 0.000000 -1.000000 0.000000
vn 0.000000 -1.000000 0.000000
vn 0.000000 -1.000000 0.000000
vn 0.000000 -1.000000 0.000000
vn 0.000000 -1.000000 0.000000
vn 0.000000 -1.000000 0.000000
vn 0.000000 -1.000000 0.000000
vn 0.000000 -1.000000 0.000000
vn 0.000000 -1.000000 0.000000
vn 0.000000 -1.000000 0.000000
vn 0.000000 -1.000000 0.000000
vn -0.965700 -0.257200 0.036600
vn -0.660000 -0.266900 0.702200
vn -0.973500 0.224700 0.041700
vn -0.660200 -0.267200 0.702000
vn -0.663800 0.215500 0.716200
vn -0.973000 0.226600 0.042700
vn 0.708700 -0.257200 0.656900
vn 0.965700 -0.257200 -0.036900
vn 0.716400 0.215500 0.663600
vn 0.975800 0.215400 -0.037000
vn 0.592400 0.154100 0.790800
vn 0.692200 0.095900 0.715300
vn 0.644000 0.025600 0.764600
vn 0.686500 0.125100 0.716300
vn 0.168900 -0.089900 0.981500
vn 0.648500 0.019900 0.760900
vn 0.000000 -1.000000 0.000000
vn 0.000000 -1.000000 0.000000
vn 0.000000 -1.000000 0.000000
vn 0.000000 -1.000000 0.000000
vn 0.000000 -1.000000 0.000000
vn 0.000000 -1.000000 0.000000
vn -0.781600 0.605700 0.148900
vn -0.519600 0.521900 0.676500
vn -0.672600 0.723200 0.156900
vn -0.450000 0.648300 0.614100
vn -0.422500 0.685600 0.592800
vn 0.569500 0.521900 0.635100
vn 0.790700 0.605700 0.088900
vn 0.495400 0.648300 0.578200
vn 0.682600 0.723200 0.105200
vn -0.674100 0.169900 0.718900
vn -0.584500 0.532500 0.612200
vn -0.985400 0.163600 0.046900
vn -0.584500 0.536600 0.608600
vn -0.849600 0.525800 0.041300
vn -0.985700 0.161500 0.048200
vn 0.984900 0.169900 -0.031700
vn 0.846200 0.532500 -0.019500
vn 0.730000 0.163600 0.663600
vn 0.843600 0.536700 -0.017000
vn 0.630000 0.525700 0.571600
vn 0.731000 0.161500 0.663000
vn -0.673400 -0.192500 0.713800
vn -0.980800 -0.188800 0.049600
vn -0.532100 -0.645000 0.548500
vn -0.767100 -0.640100 0.043300
vn -0.531900 -0.648300 0.544800
vn -0.981300 -0.185000 0.053200
vn 0.980900 -0.192500 -0.028600
vn 0.728600 -0.188800 0.658400
vn 0.764100 -0.645000 -0.011600
vn 0.573000 -0.640100 0.511800
vn 0.761300 -0.648400 -0.009100
vn 0.731500 -0.185000 0.656300
vn -0.672600 0.723200 0.156900
vn -0.422500 0.685600 0.592800
vn -0.632100 0.757600 0.163000
vn 0.000000 -1.000000 0.000000
vn 0.031400 -0.069700 -0.997100
vn 0.031700 -0.069900 -0.997000
vn 0.034100 -0.072000 -0.996800
vn 0.000000 -1.000000 0.000000
vn 0.000000 -1.000000 0.000000
vn -0.980200 0.194600 0.037300
vn -0.666500 0.194200 0.719700
vn 0.018400 0.875500 0.482900
vn 0.018400 0.875500 0.482900
vn 0.018400 0.875500 0.482900
vn 0.018400 0.875500 0.482900
vn -0.648600 -0.023800 0.760800
vn -0.648300 -0.024000 0.761000
vn -0.648500 -0.023900 0.760900
vn -0.648200 -0.024100 0.761000
vn 0.704600 -0.023800 0.709200
vn 0.704500 -0.023900 0.709300
vn 0.704300 -0.024100 0.709500
vn 0.704300 -0.024100 0.709500
vn 0.642700 0.757600 0.114500
vn 0.817600 0.571500 0.069600
vn 0.466400 0.685600 0.558900
vn 0.599000 0.478100 0.642400
vn 0.007000 0.983000 0.183300
vn 0.007000 0.983000 0.183200
vn 0.007000 0.983000 0.183300
vn 0.007000 0.983000 0.183200
vn -0.860000 0.507700 0.050400
vn -0.600300 0.505800 0.619500
vn -0.721700 0.690500 0.047700
vn -0.602500 0.503800 0.619000
vn -0.507600 0.688300 0.518200
vn -0.717500 0.694900 0.047700
vn 0.643800 0.507700 0.572500
vn 0.862500 0.505900 -0.013500
vn 0.544100 0.690400 0.476700
vn 0.863700 0.503800 -0.011700
vn 0.725300 0.688400 -0.007500
vn 0.541200 0.694800 0.473700
vn -0.538800 -0.636200 0.552300
vn -0.770500 -0.635500 0.050200
vn -0.418400 -0.806100 0.418600
vn -0.594700 -0.803300 0.031100
vn -0.416500 -0.808100 0.416500
vn -0.772000 -0.635300 0.021200
vn 0.771500 -0.636200 -0.009500
vn 0.580300 -0.635400 0.509300
vn 0.591900 -0.806000 -0.000300
vn 0.449900 -0.805100 0.386500
vn 0.589000 -0.808100 -0.000100
vn 0.582400 -0.634100 0.508700
vn 0.694400 0.069000 0.716300
vn 0.000000 -1.000000 0.000000
vn 0.000000 -1.000000 0.000000
vn 0.007000 0.983000 0.183200
vn 0.007000 0.983000 0.183200
vn 0.007000 0.982900 0.183800
vn -0.733500 0.439500 -0.518500
vn -0.733100 0.439900 -0.518700
vn -0.733300 0.439700 -0.518600
vn -0.733000 0.439900 -0.518800
vn 0.691900 0.439500 -0.572800
vn 0.691700 0.439700 -0.572900
vn 0.691500 0.439900 -0.573000
vn 0.691400 0.439900 -0.573100
vn 0.000000 -1.000000 0.000000
vn 0.000000 -1.000000 0.000000
vn 0.000000 -1.000000 0.000000
vn 0.000000 -1.000000 0.000000
vn 0.000000 -1.000000 0.000000
vn 0.000000 -1.000000 0.000000
vn 0.000000 -1.000000 0.000000
vn 0.000000 -1.000000 0.000000
vn 0.563700 -0.445600 -0.695400
vn 0.000000 -1.000000 0.000000
vn 0.000000 -1.000000 0.000000
vn 0.000000 -1.000000 0.000000
vn 0.000000 -1.000000 0.000000
vn 0.000000 -1.000000 0.000000
vn 0.000000 -1.000000 0.000000
vn 0.000000 -1.000000 0.000000
vn 0.007000 0.983000 0.183300
vn 0.007000 0.983000 0.183300
vn 0.007000 0.983000 0.183600
vn 0.007000 0.983000 0.183600
vn 0.007000 0.982900 0.184000
vn 0.445400 0.833000 -0.328300
vn 0.561000 0.667200 -0.490000
vn 0.642700 0.757600 0.114500
vn 0.817600 0.571500 0.069600
vn 0.935000 0.353000 -0.035600
vn 0.935000 0.353000 -0.035600
vn 0.935000 0.353000 -0.035600
vn 0.935000 0.353000 -0.035600
vn 0.091200 -0.995800 -0.003500
vn 0.091100 -0.995800 -0.003500
vn 0.184100 -0.982900 -0.007000
vn 0.184100 -0.982900 -0.007000
vn 0.091100 -0.995800 -0.003500
vn 0.091200 -0.995800 -0.003500
vn 0.000000 -1.000000 0.000000
vn 0.000000 -1.000000 0.000000
vn 0.157400 0.976700 0.146100
vn 0.000000 -1.000000 0.000000
vn 0.000000 -1.000000 0.000000
vn 0.975900 0.215200 -0.037200
vn 0.975900 0.215200 -0.037200
vn 0.975900 0.215200 -0.037200
vn 0.975900 0.215200 -0.037200
vn 0.000000 -1.000000 0.000000
vn 0.184500 0.972100 0.144900
vn 0.355000 0.934800 -0.013500
vn 0.355000 0.934800 -0.013500
vn -0.672600 0.723200 0.156900
vn -0.632100 0.757600 0.163000
vn -0.499700 0.801300 -0.329000
vn -0.469100 0.833000 -0.293400
vn -0.021000 0.834600 -0.550400
vn -0.596600 0.667200 -0.445900
vn -0.026900 0.707800 -0.705900
vn -0.019100 0.865300 -0.501000
vn 0.445400 0.833000 -0.328300
vn -0.026900 0.707800 -0.705900
vn 0.561000 0.667200 -0.490000
vn 0.445400 0.833000 -0.328300
vn -0.584800 0.694400 -0.419300
vn -0.781600 0.605700 0.148900
vn -0.499700 0.801300 -0.329000
vn -0.672600 0.723200 0.156900
vn 0.790700 0.605700 0.088900
vn 0.551200 0.694400 -0.462600
vn 0.682600 0.723200 0.105200
vn 0.473300 0.801200 -0.366100
vn 0.168500 0.976600 0.133500
vn 0.000000 -1.000000 0.000000
vn -0.123600 0.963100 0.239100
vn 0.000000 -1.000000 0.000000
vn -0.493100 0.770300 0.404500
vn 0.000000 -1.000000 0.000000
vn -0.212700 0.936100 0.280200
vn 0.661000 -0.491900 -0.566600
vn 0.000000 -1.000000 0.000000
vn 0.563700 -0.445600 -0.695400
vn 0.453900 0.768100 -0.451600
vn 0.353700 0.676200 -0.646300
vn 0.000000 -1.000000 0.000000
vn 0.000000 -1.000000 0.000000
vn -0.772000 -0.635300 0.021200
vn -0.580300 -0.635400 -0.509300
vn -0.594700 -0.803300 0.031100
vn -0.449900 -0.805100 -0.386500
vn -0.589000 -0.808100 0.000100
vn -0.582400 -0.634100 -0.508700
vn 0.538800 -0.636200 -0.552300
vn 0.769900 -0.636200 -0.049200
vn 0.419200 -0.805100 -0.419600
vn 0.591400 -0.805100 -0.045000
vn 0.924500 0.196600 -0.326600
vn 0.635600 0.068500 -0.768900
vn 0.994400 0.105000 0.008500
vn -0.643800 0.507700 -0.572500
vn -0.861400 0.507800 0.015200
vn -0.545600 0.688300 -0.478100
vn -0.725300 0.688400 0.007500
vn 0.860000 0.507700 -0.050400
vn 0.600300 0.505800 -0.619500
vn 0.721700 0.690500 -0.047700
vn 0.602500 0.503800 -0.619000
vn 0.507600 0.688300 -0.518200
vn 0.717500 0.694900 -0.047700
vn -0.719700 0.194200 -0.666600
vn 0.000000 -1.000000 0.000000
vn -0.719400 0.194200 -0.666900
vn -0.980200 0.194600 0.037300
vn 0.100300 -0.080100 0.991700
vn 0.103900 -0.083300 0.991100
vn 0.103400 -0.082900 0.991200
vn 0.107400 -0.086400 0.990500
vn -0.980900 -0.192500 0.028600
vn -0.728600 -0.188800 -0.658400
vn -0.764100 -0.645000 0.011600
vn -0.573000 -0.640100 -0.511800
vn -0.761300 -0.648400 0.009100
vn -0.731500 -0.185000 -0.656300
vn 0.673400 -0.192500 -0.713800
vn 0.980800 -0.188800 -0.049600
vn 0.532100 -0.645000 -0.548500
vn 0.767100 -0.640100 -0.043300
vn 0.531900 -0.648300 -0.544800
vn 0.981300 -0.185000 -0.053200
vn -0.984900 0.169900 0.031700
vn -0.846200 0.532500 0.019500
vn -0.730000 0.163600 -0.663600
vn -0.843600 0.536700 0.017000
vn -0.630000 0.525700 -0.571600
vn -0.731000 0.161500 -0.663000
vn 0.674100 0.169900 -0.718900
vn 0.584500 0.532500 -0.612200
vn 0.985400 0.163600 -0.046900
vn 0.584500 0.536600 -0.608600
vn 0.849600 0.525800 -0.041300
vn 0.985700 0.161500 -0.048200
vn -0.468000 0.768500 0.436300
vn -0.129100 0.842000 0.523800
vn -0.184700 0.931300 0.314000
vn -0.102300 0.853500 0.511000
vn 0.140600 0.970100 0.197800
vn -0.150500 0.942100 0.299600
vn 0.530200 0.154300 -0.833700
vn 0.583800 0.026800 -0.811400
vn 0.633300 0.097600 -0.767700
vn 0.627600 0.126500 -0.768200
vn 0.588700 0.021100 -0.808100
vn 0.094000 -0.088400 -0.991600
vn -0.708700 -0.257200 -0.656900
vn -0.963300 -0.266900 0.029800
vn -0.717900 0.224600 -0.658900
vn -0.963200 -0.267100 0.029600
vn -0.975800 0.215400 0.037000
vn -0.718200 0.226600 -0.657900
vn 0.965700 -0.257200 -0.036600
vn 0.660000 -0.266900 -0.702200
vn 0.973500 0.224700 -0.041700
vn 0.660200 -0.267200 -0.702000
vn 0.663800 0.215500 -0.716200
vn 0.973000 0.226600 -0.042700
vn -0.363400 0.869900 -0.333600
vn 0.000000 -1.000000 0.000000
vn -0.359000 0.869800 -0.338500
vn 0.000000 -1.000000 0.000000
vn -0.937800 0.000000 -0.347200
vn 0.000000 -1.000000 0.000000
vn -0.937800 0.000000 -0.347200
vn -0.025900 0.732800 -0.680000
vn -0.584800 0.694400 -0.419300
vn -0.021000 0.834600 -0.550400
vn -0.499700 0.801300 -0.329000
vn 0.551200 0.694400 -0.462600
vn -0.025900 0.732800 -0.680000
vn 0.473300 0.801200 -0.366100
vn -0.021000 0.834600 -0.550400
vn 0.329600 -0.275600 -0.903000
vn 0.661000 -0.491900 -0.566600
vn 0.340100 -0.299700 -0.891300
vn 0.563700 -0.445600 -0.695400
vn 0.453900 0.768100 -0.451600
vn 0.306000 0.678700 -0.667600
vn 0.353700 0.676200 -0.646300
vn 0.389600 0.770900 -0.503900
vn 0.530400 0.135000 -0.836900
vn 0.634000 0.077700 -0.769500
vn 0.583800 0.210900 -0.784100
vn 0.926100 0.184100 -0.329300
vn -0.552300 -0.636200 -0.538800
vn -0.050200 -0.635500 -0.770500
vn -0.418600 -0.806100 -0.418400
vn -0.045000 -0.805100 -0.591400
vn -0.416500 -0.808100 -0.416500
vn -0.052100 -0.634100 -0.771500
vn -0.009500 -0.636200 -0.771500
vn 0.509300 -0.635500 -0.580300
vn -0.000300 -0.806000 -0.591900
vn 0.386500 -0.805100 -0.449900
vn -0.000100 -0.808100 -0.589000
vn 0.508700 -0.634100 -0.582400
vn -0.042100 0.507300 -0.860800
vn -0.619500 0.505800 -0.600300
vn -0.016500 0.684300 -0.729000
vn -0.619000 0.503800 -0.602500
vn -0.518200 0.688300 -0.507600
vn -0.047700 0.694900 -0.717500
vn 0.572500 0.507700 -0.643800
vn -0.013500 0.505900 -0.862500
vn 0.476700 0.690400 -0.544100
vn -0.042100 0.507300 -0.860800
vn -0.016500 0.684300 -0.729000
vn 0.473700 0.694800 -0.541200
vn 0.306000 0.678700 -0.667600
vn 0.315500 0.850600 -0.420600
vn 0.389600 0.770900 -0.503900
vn 0.293500 0.855700 -0.426200
vn 0.893800 -0.317600 -0.316700
vn 0.641500 -0.059800 -0.764800
vn 0.882800 -0.189700 -0.429700
vn 0.609100 0.000000 -0.793100
vn 0.883500 -0.222800 -0.412200
vn 0.649200 -0.087300 -0.755600
vn -0.037700 0.193200 -0.980400
vn -0.719700 0.194200 -0.666600
vn -0.037000 0.193200 -0.980500
vn -0.719400 0.194200 -0.666900
vn 0.584000 0.215000 -0.782700
vn -0.037700 0.193200 -0.980400
vn 0.528500 0.129200 -0.839000
vn -0.037000 0.193200 -0.980500
vn -0.713800 -0.192500 -0.673400
vn -0.049600 -0.188800 -0.980800
vn -0.548500 -0.645000 -0.532100
vn -0.043300 -0.640100 -0.767100
vn -0.544800 -0.648300 -0.531900
vn -0.053200 -0.185000 -0.981300
vn -0.028600 -0.192500 -0.980900
vn 0.658400 -0.188800 -0.728600
vn -0.011600 -0.645000 -0.764100
vn 0.511800 -0.640100 -0.573000
vn -0.009100 -0.648400 -0.761300
vn 0.656300 -0.185000 -0.731500
vn -0.718900 0.169900 -0.674100
vn -0.617900 0.525700 -0.584600
vn -0.043400 0.169900 -0.984500
vn -0.041300 0.525800 -0.849600
vn -0.031700 0.169900 -0.984900
vn -0.019500 0.532500 -0.846200
vn 0.663600 0.163600 -0.730000
vn -0.017000 0.536700 -0.843600
vn 0.571600 0.525700 -0.630000
vn 0.663000 0.161500 -0.731000
vn -0.036600 -0.257200 -0.965700
vn -0.702200 -0.266900 -0.660000
vn -0.041700 0.224700 -0.973500
vn -0.702000 -0.267200 -0.660200
vn -0.716200 0.215500 -0.663800
vn -0.042700 0.226600 -0.973000
vn 0.656900 -0.257200 -0.708700
vn -0.029800 -0.266900 -0.963300
vn 0.658900 0.224600 -0.717900
vn -0.029600 -0.267100 -0.963200
vn -0.037000 0.215400 -0.975800
vn 0.657900 0.226600 -0.718200
vn -0.022500 0.863700 -0.503600
vn -0.363400 0.869900 -0.333600
vn -0.013000 0.863500 -0.504200
vn -0.359000 0.869800 -0.338500
vn 0.315500 0.850600 -0.420600
vn -0.022500 0.863700 -0.503600
vn 0.293500 0.855700 -0.426200
vn -0.013000 0.863500 -0.504200
vn -0.417600 0.000000 -0.908600
vn -0.038100 0.000000 -0.999300
vn -0.417600 0.000000 -0.908600
vn -0.038100 0.000000 -0.999300
vn -0.038100 0.000000 -0.999300
vn 0.609200 0.000000 -0.793100
vn -0.038100 0.000000 -0.999300
vn 0.648000 -0.081200 -0.757300

g batch_0000
usemtl batch_0000
f 1/1/1 2/2/2 3/3/3
f 2/2/2 4/4/4 3/3/3
f 3/3/3 4/4/4 5/5/5
f 4/4/4 6/6/6 5/5/5
f 5/5/5 6/6/6 7/7/7
f 6/6/6 8/8/8 7/7/7
f 7/7/7 8/8/8 9/9/9
f 8/8/8 10/10/10 9/9/9
f 9/9/9 10/10/10 11/11/11
f 10/10/10 12/12/12 11/11/11
f 11/11/11 12/12/12 13/13/13
f 12/12/12 14/14/14 13/13/13
f 13/13/13 14/14/14 15/15/15
f 14/14/14 16/16/16 15/15/15
f 15/15/15 16/16/16 17/17/17
f 16/16/16 18/18/18 17/17/17
f 17/17/17 18/18/18 19/19/19
f 18/18/18 20/20/20 19/19/19
f 19/19/19 20/20/20 21/21/21
f 20/20/20 22/22/22 21/21/21
f 21/21/21 22/22/22 23/23/23
f 22/22/22 24/24/24 23/23/23
f 23/23/23 24/24/24 25/25/25
f 26/26/26 27/27/27 28/28/28
f 27/27/27 29/29/29 28/28/28
f 28/28/28 29/29/29 30/30/30
f 29/29/29 31/31/31 30/30/30
f 30/30/30 31/31/31 32/32/32
f 31/31/31 33/33/33 32/32/32
f 32/32/32 33/33/33 34/34/34
f 33/33/33 35/35/35 34/34/34
f 34/34/34 35/35/35 36/36/36
f 35/35/35 37/37/37 36/36/36
f 36/36/36 37/37/37 38/38/38
f 37/37/37 39/39/39 38/38/38
f 38/38/38 39/39/39 40/40/40
f 39/39/39 41/41/41 40/40/40
f 40/40/40 41/41/41 42/42/42
f 43/43/43 44/44/44 45/45/45
f 44/44/44 46/46/46 45/45/45
f 45/45/45 46/46/46 47/47/47
f 46/46/46 48/48/48 47/47/47
f 47/47/47 48/48/48 49/49/49
f 48/48/48 50/50/50 49/49/49
f 49/49/49 50/50/50 51/51/51
f 50/50/50 52/52/52 51/51/51
f 51/51/51 52/52/52 53/53/53
f 52/52/52 54/54/54 53/53/53
f 53/53/53 54/54/54 55/55/55
f 54/54/54 56/56/56 55/55/55
f 55/55/55 56/56/56 57/57/57
f 56/56/56 58/58/58 57/57/57
f 57/57/57 58/58/58 59/59/59
f 60/60/60 61/61/61 62/62/62
f 61/61/61 63/63/63 62/62/62
f 62/62/62 63/63/63 64/64/64
f 63/63/63 65/65/65 64/64/64
f 64/64/64 65/65/65 66/66/66
f 65/65/65 67/67/67 66/66/66
f 66/66/66 67/67/67 68/68/68
f 67/67/67 69/69/69 68/68/68
f 68/68/68 69/69/69 70/70/70
f 69/69/69 71/71/71 70/70/70
f 70/70/70 71/71/71 72/72/72
f 71/71/71 73/73/73 72/72/72
f 72/72/72 73/73/73 74/74/74
f 73/73/73 75/75/75 74/74/74
f 76/76/76 77/77/77 78/78/78
f 77/77/77 79/79/79 78/78/78
f 78/78/78 79/79/79 80/80/80
f 79/79/79 81/81/81 80/80/80
f 80/80/80 81/81/81 82/82/82
f 81/81/81 83/83/83 82/82/82
f 82/82/82 83/83/83 84/84/84
f 83/83/83 85/85/85 84/84/84
f 84/84/84 85/85/85 86/86/86
f 85/85/85 87/87/87 86/86/86
f 86/86/86 87/87/87 88/88/88
f 87/87/87 89/89/89 88/88/88
f 88/88/88 89/89/89 90/90/90
f 91/91/91 92/92/92 93/93/93
f 92/92/92 94/94/94 93/93/93
f 93/93/93 94/94/94 95/95/95
f 94/94/94 96/96/96 95/95/95
f 95/95/95 96/96/96 97/97/97
f 96/96/96 98/98/98 97/97/97
f 97/97/97 98/98/98 99/99/99
f 98/98/98 100/100/100 99/99/99
f 99/99/99 100/100/100 101/101/101
f 100/100/100 102/102/102 101/101/101
f 101/101/101 102/102/102 103/103/103
f 102/102/102 104/104/104 103/103/103
f 103/103/103 104/104/104 105/105/105
f 106/106/106 107/107/107 108/108/108
f 107/107/107 109/109/109 108/108/108
f 108/108/108 109/109/109 110/110/110
f 109/109/109 111/111/111 110/110/110
f 110/110/110 111/111/111 112/112/112
f 111/111/111 113/113/113 112/112/112
f 112/112/112 113/113/113 114/114/114
f 113/113/113 115/115/115 114/114/114
f 114/114/114 115/115/115 116/116/116
f 115/115/115 117/117/117 116/116/116
f 116/116/116 117/117/117 118/118/118
f 117/117/117 119/119/119 118/118/118
f 120/120/120 121/121/121 122/122/122
f 121/121/121 123/123/123 122/122/122
f 122/122/122 123/123/123 124/124/124
f 123/123/123 125/125/125 124/124/124
f 124/124/124 125/125/125 126/126/126
f 125/125/125 127/127/127 126/126/126
f 126/126/126 127/127/127 128/128/128
f 127/127/127 129/129/129 128/128/128
f 128/128/128 129/129/129 130/130/130
f 129/129/129 131/131/131 130/130/130
f 130/130/130 131/131/131 132/132/132
f 131/131/131 133/133/133 132/132/132
f 134/134/134 135/135/135 136/136/136
f 135/135/135 137/137/137 136/136/136
f 136/136/136 137/137/137 138/138/138
f 137/137/137 139/139/139 138/138/138
f 138/138/138 139/139/139 140/140/140
f 139/139/139 141/141/141 140/140/140
f 140/140/140 141/141/141 142/142/142
f 141/141/141 143/143/143 142/142/142
f 142/142/142 143/143/143 144/144/144
f 143/143/143 145/145/145 144/144/144
f 144/144/144 145/145/145 146/146/146
f 147/147/147 148/148/148 149/149/149
f 148/148/148 150/150/150 149/149/149
f 149/149/149 150/150/150 151/151/151
f 150/150/150 152/152/152 151/151/151
f 151/151/151 152/152/152 153/153/153
f 152/152/152 154/154/154 153/153/153
f 153/153/153 154/154/154 155/155/155
f 154/154/154 156/156/156 155/155/155
f 155/155/155 156/156/156 157/157/157
f 156/156/156 158/158/158 157/157/157
f 159/159/159 160/160/160 161/161/161
f 160/160/160 162/162/162 161/161/161
f 161/161/161 162/162/162 163/163/163
f 162/162/162 164/164/164 163/163/163
f 163/163/163 164/164/164 165/165/165
f 164/164/164 166/166/166 165/165/165
f 165/165/165 166/166/166 167/167/167
f 166/166/166 168/168/168 167/167/167
f 167/167/167 168/168/168 169/169/169
f 168/168/168 170/170/170 169/169/169
f 171/171/171 172/172/172 173/173/173
f 172/172/172 174/174/174 173/173/173
f 173/173/173 174/174/174 175/175/175
f 174/174/174 176/176/176 175/175/175
f 175/175/175 176/176/176 177/177/177
f 176/176/176 178/178/178 177/177/177
f 177/177/177 178/178/178 179/179/179
f 178/178/178 180/180/180 179/179/179
f 179/179/179 180/180/180 181/181/181
f 180/180/180 182/182/182 181/181/181
f 183/183/183 184/184/184 185/185/185
f 184/184/184 186/186/186 185/185/185
f 185/185/185 186/186/186 187/187/187
f 186/186/186 188/188/188 187/187/187
f 187/187/187 188/188/188 189/189/189
f 188/188/188 190/190/190 189/189/189
f 189/189/189 190/190/190 191/191/191
f 190/190/190 192/192/192 191/191/191
f 191/191/191 192/192/192 193/193/193
f 192/192/192 194/194/194 193/193/193
f 195/195/195 196/196/196 197/197/197
f 196/196/196 198/198/198 197/197/197
f 197/197/197 198/198/198 199/199/199
f 198/198/198 200/200/200 199/199/199
f 199/199/199 200/200/200 201/201/201
f 200/200/200 202/202/202 201/201/201
f 201/201/201 202/202/202 203/203/203
f 202/202/202 204/204/204 203/203/203
f 203/203/203 204/204/204 205/205/205
f 204/204/204 206/206/206 205/205/205
f 207/207/207 208/208/208 209/209/209
f 208/208/208 210/210/210 209/209/209
f 209/209/209 210/210/210 211/211/211
f 210/210/210 212/212/212 211/211/211
f 211/211/211 212/212/212 213/213/213
f 212/212/212 214/214/214 213/213/213
f 213/213/213 214/214/214 215/215/215
f 214/214/214 216/216/216 215/215/215
f 215/215/215 216/216/216 217/217/217
f 218/218/218 219/219/219 220/220/220
f 219/219/219 221/221/221 220/220/220
f 220/220/220 221/221/221 222/222/222
f 221/221/221 223/223/223 222/222/222
f 222/222/222 223/223/223 224/224/224
f 223/223/223 225/225/225 224/224/224
f 224/224/224 225/225/225 226/226/226
f 225/225/225 227/227/227 226/226/226
f 226/226/226 227/227/227 228/228/228
f 229/229/229 230/230/230 231/231/231
f 230/230/230 232/232/232 231/231/231
f 231/231/231 232/232/232 233/233/233
f 232/232/232 234/234/234 233/233/233
f 233/233/233 234/234/234 235/235/235
f 234/234/234 236/236/236 235/235/235
f 235/235/235 236/236/236 237/237/237
f 236/236/236 238/238/238 237/237/237
f 239/239/239 240/240/240 241/241/241
f 240/240/240 242/242/242 241/241/241
f 241/241/241 242/242/242 243/243/243
f 242/242/242 244/244/244 243/243/243
f 243/243/243 244/244/244 245/245/245
f 244/244/244 246/246/246 245/245/245
f 245/245/245 246/246/246 247/247/247
f 246/246/246 248/248/248 247/247/247
f 249/249/249 250/250/250 251/251/251
f 250/250/250 252/252/252 251/251/251
f 251/251/251 252/252/252 253/253/253
f 252/252/252 254/254/254 253/253/253
f 253/253/253 254/254/254 255/255/255
f 256/256/256 257/257/257 258/258/258
f 257/257/257 259/259/259 258/258/258
f 258/258/258 259/259/259 260/260/260
f 259/259/259 261/261/261 260/260/260
f 262/262/262 263/263/263 264/264/264
f 263/263/263 265/265/265 264/264/264
f 264/264/264 265/265/265 266/266/266
f 265/265/265 267/267/267 266/266/266
f 268/268/268 269/269/269 270/270/270
f 269/269/269 271/271/271 270/270/270
f 270/270/270 271/271/271 272/272/272
f 271/271/271 273/273/273 272/272/272
f 274/274/274 275/275/275 276/276/276
f 275/275/275 277/277/277 276/276/276
f 276/276/276 277/277/277 278/278/278
f 277/277/277 279/279/279 278/278/278
f 280/280/280 281/281/281 282/282/282
f 281/281/281 283/283/283 282/282/282
f 282/282/282 283/283/283 284/284/284
f 285/285/285 286/286/286 287/287/287
f 286/286/286 288/288/288 287/287/287
f 287/287/287 288/288/288 289/289/289
f 290/290/290 291/291/291 292/292/292
f 291/291/291 293/293/293 292/292/292
f 294/294/294 295/295/295 296/296/296
f 297/297/297 298/298/298 299/299/299
f 300/300/300 301/301/301 302/302/302
f 303/303/303 304/304/304 305/305/305
f 304/304/304 306/306/306 305/305/305
f 305/305/305 306/306/306 307/307/307
f 306/306/306 308/308/308 307/307/307
f 307/307/307 308/308/308 309/309/309
f 308/308/308 310/310/310 309/309/309
f 311/311/311 312/312/312 313/313/313
f 312/312/312 314/314/314 313/313/313
f 313/313/313 314/314/314 315/315/315
f 314/314/314 316/316/316 315/315/315
f 315/315/315 316/316/316 317/317/317
f 318/318/318 319/319/319 320/320/320
f 319/319/319 321/321/321 320/320/320
f 320/320/320 321/321/321 322/322/322
f 321/321/321 323/323/323 322/322/322
f 322/322/322 323/323/323 324/324/324
f 325/325/325 326/326/326 327/327/327
f 326/326/326 328/328/328 327/327/327
f 327/327/327 328/328/328 329/329/329
f 328/328/328 330/330/330 329/329/329
f 329/329/329 330/330/330 331/331/331
f 330/330/330 332/332/332 331/331/331
f 333/333/333 334/334/334 335/335/335
f 334/334/334 336/336/336 335/335/335
f 335/335/335 336/336/336 337/337/337
f 336/336/336 338/338/338 337/337/337
f 337/337/337 338/338/338 339/339/339
f 338/338/338 340/340/340 339/339/339
f 341/341/341 342/342/342 343/343/343
f 342/342/342 344/344/344 343/343/343
f 343/343/343 344/344/344 345/345/345
f 344/344/344 346/346/346 345/345/345
f 345/345/345 346/346/346 347/347/347
f 346/346/346 348/348/348 347/347/347
f 349/349/349 350/350/350 351/351/351
f 350/350/350 352/352/352 351/351/351
f 351/351/351 352/352/352 353/353/353
f 352/352/352 354/354/354 353/353/353
f 353/353/353 354/354/354 355/355/355
f 354/354/354 356/356/356 355/355/355
f 357/357/357 358/358/358 359/359/359
f 358/358/358 360/360/360 359/359/359
f 359/359/359 360/360/360 361/361/361
f 360/360/360 362/362/362 361/361/361
f 361/361/361 362/362/362 363/363/363
f 362/362/362 364/364/364 363/363/363
f 365/365/365 366/366/366 367/367/367
f 366/366/366 368/368/368 367/367/367
f 369/369/369 370/370/370 371/371/371
f 370/370/370 372/372/372 371/371/371
f 373/373/373 374/374/374 375/375/375
f 374/374/374 376/376/376 375/375/375
f 377/377/377 378/378/378 379/379/379
f 378/378/378 380/380/380 379/379/379
f 381/381/381 382/382/382 383/383/383
f 382/382/382 384/384/384 383/383/383
f 383/383/383 384/384/384 385/385/385
f 384/384/384 386/386/386 385/385/385
f 385/385/385 386/386/386 387/387/387
f 386/386/386 388/388/388 387/387/387
f 389/389/389 390/390/390 391/391/391
f 390/390/390 392/392/392 391/391/391
f 391/391/391 392/392/392 393/393/393
f 392/392/392 394/394/394 393/393/393
f 393/393/393 394/394/394 395/395/395
f 394/394/394 396/396/396 395/395/395
f 397/397/397 398/398/398 399/399/399
f 398/398/398 400/400/400 399/399/399
f 399/399/399 400/400/400 401/401/401
f 400/400/400 402/402/402 401/401/401
f 401/401/401 402/402/402 403/403/403
f 402/402/402 404/404/404 403/403/403
f 405/405/405 406/406/406 407/407/407
f 406/406/406 408/408/408 407/407/407
f 407/407/407 408/408/408 409/409/409
f 408/408/408 410/410/410 409/409/409
f 409/409/409 410/410/410 411/411/411
f 410/410/410 412/412/412 411/411/411
f 413/413/413 414/414/414 415/415/415
f 414/414/414 416/416/416 415/415/415
f 415/415/415 416/416/416 417/417/417
f 416/416/416 418/418/418 417/417/417
f 419/419/419 420/420/420 421/421/421
f 420/420/420 422/422/422 421/421/421
f 421/421/421 422/422/422 423/423/423
f 422/422/422 424/424/424 423/423/423
f 425/425/425 426/426/426 427/427/427
f 426/426/426 428/428/428 427/427/427
f 427/427/427 428/428/428 429/429/429
f 428/428/428 430/430/430 429/429/429
f 431/431/431 432/432/432 433/433/433
f 432/432/432 434/434/434 433/433/433
f 433/433/433 434/434/434 435/435/435
f 434/434/434 436/436/436 435/435/435
f 437/437/437 438/438/438 439/439/439
f 438/438/438 440/440/440 439/439/439
f 441/441/441 442/442/442 443/443/443
f 442/442/442 444/444/444 443/443/443
f 445/445/445 446/446/446 447/447/447
f 446/446/446 448/448/448 447/447/447
f 447/447/447 448/448/448 449/449/449
f 448/448/448 450/450/450 449/449/449
f 451/451/451 452/452/452 453/453/453
f 452/452/452 454/454/454 453/453/453
f 453/453/453 454/454/454 455/455/455
f 454/454/454 456/456/456 455/455/455
f 457/457/457 458/458/458 459/459/459
f 458/458/458 460/460/460 459/459/459
f 459/459/459 460/460/460 461/461/461
f 460/460/460 462/462/462 461/461/461
f 463/463/463 464/464/464 465/465/465
f 464/464/464 466/466/466 465/465/465
f 465/465/465 466/466/466 467/467/467
f 466/466/466 468/468/468 467/467/467
f 469/469/469 470/470/470 471/471/471
f 470/470/470 472/472/472 471/471/471
f 473/473/473 474/474/474 475/475/475
f 474/474/474 476/476/476 475/475/475
f 475/475/475 476/476/476 477/477/477
f 478/478/478 479/479/479 480/480/480
f 479/479/479 481/481/481 480/480/480
f 480/480/480 481/481/481 482/482/482
f 481/481/481 483/483/483 482/482/482
f 484/484/484 485/485/485 486/486/486
f 485/485/485 487/487/487 486/486/486
f 486/486/486 487/487/487 488/488/488
f 487/487/487 489/489/489 488/488/488
f 490/490/490 491/491/491 492/492/492
f 493/493/493 494/494/494 495/495/495
f 496/496/496 497/497/497 498/498/498
f 497/497/497 499/499/499 498/498/498
f 498/498/498 499/499/499 500/500/500
f 499/499/499 501/501/501 500/500/500
f 502/502/502 503/503/503 504/504/504
f 503/503/503 505/505/505 504/504/504
f 506/506/506 507/507/507 508/508/508
f 507/507/507 509/509/509 508/508/508
f 508/508/508 509/509/509 510/510/510
f 511/511/511 512/512/512 513/513/513
f 512/512/512 514/514/514 513/513/513
f 515/515/515 516/516/516 517/517/517
f 516/516/516 518/518/518 517/517/517
f 519/519/519 520/520/520 521/521/521
f 522/522/522 523/523/523 524/524/524
f 523/523/523 525/525/525 524/524/524
f 526/526/526 527/527/527 528/528/528
f 527/527/527 529/529/529 528/528/528
f 530/530/530 531/531/531 532/532/532
f 531/531/531 533/533/533 532/532/532
f 534/534/534 535/535/535 536/536/536
f 537/537/537 538/538/538 539/539/539
f 540/540/540 541/541/541 542/542/542
f 541/541/541 543/543/543 542/542/542
f 544/544/544 545/545/545 546/546/546
f 545/545/545 547/547/547 546/546/546
f 546/546/546 547/547/547 548/548/548
f 549/549/549 550/550/550 551/551/551
f 550/550/550 552/552/552 551/551/551
f 553/553/553 554/554/554 555/555/555
f 554/554/554 556/556/556 555/555/555
f 557/557/557 558/558/558 559/559/559
f 560/560/560 561/561/561 562/562/562
f 561/561/561 563/563/563 562/562/562
f 564/564/564 565/565/565 566/566/566
f 565/565/565 567/567/567 566/566/566
f 568/568/568 569/569/569 570/570/570
f 569/569/569 571/571/571 570/570/570
f 572/572/572 573/573/573 574/574/574
f 575/575/575 576/576/576 577/577/577
f 578/578/578 579/579/579 580/580/580
f 579/579/579 581/581/581 580/580/580
f 582/582/582 583/583/583 584/584/584
f 583/583/583 585/585/585 584/584/584
f 584/584/584 585/585/585 586/586/586
f 587/587/587 588/588/588 589/589/589
f 588/588/588 590/590/590 589/589/589
f 591/591/591 592/592/592 593/593/593
f 592/592/592 594/594/594 593/593/593
f 595/595/595 596/596/596 597/597/597
f 598/598/598 599/599/599 600/600/600
f 599/599/599 601/601/601 600/600/600
f 602/602/602 603/603/603 604/604/604
f 605/605/605 606/606/606 607/607/607
f 608/608/608 609/609/609 610/610/610
f 609/609/609 611/611/611 610/610/610
f 610/610/610 611/611/611 612/612/612
f 611/611/611 613/613/613 612/612/612
f 614/614/614 615/615/615 616/616/616
f 615/615/615 617/617/617 616/616/616
f 618/618/618 619/619/619 620/620/620
f 619/619/619 621/621/621 620/620/620
f 620/620/620 621/621/621 622/622/622
f 623/623/623 624/624/624 625/625/625
f 624/624/624 626/626/626 625/625/625
f 627/627/627 628/628/628 629/629/629
f 628/628/628 630/630/630 629/629/629
f 631/631/631 632/632/632 633/633/633
f 634/634/634 635/635/635 636/636/636
f 635/635/635 637/637/637 636/636/636
f 638/638/638 639/639/639 640/640/640
f 641/641/641 642/642/642 643/643/643
f 644/644/644 645/645/645 646/646/646
f 645/645/645 647/647/647 646/646/646
f 648/648/648 649/649/649 650/650/650
f 651/651/651 652/652/652 653/653/653
f 654/654/654 655/655/655 656/656/656
f 655/655/655 657/657/657 656/656/656
f 658/658/658 659/659/659 660/660/660
f 659/659/659 661/661/661 660/660/660
f 660/660/660 661/661/661 662/662/662
f 663/663/663 664/664/664 665/665/665
f 664/664/664 666/666/666 665/665/665
f 667/667/667 668/668/668 669/669/669
f 668/668/668 670/670/670 669/669/669
f 671/671/671 672/672/672 673/673/673
f 674/674/674 675/675/675 676/676/676
f 675/675/675 677/677/677 676/676/676
f 678/678/678 679/679/679 680/680/680
f 679/679/679 681/681/681 680/680/680
f 682/682/682 683/683/683 684/684/684
f 683/683/683 685/685/685 684/684/684
f 686/686/686 687/687/687 688/688/688
f 689/689/689 690/690/690 691/691/691
f 692/692/692 693/693/693 694/694/694
f 693/693/693 695/695/695 694/694/694
f 696/696/696 697/697/697 698/698/698
f 697/697/697 699/699/699 698/698/698
f 698/698/698 699/699/699 700/700/700
f 701/701/701 702/702/702 703/703/703
f 702/702/702 704/704/704 703/703/703
f 705/705/705 706/706/706 707/707/707
f 706/706/706 708/708/708 707/707/707
f 709/709/709 710/710/710 711/711/711
f 712/712/712 713/713/713 714/714/714
f 713/713/713 715/715/715 714/714/714
f 716/716/716 717/717/717 718/718/718
f 719/719/719 720/720/720 721/721/721
f 722/722/722 723/723/723 724/724/724
f 723/723/723 725/725/725 724/724/724
f 726/726/726 727/727/727 728/728/728
f 727/727/727 729/729/729 728/728/728
f 730/730/730 731/731/731 732/732/732
f 731/731/731 733/733/733 732/732/732
f 734/734/734 735/735/735 736/736/736
f 735/735/735 737/737/737 736/736/736
f 736/736/736 737/737/737 738/738/738
f 739/739/739 740/740/740 741/741/741
f 740/740/740 742/742/742 741/741/741
f 743/743/743 744/744/744 745/745/745
f 744/744/744 746/746/746 745/745/745
f 747/747/747 748/748/748 749/749/749
f 750/750/750 751/751/751 752/752/752
f 751/751/751 753/753/753 752/752/752
f 754/754/754 755/755/755 756/756/756
f 757/757/757 758/758/758 759/759/759
f 760/760/760 761/761/761 762/762/762
f 761/761/761 763/763/763 762/762/762
f 762/762/762 763/763/763 764/764/764
f 763/763/763 765/765/765 764/764/764
f 766/766/766 767/767/767 768/768/768
f 767/767/767 769/769/769 768/768/768
f 770/770/770 771/771/771 772/772/772
f 771/771/771 773/773/773 772/772/772
f 772/772/772 773/773/773 774/774/774
f 775/775/775 776/776/776 777/777/777
f 776/776/776 778/778/778 777/777/777
f 779/779/779 780/780/780 781/781/781
f 780/780/780 782/782/782 781/781/781
f 783/783/783 784/784/784 785/785/785
f 786/786/786 787/787/787 788/788/788
f 787/787/787 789/789/789 788/788/788
f 790/790/790 791/791/791 792/792/792
f 791/791/791 793/793/793 792/792/792
f 792/792/792 793/793/793 794/794/794
f 793/793/793 795/795/795 794/794/794
f 796/796/796 797/797/797 798/798/798
f 797/797/797 799/799/799 798/798/798
f 798/798/798 799/799/799 800/800/800
f 799/799/799 801/801/801 800/800/800
f 802/802/802 803/803/803 804/804/804
f 803/803/803 805/805/805 804/804/804
f 806/806/806 807/807/807 808/808/808
f 807/807/807 809/809/809 808/808/808
f 810/810/810 811/811/811 812/812/812
f 811/811/811 813/813/813 812/812/812
f 814/814/814 815/815/815 816/816/816
f 815/815/815 817/817/817 816/816/816
f 818/818/818 819/819/819 820/820/820
f 819/819/819 821/821/821 820/820/820
f 820/820/820 821/821/821 822/822/822
f 821/821/821 823/823/823 822/822/822
f 824/824/824 825/825/825 826/826/826
f 825/825/825 827/827/827 826/826/826
f 826/826/826 827/827/827 828/828/828
f 827/827/827 829/829/829 828/828/828
f 830/830/830 831/831/831 832/832/832
f 831/831/831 833/833/833 832/832/832
f 834/834/834 835/835/835 836/836/836
f 835/835/835 837/837/837 836/836/836
f 838/838/838 839/839/839 840/840/840
f 839/839/839 841/841/841 840/840/840
f 842/842/842 843/843/843 844/844/844
f 843/843/843 845/845/845 844/844/844
f 846/846/846 847/847/847 848/848/848
f 847/847/847 849/849/849 848/848/848
f 850/850/850 851/851/851 852/852/852
f 851/851/851 853/853/853 852/852/852
f 852/852/852 853/853/853 854/854/854
f 853/853/853 855/855/855 854/854/854
f 856/856/856 857/857/857 858/858/858
f 857/857/857 859/859/859 858/858/858
f 860/860/860 861/861/861 862/862/862
f 861/861/861 863/863/863 862/862/862
f 862/862/862 863/863/863 864/864/864
f 863/863/863 865/865/865 864/864/864
f 866/866/866 867/867/867 868/868/868
f 867/867/867 869/869/869 868/868/868
f 870/870/870 871/871/871 872/872/872
f 871/871/871 873/873/873 872/872/872
f 872/872/872 873/873/873 874/874/874
f 873/873/873 875/875/875 874/874/874
f 876/876/876 877/877/877 878/878/878
f 877/877/877 879/879/879 878/878/878
f 880/880/880 881/881/881 882/882/882
f 881/881/881 883/883/883 882/882/882
f 882/882/882 883/883/883 884/884/884
f 883/883/883 885/885/885 884/884/884
f 886/886/886 887/887/887 888/888/888
f 887/887/887 889/889/889 888/888/888
f 890/890/890 891/891/891 892/892/892
f 891/891/891 893/893/893 892/892/892
f 892/892/892 893/893/893 894/894/894
f 895/895/895 896/896/896 897/897/897
f 898/898/898 899/899/899 900/900/900
f 899/899/899 901/901/901 900/900/900
f 902/902/902 903/903/903 904/904/904
f 903/903/903 905/905/905 904/904/904
f 906/906/906 907/907/907 908/908/908
f 907/907/907 909/909/909 908/908/908
f 910/910/910 911/911/911 912/912/912
f 911/911/911 913/913/913 912/912/912
f 914/914/914 915/915/915 916/916/916
f 915/915/915 917/917/917 916/916/916
f 916/916/916 917/917/917 918/918/918
f 919/919/919 920/920/920 921/921/921
f 922/922/922 923/923/923 924/924/924
f 923/923/923 925/925/925 924/924/924
f 926/926/926 927/927/927 928/928/928
f 927/927/927 929/929/929 928/928/928
f 928/928/928 929/929/929 930/930/930
f 931/931/931 932/932/932 933/933/933
f 934/934/934 935/935/935 936/936/936
f 935/935/935 937/937/937 936/936/936
f 938/938/938 939/939/939 940/940/940
f 939/939/939 941/941/941 940/940/940
f 942/942/942 943/943/943 944/944/944
f 943/943/943 945/945/945 944/944/944
f 946/946/946 947/947/947 948/948/948
f 947/947/947 949/949/949 948/948/948
f 950/950/950 951/951/951 952/952/952
f 951/951/951 953/953/953 952/952/952
f 954/954/954 955/955/955 956/956/956
f 955/955/955 957/957/957 956/956/956
f 958/958/958 959/959/959 960/960/960
f 959/959/959 961/961/961 960/960/960
f 962/962/962 963/963/963 964/964/964
f 963/963/963 965/965/965 964/964/964
f 966/966/966 967/967/967 968/968/968
f 967/967/967 969/969/969 968/968/968
f 970/970/970 971/971/971 972/972/972
f 971/971/971 973/973/973 972/972/972
f 974/974/974 975/975/975 976/976/976
f 975/975/975 977/977/977 976/976/976
f 978/978/978 979/979/979 980/980/980
f 979/979/979 981/981/981 980/980/980
f 982/982/982 983/983/983 984/984/984
f 983/983/983 985/985/985 984/984/984
f 986/986/986 987/987/987 988/988/988
f 987/987/987 989/989/989 988/988/988
f 988/988/988 989/989/989 990/990/990
f 991/991/991 992/992/992 993/993/993
f 994/994/994 995/995/995 996/996/996
f 995/995/995 997/997/997 996/996/996
f 998/998/998 999/999/999 1000/1000/1000
f 999/999/999 1001/1001/1001 1000/1000/1000
f 1000/1000/1000 1001/1001/1001 1002/1002/1002
f 1003/1003/1003 1004/1004/1004 1005/1005/1005
f 1006/1006/1006 1007/1007/1007 1008/1008/1008
f 1007/1007/1007 1009/1009/1009 1008/1008/1008
f 1010/1010/1010 1011/1011/1011 1012/1012/1012
f 1011/1011/1011 1013/1013/1013 1012/1012/1012
f 1014/1014/1014 1015/1015/1015 1016/1016/1016
f 1015/1015/1015 1017/1017/1017 1016/1016/1016
f 1018/1018/1018 1019/1019/1019 1020/1020/1020
f 1019/1019/1019 1021/1021/1021 1020/1020/1020
f 1022/1022/1022 1023/1023/1023 1024/1024/1024
f 1023/1023/1023 1025/1025/1025 1024/1024/1024
f 1026/1026/1026 1027/1027/1027 1028/1028/1028
f 1027/1027/1027 1029/1029/1029 1028/1028/1028
f 1030/1030/1030 1031/1031/1031 1032/1032/1032
f 1031/1031/1031 1033/1033/1033 1032/1032/1032
f 1034/1034/1034 1035/1035/1035 1036/1036/1036
f 1035/1035/1035 1037/1037/1037 1036/1036/1036
f 1038/1038/1038 1039/1039/1039 1040/1040/1040
f 1041/1041/1041 1042/1042/1042 1043/1043/1043
f 1042/1042/1042 1044/1044/1044 1043/1043/1043
f 1045/1045/1045 1046/1046/1046 1047/1047/1047
f 1046/1046/1046 1048/1048/1048 1047/1047/1047
f 1049/1049/1049 1050/1050/1050 1051/1051/1051
f 1052/1052/1052 1053/1053/1053 1054/1054/1054
f 1055/1055/1055 1056/1056/1056 1057/1057/1057
f 1058/1058/1058 1059/1059/1059 1060/1060/1060
f 1061/1061/1061 1062/1062/1062 1063/1063/1063
f 1064/1064/1064 1065/1065/1065 1066/1066/1066
f 1065/1065/1065 1067/1067/1067 1066/1066/1066
f 1068/1068/1068 1069/1069/1069 1070/1070/1070
f 1069/1069/1069 1071/1071/1071 1070/1070/1070
f 1072/1072/1072 1073/1073/1073 1074/1074/1074
f 1073/1073/1073 1075/1075/1075 1074/1074/1074
f 1074/1074/1074 1075/1075/1075 1076/1076/1076
f 1075/1075/1075 1077/1077/1077 1076/1076/1076
f 1078/1078/1078 1079/1079/1079 1080/1080/1080
f 1079/1079/1079 1081/1081/1081 1080/1080/1080
f 1080/1080/1080 1081/1081/1081 1082/1082/1082
f 1081/1081/1081 1083/1083/1083 1082/1082/1082
f 1084/1084/1084 1085/1085/1085 1086/1086/1086
f 1085/1085/1085 1087/1087/1087 1086/1086/1086
f 1088/1088/1088 1089/1089/1089 1090/1090/1090
f 1089/1089/1089 1091/1091/1091 1090/1090/1090
f 1092/1092/1092 1093/1093/1093 1094/1094/1094
f 1095/1095/1095 1096/1096/1096 1097/1097/1097
f 1098/1098/1098 1099/1099/1099 1100/1100/1100
f 1101/1101/1101 1102/1102/1102 1103/1103/1103
f 1104/1104/1104 1105/1105/1105 1106/1106/1106
f 1107/1107/1107 1108/1108/1108 1109/1109/1109
f 1110/1110/1110 1111/1111/1111 1112/1112/1112
f 1113/1113/1113 1114/1114/1114 1115/1115/1115
f 1114/1114/1114 1116/1116/1116 1115/1115/1115
f 1115/1115/1115 1116/1116/1116 1117/1117/1117
f 1116/1116/1116 1118/1118/1118 1117/1117/1117
f 1117/1117/1117 1118/1118/1118 1119/1119/1119
f 1120/1120/1120 1121/1121/1121 1122/1122/1122
f 1121/1121/1121 1123/1123/1123 1122/1122/1122
f 1124/1124/1124 1125/1125/1125 1126/1126/1126
f 1125/1125/1125 1127/1127/1127 1126/1126/1126
f 1128/1128/1128 1129/1129/1129 1130/1130/1130
f 1129/1129/1129 1131/1131/1131 1130/1130/1130
f 1132/1132/1132 1133/1133/1133 1134/1134/1134
f 1133/1133/1133 1135/1135/1135 1134/1134/1134
f 1136/1136/1136 1137/1137/1137 1138/1138/1138
f 1137/1137/1137 1139/1139/1139 1138/1138/1138
f 1140/1140/1140 1141/1141/1141 1142/1142/1142
f 1143/1143/1143 1144/1144/1144 1145/1145/1145
f 1146/1146/1146 1147/1147/1147 1148/1148/1148
f 1149/1149/1149 1150/1150/1150 1151/1151/1151
f 1152/1152/1152 1153/1153/1153 1154/1154/1154
f 1153/1153/1153 1155/1155/1155 1154/1154/1154
f 1156/1156/1156 1157/1157/1157 1158/1158/1158
f 1159/1159/1159 1160/1160/1160 1161/1161/1161
f 1162/1162/1162 1163/1163/1163 1164/1164/1164
f 1163/1163/1163 1165/1165/1165 1164/1164/1164
f 1164/1164/1164 1165/1165/1165 1166/1166/1166
f 1165/1165/1165 1167/1167/1167 1166/1166/1166
f 1166/1166/1166 1167/1167/1167 1168/1168/1168
f 1167/1167/1167 1169/1169/1169 1168/1168/1168
f 1168/1168/1168 1169/1169/1169 1170/1170/1170
f 1169/1169/1169 1171/1171/1171 1170/1170/1170
f 1170/1170/1170 1171/1171/1171 1172/1172/1172
f 1171/1171/1171 1173/1173/1173 1172/1172/1172
f 1172/1172/1172 1173/1173/1173 1174/1174/1174
f 1173/1173/1173 1175/1175/1175 1174/1174/1174
f 1174/1174/1174 1175/1175/1175 1176/1176/1176
f 1175/1175/1175 1177/1177/1177 1176/1176/1176
f 1176/1176/1176 1177/1177/1177 1178/1178/1178
f 1177/1177/1177 1179/1179/1179 1178/1178/1178
f 1178/1178/1178 1179/1179/1179 1180/1180/1180
f 1179/1179/1179 1181/1181/1181 1180/1180/1180
f 1180/1180/1180 1181/1181/1181 1182/1182/1182
f 1181/1181/1181 1183/1183/1183 1182/1182/1182
f 1184/1184/1184 1185/1185/1185 1186/1186/1186
f 1185/1185/1185 1187/1187/1187 1186/1186/1186
f 1188/1188/1188 1189/1189/1189 1190/1190/1190
f 1191/1191/1191 1192/1192/1192 1193/1193/1193
f 1194/1194/1194 1195/1195/1195 1196/1196/1196
f 1195/1195/1195 1197/1197/1197 1196/1196/1196
f 1198/1198/1198 1199/1199/1199 1200/1200/1200
f 1201/1201/1201 1202/1202/1202 1203/1203/1203
f 1204/1204/1204 1205/1205/1205 1206/1206/1206
f 1207/1207/1207 1208/1208/1208 1209/1209/1209
f 1210/1210/1210 1211/1211/1211 1212/1212/1212
f 1213/1213/1213 1214/1214/1214 1215/1215/1215
f 1216/1216/1216 1217/1217/1217 1218/1218/1218
f 1219/1219/1219 1220/1220/1220 1221/1221/1221
f 1222/1222/1222 1223/1223/1223 1224/1224/1224
f 1225/1225/1225 1226/1226/1226 1227/1227/1227
f 1226/1226/1226 1228/1228/1228 1227/1227/1227
f 1229/1229/1229 1230/1230/1230 1231/1231/1231
f 1232/1232/1232 1233/1233/1233 1234/1234/1234
f 1233/1233/1233 1235/1235/1235 1234/1234/1234
f 1236/1236/1236 1237/1237/1237 1238/1238/1238
f 1239/1239/1239 1240/1240/1240 1241/1241/1241
f 1242/1242/1242 1243/1243/1243 1244/1244/1244
f 1243/1243/1243 1245/1245/1245 1244/1244/1244
f 1246/1246/1246 1247/1247/1247 1248/1248/1248
f 1249/1249/1249 1250/1250/1250 1251/1251/1251
f 1252/1252/1252 1253/1253/1253 1254/1254/1254
f 1253/1253/1253 1255/1255/1255 1254/1254/1254
f 1256/1256/1256 1257/1257/1257 1258/1258/1258
f 1259/1259/1259 1260/1260/1260 1261/1261/1261
f 1262/1262/1262 1263/1263/1263 1264/1264/1264
f 1265/1265/1265 1266/1266/1266 1267/1267/1267
f 1268/1268/1268 1269/1269/1269 1270/1270/1270
f 1269/1269/1269 1271/1271/1271 1270/1270/1270
f 1270/1270/1270 1271/1271/1271 1272/1272/1272
f 1273/1273/1273 1274/1274/1274 1275/1275/1275
f 1274/1274/1274 1276/1276/1276 1275/1275/1275
f 1277/1277/1277 1278/1278/1278 1279/1279/1279
f 1280/1280/1280 1281/1281/1281 1282/1282/1282
f 1283/1283/1283 1284/1284/1284 1285/1285/1285
f 1286/1286/1286 1287/1287/1287 1288/1288/1288
f 1289/1289/1289 1290/1290/1290 1291/1291/1291
f 1292/1292/1292 1293/1293/1293 1294/1294/1294
f 1295/1295/1295 1296/1296/1296 1297/1297/1297
f 1298/1298/1298 1299/1299/1299 1300/1300/1300
f 1301/1301/1301 1302/1302/1302 1303/1303/1303
f 1304/1304/1304 1305/1305/1305 1306/1306/1306
f 1305/1305/1305 1307/1307/1307 1306/1306/1306
f 1308/1308/1308 1309/1309/1309 1310/1310/1310
f 1309/1309/1309 1311/1311/1311 1310/1310/1310
f 1312/1312/1312 1313/1313/1313 1314/1314/1314
f 1313/1313/1313 1315/1315/1315 1314/1314/1314
f 1316/1316/1316 1317/1317/1317 1318/1318/1318
f 1317/1317/1317 1319/1319/1319 1318/1318/1318
f 1320/1320/1320 1321/1321/1321 1322/1322/1322
f 1321/1321/1321 1323/1323/1323 1322/1322/1322
f 1324/1324/1324 1325/1325/1325 1326/1326/1326
f 1325/1325/1325 1327/1327/1327 1326/1326/1326
f 1328/1328/1328 1329/1329/1329 1330/1330/1330
f 1329/1329/1329 1331/1331/1331 1330/1330/1330
f 1332/1332/1332 1333/1333/1333 1334/1334/1334
f 1335/1335/1335 1336/1336/1336 1337/1337/1337
f 1338/1338/1338 1339/1339/1339 1340/1340/1340
f 1341/1341/1341 1342/1342/1342 1343/1343/1343
f 1344/1344/1344 1345/1345/1345 1346/1346/1346
f 1347/1347/1347 1348/1348/1348 1349/1349/1349
f 1350/1350/1350 1351/1351/1351 1352/1352/1352
f 1353/1353/1353 1354/1354/1354 1355/1355/1355
f 1356/1356/1356 1357/1357/1357 1358/1358/1358
f 1359/1359/1359 1360/1360/1360 1361/1361/1361
f 1362/1362/1362 1363/1363/1363 1364/1364/1364
f 1363/1363/1363 1365/1365/1365 1364/1364/1364
f 1366/1366/1366 1367/1367/1367 1368/1368/1368
f 1367/1367/1367 1369/1369/1369 1368/1368/1368
f 1370/1370/1370 1371/1371/1371 1372/1372/1372
f 1371/1371/1371 1373/1373/1373 1372/1372/1372
f 1374/1374/1374 1375/1375/1375 1376/1376/1376
f 1375/1375/1375 1377/1377/1377 1376/1376/1376
f 1376/1376/1376 1377/1377/1377 1378/1378/1378
f 1379/1379/1379 1380/1380/1380 1381/1381/1381
f 1380/1380/1380 1382/1382/1382 1381/1381/1381
f 1383/1383/1383 1384/1384/1384 1385/1385/1385
f 1386/1386/1386 1387/1387/1387 1388/1388/1388
f 1387/1387/1387 1389/1389/1389 1388/1388/1388
f 1388/1388/1388 1389/1389/1389 1390/1390/1390
f 1391/1391/1391 1392/1392/1392 1393/1393/1393
f 1392/1392/1392 1394/1394/1394 1393/1393/1393
f 1395/1395/1395 1396/1396/1396 1397/1397/1397
f 1396/1396/1396 1398/1398/1398 1397/1397/1397
f 1399/1399/1399 1400/1400/1400 1401/1401/1401
f 1400/1400/1400 1402/1402/1402 1401/1401/1401
f 1403/1403/1403 1404/1404/1404 1405/1405/1405
f 1404/1404/1404 1406/1406/1406 1405/1405/1405
f 1407/1407/1407 1408/1408/1408 1409/1409/1409
f 1410/1410/1410 1411/1411/1411 1412/1412/1412
f 1411/1411/1411 1413/1413/1413 1412/1412/1412
f 1414/1414/1414 1415/1415/1415 1416/1416/1416
f 1415/1415/1415 1417/1417/1417 1416/1416/1416
f 1418/1418/1418 1419/1419/1419 1420/1420/1420
f 1419/1419/1419 1421/1421/1421 1420/1420/1420
f 1420/1420/1420 1421/1421/1421 1422/1422/1422
f 1423/1423/1423 1424/1424/1424 1425/1425/1425
f 1424/1424/1424 1426/1426/1426 1425/1425/1425
f 1427/1427/1427 1428/1428/1428 1429/1429/1429
f 1430/1430/1430 1431/1431/1431 1432/1432/1432
f 1431/1431/1431 1433/1433/1433 1432/1432/1432
f 1434/1434/1434 1435/1435/1435 1436/1436/1436
f 1435/1435/1435 1437/1437/1437 1436/1436/1436
f 1438/1438/1438 1439/1439/1439 1440/1440/1440
f 1441/1441/1441 1442/1442/1442 1443/1443/1443
f 1442/1442/1442 1444/1444/1444 1443/1443/1443
f 1445/1445/1445 1446/1446/1446 1447/1447/1447
f 1448/1448/1448 1449/1449/1449 1450/1450/1450
f 1449/1449/1449 1451/1451/1451 1450/1450/1450
f 1452/1452/1452 1453/1453/1453 1454/1454/1454
f 1455/1455/1455 1456/1456/1456 1457/1457/1457
f 1458/1458/1458 1459/1459/1459 1460/1460/1460
f 1459/1459/1459 1461/1461/1461 1460/1460/1460
f 1462/1462/1462 1463/1463/1463 1464/1464/1464
f 1465/1465/1465 1466/1466/1466 1467/1467/1467
f 1466/1466/1466 1468/1468/1468 1467/1467/1467
f 1469/1469/1469 1470/1470/1470 1471/1471/1471
f 1472/1472/1472 1473/1473/1473 1474/1474/1474
f 1475/1475/1475 1476/1476/1476 1477/1477/1477
f 1476/1476/1476 1478/1478/1478 1477/1477/1477
f 1479/1479/1479 1480/1480/1480 1481/1481/1481
f 1480/1480/1480 1482/1482/1482 1481/1481/1481
f 1483/1483/1483 1484/1484/1484 1485/1485/1485
f 1486/1486/1486 1487/1487/1487 1488/1488/1488
f 1489/1489/1489 1490/1490/1490 1491/1491/1491
f 1492/1492/1492 1493/1493/1493 1494/1494/1494
f 1495/1495/1495 1496/1496/1496 1497/1497/1497
f 1498/1498/1498 1499/1499/1499 1500/1500/1500
f 1501/1501/1501 1502/1502/1502 1503/1503/1503
f 1504/1504/1504 1505/1505/1505 1506/1506/1506
f 1507/1507/1507 1508/1508/1508 1509/1509/1509
f 1510/1510/1510 1511/1511/1511 1512/1512/1512
f 1513/1513/1513 1514/1514/1514 1515/1515/1515
f 1516/1516/1516 1517/1517/1517 1518/1518/1518
f 1519/1519/1519 1520/1520/1520 1521/1521/1521
f 1522/1522/1522 1523/1523/1523 1524/1524/1524
f 1525/1525/1525 1526/1526/1526 1527/1527/1527
f 1528/1528/1528 1529/1529/1529 1530/1530/1530
f 1531/1531/1531 1532/1532/1532 1533/1533/1533
f 1534/1534/1534 1535/1535/1535 1536/1536/1536
f 1535/1535/1535 1537/1537/1537 1536/1536/1536
f 1538/1538/1538 1539/1539/1539 1540/1540/1540
f 1539/1539/1539 1541/1541/1541 1540/1540/1540
f 1542/1542/1542 1543/1543/1543 1544/1544/1544
f 1543/1543/1543 1545/1545/1545 1544/1544/1544
f 1546/1546/1546 1547/1547/1547 1548/1548/1548
f 1547/1547/1547 1549/1549/1549 1548/1548/1548
f 1550/1550/1550 1551/1551/1551 1552/1552/1552
f 1551/1551/1551 1553/1553/1553 1552/1552/1552
f 1554/1554/1554 1555/1555/1555 1556/1556/1556
f 1555/1555/1555 1557/1557/1557 1556/1556/1556
f 1558/1558/1558 1559/1559/1559 1560/1560/1560
f 1561/1561/1561 1562/1562/1562 1563/1563/1563
f 1564/1564/1564 1565/1565/1565 1566/1566/1566
f 1567/1567/1567 1568/1568/1568 1569/1569/1569
f 1570/1570/1570 1571/1571/1571 1572/1572/1572
f 1573/1573/1573 1574/1574/1574 1575/1575/1575
f 1576/1576/1576 1577/1577/1577 1578/1578/1578
f 1579/1579/1579 1580/1580/1580 1581/1581/1581
f 1582/1582/1582 1583/1583/1583 1584/1584/1584
f 1583/1583/1583 1585/1585/1585 1584/1584/1584
f 1586/1586/1586 1587/1587/1587 1588/1588/1588
f 1589/1589/1589 1590/1590/1590 1591/1591/1591
f 1592/1592/1592 1593/1593/1593 1594/1594/1594
f 1593/1593/1593 1595/1595/1595 1594/1594/1594
f 1596/1596/1596 1597/1597/1597 1598/1598/1598
f 1597/1597/1597 1599/1599/1599 1598/1598/1598
f 1600/1600/1600 1601/1601/1601 1602/1602/1602
f 1603/1603/1603 1604/1604/1604 1605/1605/1605
f 1606/1606/1606 1607/1607/1607 1608/1608/1608
f 1609/1609/1609 1610/1610/1610 1611/1611/1611
f 1612/1612/1612 1613/1613/1613 1614/1614/1614
f 1613/1613/1613 1615/1615/1615 1614/1614/1614
f 1616/1616/1616 1617/1617/1617 1618/1618/1618
f 1619/1619/1619 1620/1620/1620 1621/1621/1621
f 1622/1622/1622 1623/1623/1623 1624/1624/1624
f 1625/1625/1625 1626/1626/1626 1627/1627/1627
f 1628/1628/1628 1629/1629/1629 1630/1630/1630
f 1631/1631/1631 1632/1632/1632 1633/1633/1633
f 1634/1634/1634 1635/1635/1635 1636/1636/1636
f 1635/1635/1635 1637/1637/1637 1636/1636/1636
f 1638/1638/1638 1639/1639/1639 1640/1640/1640
f 1639/1639/1639 1641/1641/1641 1640/1640/1640
f 1642/1642/1642 1643/1643/1643 1644/1644/1644
f 1643/1643/1643 1645/1645/1645 1644/1644/1644
f 1646/1646/1646 1647/1647/1647 1648/1648/1648
f 1647/1647/1647 1649/1649/1649 1648/1648/1648
