# Batch 5 (tex 2)
mtllib batch_0005.mtl

v 11.896100 28.588530 -12.180590
#vw 00000000
v 13.684880 23.543330 -8.127446
#vw 00000000
v 12.075010 25.894270 -12.605880
#vw 00000000
v -11.425270 7.679878 -5.443495
#vw 00000000
v -12.676450 11.118880 -1.090873
#vw 00000000
v -12.746330 11.271480 -4.354477
#vw 00000000
v 10.953320 7.679878 -5.893499
#vw 00000000
v 7.022043 5.166986 -2.750599
#vw 00000000
v 7.111396 4.590466 -7.144465
#vw 00000000
v -17.494310 21.209270 -1.292246
#vw 00000000
v -17.545020 21.254150 -0.859556
#vw 00000000
v -15.146940 22.896980 -2.665860
#vw 00000000
v -18.497100 18.902110 -0.502913
#vw 00000000
v -17.341560 18.318600 -1.161885
#vw 00000000
v -18.637650 16.235900 -0.413754
#vw 00000000
v -18.637650 16.235900 -0.413754
#vw 00000000
v -17.341560 18.318600 -1.161885
#vw 00000000
v -17.474780 16.325660 -1.080718
#vw 00000000
v -13.459800 16.666800 -3.359057
#vw 00000000
v -16.812710 20.338470 -1.674836
#vw 00000000
v -15.146940 22.896980 -2.665860
#vw 00000000
v -15.146940 22.896980 -2.665860
#vw 00000000
v -16.812710 20.338470 -1.674836
#vw 00000000
v -17.494310 21.209270 -1.292246
#vw 00000000
v 18.733040 16.190990 -0.670770
#vw 00000000
v 18.048440 16.325660 0.622316
#vw 00000000
v 18.314800 14.072380 -0.944910
#vw 00000000
v 18.314800 14.072380 -0.944910
#vw 00000000
v 18.048440 16.325660 0.622316
#vw 00000000
v 17.517610 13.838980 0.342592
#vw 00000000
v -18.268800 14.198070 -0.695870
#vw 00000000
v -17.330940 14.709760 -1.366162
#vw 00000000
v -16.995880 12.303870 -1.474930
#vw 00000000
v -16.995880 12.303870 -1.474930
#vw 00000000
v -17.330940 14.709760 -1.366162
#vw 00000000
v -16.246820 13.641470 -1.858876
#vw 00000000
v 13.684880 23.543330 -8.127446
#vw 00000000
v 15.003460 22.896980 -3.272148
#vw 00000000
v 12.708850 18.031330 -8.539483
#vw 00000000
v 12.708850 18.031330 -8.539483
#vw 00000000
v 15.003460 22.896980 -3.272148
#vw 00000000
v 13.288100 16.666800 -3.896926
#vw 00000000
v -12.746330 11.271480 -4.354477
#vw 00000000
v -12.676450 11.118880 -1.090873
#vw 00000000
v -15.385680 11.190690 -2.260772
#vw 00000000
v -15.385680 11.190690 -2.260772
#vw 00000000
v -12.676450 11.118880 -1.090873
#vw 00000000
v -14.328640 11.109900 -0.516097
#vw 00000000
v 12.708850 18.031330 -8.539483
#vw 00000000
v 13.288100 16.666800 -3.896926
#vw 00000000
v 12.213630 14.332700 -8.906257
#vw 00000000
v 12.213630 14.332700 -8.906257
#vw 00000000
v 13.288100 16.666800 -3.896926
#vw 00000000
v 12.659870 9.892379 -4.375609
#vw 00000000
v 17.476800 21.254150 -1.563801
#vw 00000000
v 17.025090 20.643690 0.101332
#vw 00000000
v 18.573470 18.991890 -0.769594
#vw 00000000
v 18.573470 18.991890 -0.769594
#vw 00000000
v 17.025090 20.643690 0.101332
#vw 00000000
v 17.902180 18.713600 0.444738
#vw 00000000
v -12.423560 28.588530 -11.691550
#vw 00000000
v -12.391170 30.617390 -11.229130
#vw 00000000
v -7.388984 29.288730 -13.974690
#vw 00000000
v -7.388984 29.288730 -13.974690
#vw 00000000
v -12.391170 30.617390 -11.229130
#vw 00000000
v -7.417994 33.903040 -13.228510
#vw 00000000
v -12.746330 11.271480 -4.354477
#vw 00000000
v -14.917800 12.142280 -2.819582
#vw 00000000
v -13.459800 16.666800 -3.359057
#vw 00000000
v -13.459800 16.666800 -3.359057
#vw 00000000
v -14.917800 12.142280 -2.819582
#vw 00000000
v -16.812710 20.338470 -1.674836
#vw 00000000
v -3.781155 2.946192 -8.706740
#vw 00000000
v -3.697823 4.008918 -13.868380
#vw 00000000
v -0.165491 1.627548 -9.320594
#vw 00000000
v -0.165491 1.627548 -9.320594
#vw 00000000
v -3.697823 4.008918 -13.868380
#vw 00000000
v -0.318770 3.811416 -14.681950
#vw 00000000
v -11.577720 10.647420 -8.730373
#vw 00000000
v -10.000000 12.000000 -13.000000
#vw 00000000
v -9.313268 7.951017 -10.148880
#vw 00000000
v -9.313268 7.951017 -10.148880
#vw 00000000
v -10.000000 12.000000 -13.000000
#vw 00000000
v -8.951714 8.487496 -12.963040
#vw 00000000
v -12.600670 14.332700 -8.407269
#vw 00000000
v -11.111870 14.795600 -12.755550
#vw 00000000
v -11.577720 10.647420 -8.730373
#vw 00000000
v -11.577720 10.647420 -8.730373
#vw 00000000
v -11.111870 14.795600 -12.755550
#vw 00000000
v -10.000000 12.000000 -13.000000
#vw 00000000
v -4.109171 3.299722 -3.664807
#vw 00000000
v -3.655860 -0.663219 -2.835596
#vw 00000000
v -4.004189 4.035857 1.238443
#vw 00000000
v -4.004189 4.035857 1.238443
#vw 00000000
v -3.680918 -0.573168 -2.906639
#vw 00000000
v -3.565582 -0.216852 0.346064
#vw 00000000
v -11.111870 14.795600 -12.755550
#vw 00000000
v -12.600670 14.332700 -8.407269
#vw 00000000
v -12.000000 22.000000 -13.000000
#vw 00000000
v -12.000000 22.000000 -13.000000
#vw 00000000
v -12.600670 14.332700 -8.407269
#vw 00000000
v -13.072250 18.031330 -8.021058
#vw 00000000
v 18.573470 18.991890 -0.769594
#vw 00000000
v 17.902180 18.713600 0.444738
#vw 00000000
v 18.733040 16.190990 -0.670770
#vw 00000000
v 18.733040 16.190990 -0.670770
#vw 00000000
v 17.902180 18.713600 0.444738
#vw 00000000
v 18.048440 16.325660 0.622316
#vw 00000000
v 15.003460 22.896980 -3.272148
#vw 00000000
v 15.056040 21.667090 -0.816599
#vw 00000000
v 17.476800 21.254150 -1.563801
#vw 00000000
v 17.476800 21.254150 -1.563801
#vw 00000000
v 15.056040 21.667090 -0.816599
#vw 00000000
v 17.025090 20.643690 0.101332
#vw 00000000
v 16.463350 18.973940 0.128333
#vw 00000000
v 17.025090 20.643690 0.101332
#vw 00000000
v 15.369520 19.719050 -0.532504
#vw 00000000
v 15.369520 19.719050 -0.532504
#vw 00000000
v 17.025090 20.643690 0.101332
#vw 00000000
v 15.056040 21.667090 -0.816599
#vw 00000000
v 16.933210 14.467370 0.362193
#vw 00000000
v 17.517610 13.838980 0.342592
#vw 00000000
v 17.237520 16.469300 0.567984
#vw 00000000
v 17.237520 16.469300 0.567984
#vw 00000000
v 17.517610 13.838980 0.342592
#vw 00000000
v 18.048440 16.325660 0.622316
#vw 00000000
v 18.214450 14.198070 -1.429504
#vw 00000000
v 18.314800 14.072380 -0.944910
#vw 00000000
v 16.909270 12.303870 -2.156719
#vw 00000000
v 16.909270 12.303870 -2.156719
#vw 00000000
v 18.314800 14.072380 -0.944910
#vw 00000000
v 17.038590 12.178180 -1.719802
#vw 00000000
v 17.397150 16.325660 -1.781951
#vw 00000000
v 17.248710 14.709760 -2.061516
#vw 00000000
v 17.260570 18.318600 -1.857691
#vw 00000000
v 17.260570 18.318600 -1.857691
#vw 00000000
v 17.248710 14.709760 -2.061516
#vw 00000000
v 16.136940 13.641470 -2.510074
#vw 00000000
v 12.659870 9.892379 -4.375609
#vw 00000000
v 15.259340 11.190690 -2.877005
#vw 00000000
v 12.610010 11.118880 -1.599353
#vw 00000000
v 12.610010 11.118880 -1.599353
#vw 00000000
v 15.259340 11.190690 -2.877005
#vw 00000000
v 14.285380 11.109900 -1.091490
#vw 00000000
v 18.443320 18.902110 -1.245739
#vw 00000000
v 18.573470 18.991890 -0.769594
#vw 00000000
v 18.595050 16.235900 -1.162457
#vw 00000000
v 18.595050 16.235900 -1.162457
#vw 00000000
v 18.573470 18.991890 -0.769594
#vw 00000000
v 18.733040 16.190990 -0.670770
#vw 00000000
v 18.595050 16.235900 -1.162457
#vw 00000000
v 18.733040 16.190990 -0.670770
#vw 00000000
v 18.214450 14.198070 -1.429504
#vw 00000000
v 18.214450 14.198070 -1.429504
#vw 00000000
v 18.733040 16.190990 -0.670770
#vw 00000000
v 18.314800 14.072380 -0.944910
#vw 00000000
v 17.260570 18.318600 -1.857691
#vw 00000000
v 16.136940 13.641470 -2.510074
#vw 00000000
v 16.710220 20.338470 -2.348940
#vw 00000000
v 16.710220 20.338470 -2.348940
#vw 00000000
v 16.136940 13.641470 -2.510074
#vw 00000000
v 14.775430 12.142280 -3.416676
#vw 00000000
v -13.766050 12.806590 -0.503866
#vw 00000000
v -12.676450 11.118880 -1.090873
#vw 00000000
v -15.094370 21.667090 -0.210313
#vw 00000000
v -15.387930 19.719050 0.085995
#vw 00000000
v -13.766050 12.806590 -0.503866
#vw 00000000
v -15.094370 21.667090 -0.210313
#vw 00000000
v -15.387930 19.719050 0.085995
#vw 00000000
v -15.094370 21.667090 -0.210313
#vw 00000000
v -17.022440 20.643690 0.785987
#vw 00000000
v -16.452530 18.973940 0.790231
#vw 00000000
v -15.387930 19.719050 0.085995
#vw 00000000
v -17.022440 20.643690 0.785987
#vw 00000000
v -16.452530 18.973940 0.790231
#vw 00000000
v -17.022440 20.643690 0.785987
#vw 00000000
v -17.884080 18.713600 1.164355
#vw 00000000
v -17.089830 17.573490 1.140536
#vw 00000000
v -16.452530 18.973940 0.790231
#vw 00000000
v -17.884080 18.713600 1.164355
#vw 00000000
v -17.089830 17.573490 1.140536
#vw 00000000
v -17.884080 18.713600 1.164355
#vw 00000000
v -18.015120 16.325660 1.347507
#vw 00000000
v -17.214720 16.469300 1.260776
#vw 00000000
v -17.089830 17.573490 1.140536
#vw 00000000
v -18.015120 16.325660 1.347507
#vw 00000000
v -17.214720 16.469300 1.260776
#vw 00000000
v -18.015120 16.325660 1.347507
#vw 00000000
v -17.504210 13.838980 1.046837
#vw 00000000
v -16.919470 14.467370 1.042928
#vw 00000000
v -17.214720 16.469300 1.260776
#vw 00000000
v -17.504210 13.838980 1.046837
#vw 00000000
v -16.919470 14.467370 1.042928
#vw 00000000
v -17.504210 13.838980 1.046837
#vw 00000000
v -16.437430 12.016600 0.444590
#vw 00000000
v -15.962580 12.950230 0.560620
#vw 00000000
v -16.919470 14.467370 1.042928
#vw 00000000
v -16.437430 12.016600 0.444590
#vw 00000000
v -15.962580 12.950230 0.560620
#vw 00000000
v -16.437430 12.016600 0.444590
#vw 00000000
v -14.328640 11.109900 -0.516097
#vw 00000000
v -14.923110 12.725790 0.084499
#vw 00000000
v -15.962580 12.950230 0.560620
#vw 00000000
v -14.328640 11.109900 -0.516097
#vw 00000000
v -14.328640 11.109900 -0.516097
#vw 00000000
v -12.676450 11.118880 -1.090873
#vw 00000000
v -13.766050 12.806590 -0.503866
#vw 00000000
v -14.923110 12.725790 0.084499
#vw 00000000
v -14.328640 11.109900 -0.516097
#vw 00000000
v -13.766050 12.806590 -0.503866
#vw 00000000
v -14.923110 12.725790 0.084499
#vw 00000000
v -13.766050 12.806590 -0.503866
#vw 00000000
v -15.387930 19.719050 0.085995
#vw 00000000
v -16.452530 18.973940 0.790231
#vw 00000000
v -14.923110 12.725790 0.084499
#vw 00000000
v -15.387930 19.719050 0.085995
#vw 00000000
v 15.259340 11.190690 -2.877005
#vw 00000000
v 17.038590 12.178180 -1.719802
#vw 00000000
v 16.425970 12.016600 -0.216251
#vw 00000000
v 14.285380 11.109900 -1.091490
#vw 00000000
v 15.259340 11.190690 -2.877005
#vw 00000000
v 16.425970 12.016600 -0.216251
#vw 00000000
v 14.285380 11.109900 -1.091490
#vw 00000000
v 16.425970 12.016600 -0.216251
#vw 00000000
v 15.964010 12.950230 -0.081387
#vw 00000000
v 14.905030 12.725790 -0.515307
#vw 00000000
v 14.285380 11.109900 -1.091490
#vw 00000000
v 15.964010 12.950230 -0.081387
#vw 00000000
v 17.902180 18.713600 0.444738
#vw 00000000
v 17.025090 20.643690 0.101332
#vw 00000000
v 16.463350 18.973940 0.128333
#vw 00000000
v 17.107600 17.573490 0.452867
#vw 00000000
v 17.902180 18.713600 0.444738
#vw 00000000
v 16.463350 18.973940 0.128333
#vw 00000000
v 17.107600 17.573490 0.452867
#vw 00000000
v 16.463350 18.973940 0.128333
#vw 00000000
v 14.905030 12.725790 -0.515307
#vw 00000000
v 15.964010 12.950230 -0.081387
#vw 00000000
v 17.107600 17.573490 0.452867
#vw 00000000
v 14.905030 12.725790 -0.515307
#vw 00000000
v -0.141226 -1.108094 -6.389567
#vw 00000000
v -3.671307 -0.567820 -2.765718
#vw 00000000
v -4.109171 3.299722 -3.664807
#vw 00000000
v -0.156680 2.500751 -7.111325
#vw 00000000
v -0.138068 -1.145183 -6.349170
#vw 00000000
v -4.109171 3.299722 -3.664807
#vw 00000000
v -0.156680 2.500751 -7.111325
#vw 00000000
v -4.109171 3.299722 -3.664807
#vw 00000000
v -3.781155 2.946192 -8.706740
#vw 00000000
v -0.165491 1.627548 -9.320594
#vw 00000000
v -0.156680 2.500751 -7.111325
#vw 00000000
v -3.781155 2.946192 -8.706740
#vw 00000000
v 15.003460 22.896980 -3.272148
#vw 00000000
v 17.415100 21.209270 -1.994233
#vw 00000000
v 16.710220 20.338470 -2.348940
#vw 00000000
v 13.288100 16.666800 -3.896926
#vw 00000000
v 15.003460 22.896980 -3.272148
#vw 00000000
v 16.710220 20.338470 -2.348940
#vw 00000000
v 13.288100 16.666800 -3.896926
#vw 00000000
v 16.710220 20.338470 -2.348940
#vw 00000000
v 14.775430 12.142280 -3.416676
#vw 00000000
v 12.540130 11.271480 -4.862956
#vw 00000000
v 13.288100 16.666800 -3.896926
#vw 00000000
v 14.775430 12.142280 -3.416676
#vw 00000000
v 15.370690 11.468980 -3.279522
#vw 00000000
v 14.775430 12.142280 -3.416676
#vw 00000000
v 16.136940 13.641470 -2.510074
#vw 00000000
v 16.909270 12.303870 -2.156719
#vw 00000000
v 15.370690 11.468980 -3.279522
#vw 00000000
v 16.136940 13.641470 -2.510074
#vw 00000000
v 16.909270 12.303870 -2.156719
#vw 00000000
v 16.136940 13.641470 -2.510074
#vw 00000000
v 17.248710 14.709760 -2.061516
#vw 00000000
v 18.214450 14.198070 -1.429504
#vw 00000000
v 16.909270 12.303870 -2.156719
#vw 00000000
v 17.248710 14.709760 -2.061516
#vw 00000000
v 18.214450 14.198070 -1.429504
#vw 00000000
v 17.248710 14.709760 -2.061516
#vw 00000000
v 17.397150 16.325660 -1.781951
#vw 00000000
v 18.595050 16.235900 -1.162457
#vw 00000000
v 18.214450 14.198070 -1.429504
#vw 00000000
v 17.397150 16.325660 -1.781951
#vw 00000000
v 18.595050 16.235900 -1.162457
#vw 00000000
v 17.397150 16.325660 -1.781951
#vw 00000000
v 17.260570 18.318600 -1.857691
#vw 00000000
v 18.443320 18.902110 -1.245739
#vw 00000000
v 18.595050 16.235900 -1.162457
#vw 00000000
v 17.260570 18.318600 -1.857691
#vw 00000000
v 18.443320 18.902110 -1.245739
#vw 00000000
v 17.260570 18.318600 -1.857691
#vw 00000000
v 16.710220 20.338470 -2.348940
#vw 00000000
v 17.415100 21.209270 -1.994233
#vw 00000000
v 18.443320 18.902110 -1.245739
#vw 00000000
v 16.710220 20.338470 -2.348940
#vw 00000000
v -18.355810 14.072380 -0.207508
#vw 00000000
v -17.504210 13.838980 1.046837
#vw 00000000
v -18.015120 16.325660 1.347507
#vw 00000000
v -18.746810 16.190990 0.090750
#vw 00000000
v -18.355810 14.072380 -0.207508
#vw 00000000
v -18.015120 16.325660 1.347507
#vw 00000000
v -18.746810 16.190990 0.090750
#vw 00000000
v -18.015120 16.325660 1.347507
#vw 00000000
v -17.884080 18.713600 1.164355
#vw 00000000
v -18.606760 18.991890 -0.021945
#vw 00000000
v -18.746810 16.190990 0.090750
#vw 00000000
v -17.884080 18.713600 1.164355
#vw 00000000
v -18.606760 18.991890 -0.021945
#vw 00000000
v -17.884080 18.713600 1.164355
#vw 00000000
v -17.022440 20.643690 0.785987
#vw 00000000
v -17.545020 21.254150 -0.859556
#vw 00000000
v -18.606760 18.991890 -0.021945
#vw 00000000
v -17.022440 20.643690 0.785987
#vw 00000000
v -17.545020 21.254150 -0.859556
#vw 00000000
v -17.022440 20.643690 0.785987
#vw 00000000
v -15.094370 21.667090 -0.210313
#vw 00000000
v -15.146940 22.896980 -2.665860
#vw 00000000
v -17.545020 21.254150 -0.859556
#vw 00000000
v -15.094370 21.667090 -0.210313
#vw 00000000
v -17.504210 13.838980 1.046837
#vw 00000000
v -18.355810 14.072380 -0.207508
#vw 00000000
v -17.106380 12.178180 -1.033188
#vw 00000000
v -16.437430 12.016600 0.444590
#vw 00000000
v -17.504210 13.838980 1.046837
#vw 00000000
v -17.106380 12.178180 -1.033188
#vw 00000000
v -16.437430 12.016600 0.444590
#vw 00000000
v -17.106380 12.178180 -1.033188
#vw 00000000
v -15.385680 11.190690 -2.260772
#vw 00000000
v -14.328640 11.109900 -0.516097
#vw 00000000
v -16.437430 12.016600 0.444590
#vw 00000000
v -15.385680 11.190690 -2.260772
#vw 00000000
v 17.038590 12.178180 -1.719802
#vw 00000000
v 18.314800 14.072380 -0.944910
#vw 00000000
v 17.517610 13.838980 0.342592
#vw 00000000
v 16.425970 12.016600 -0.216251
#vw 00000000
v 17.038590 12.178180 -1.719802
#vw 00000000
v 17.517610 13.838980 0.342592
#vw 00000000
v 16.425970 12.016600 -0.216251
#vw 00000000
v 17.517610 13.838980 0.342592
#vw 00000000
v 16.933210 14.467370 0.362193
#vw 00000000
v 15.964010 12.950230 -0.081387
#vw 00000000
v 16.425970 12.016600 -0.216251
#vw 00000000
v 16.933210 14.467370 0.362193
#vw 00000000
v 16.463350 18.973940 0.128333
#vw 00000000
v 15.369520 19.719050 -0.532504
#vw 00000000
v 14.905030 12.725790 -0.515307
#vw 00000000
v 18.573470 18.991890 -0.769594
#vw 00000000
v 18.443320 18.902110 -1.245739
#vw 00000000
v 17.415100 21.209270 -1.994233
#vw 00000000
v 17.476800 21.254150 -1.563801
#vw 00000000
v 18.573470 18.991890 -0.769594
#vw 00000000
v 17.415100 21.209270 -1.994233
#vw 00000000
v 17.476800 21.254150 -1.563801
#vw 00000000
v 17.415100 21.209270 -1.994233
#vw 00000000
v 15.003460 22.896980 -3.272148
#vw 00000000
v 18.048440 16.325660 0.622316
#vw 00000000
v 17.902180 18.713600 0.444738
#vw 00000000
v 17.107600 17.573490 0.452867
#vw 00000000
v 17.237520 16.469300 0.567984
#vw 00000000
v 18.048440 16.325660 0.622316
#vw 00000000
v 17.107600 17.573490 0.452867
#vw 00000000
v 17.237520 16.469300 0.567984
#vw 00000000
v 17.107600 17.573490 0.452867
#vw 00000000
v 15.964010 12.950230 -0.081387
#vw 00000000
v 16.933210 14.467370 0.362193
#vw 00000000
v 17.237520 16.469300 0.567984
#vw 00000000
v 15.964010 12.950230 -0.081387
#vw 00000000
v -0.165491 1.627548 -9.320594
#vw 00000000
v -0.318770 3.811416 -14.681950
#vw 00000000
v 3.092199 4.008918 -14.004920
#vw 00000000
v 3.503503 2.946192 -8.853225
#vw 00000000
v -0.165491 1.627548 -9.320594
#vw 00000000
v 3.092199 4.008918 -14.004920
#vw 00000000
v 3.503503 2.946192 -8.853225
#vw 00000000
v 3.092199 4.008918 -14.004920
#vw 00000000
v 6.806707 5.382423 -12.808140
#vw 00000000
v 7.111396 4.590466 -7.144465
#vw 00000000
v 3.503503 2.946192 -8.853225
#vw 00000000
v 6.806707 5.382423 -12.808140
#vw 00000000
v 7.111396 4.590466 -7.144465
#vw 00000000
v 7.022043 5.166986 -2.750599
#vw 00000000
v 3.939929 3.299722 -3.826664
#vw 00000000
v 3.503503 2.946192 -8.853225
#vw 00000000
v 7.111396 4.590466 -7.144465
#vw 00000000
v 3.939929 3.299722 -3.826664
#vw 00000000
v 3.503503 2.946192 -8.853225
#vw 00000000
v 3.939929 3.299722 -3.826664
#vw 00000000
v -0.156680 2.500751 -7.111325
#vw 00000000
v -0.165491 1.627548 -9.320594
#vw 00000000
v 3.503503 2.946192 -8.853225
#vw 00000000
v -0.156680 2.500751 -7.111325
#vw 00000000
v -0.343965 28.768050 -15.858740
#vw 00000000
v 3.186499 33.813270 -13.802780
#vw 00000000
v 6.193501 33.750430 -12.733050
#vw 00000000
v 6.775633 29.288730 -14.259530
#vw 00000000
v -0.343965 28.768050 -15.858740
#vw 00000000
v 6.193501 33.750430 -12.733050
#vw 00000000
v 6.775633 29.288730 -14.259530
#vw 00000000
v 6.193501 33.750430 -12.733050
#vw 00000000
v 11.560710 30.455800 -12.087510
#vw 00000000
v 11.896100 28.588530 -12.180590
#vw 00000000
v 6.775633 29.288730 -14.259530
#vw 00000000
v 11.560710 30.455800 -12.087510
#vw 00000000
v -16.812710 20.338470 -1.674836
#vw 00000000
v -14.917800 12.142280 -2.819582
#vw 00000000
v -16.246820 13.641470 -1.858876
#vw 00000000
v -17.341560 18.318600 -1.161885
#vw 00000000
v -16.812710 20.338470 -1.674836
#vw 00000000
v -16.246820 13.641470 -1.858876
#vw 00000000
v -17.341560 18.318600 -1.161885
#vw 00000000
v -16.246820 13.641470 -1.858876
#vw 00000000
v -17.330940 14.709760 -1.366162
#vw 00000000
v -17.474780 16.325660 -1.080718
#vw 00000000
v -17.341560 18.318600 -1.161885
#vw 00000000
v -17.330940 14.709760 -1.366162
#vw 00000000
v -17.474780 16.325660 -1.080718
#vw 00000000
v -17.330940 14.709760 -1.366162
#vw 00000000
v -18.268800 14.198070 -0.695870
#vw 00000000
v -18.637650 16.235900 -0.413754
#vw 00000000
v -17.474780 16.325660 -1.080718
#vw 00000000
v -18.268800 14.198070 -0.695870
#vw 00000000
v -13.072250 18.031330 -8.021058
#vw 00000000
v -13.459800 16.666800 -3.359057
#vw 00000000
v -15.146940 22.896980 -2.665860
#vw 00000000
v -14.037300 23.543330 -7.569989
#vw 00000000
v -13.072250 18.031330 -8.021058
#vw 00000000
v -15.146940 22.896980 -2.665860
#vw 00000000
v -14.037300 23.543330 -7.569989
#vw 00000000
v -15.146940 22.896980 -2.665860
#vw 00000000
v -15.237970 26.460930 -6.917959
#vw 00000000
v -12.423560 28.588530 -11.691550
#vw 00000000
v -14.037300 23.543330 -7.569989
#vw 00000000
v -15.237970 26.460930 -6.917959
#vw 00000000
v -12.423560 28.588530 -11.691550
#vw 00000000
v -15.237970 26.460930 -6.917959
#vw 00000000
v -12.391170 30.617390 -11.229130
#vw 00000000
v -9.313268 7.951017 -10.148880
#vw 00000000
v -7.472913 4.590466 -6.851195
#vw 00000000
v -11.425270 7.679878 -5.443495
#vw 00000000
v -11.577720 10.647420 -8.730373
#vw 00000000
v -9.313268 7.951017 -10.148880
#vw 00000000
v -11.425270 7.679878 -5.443495
#vw 00000000
v -11.577720 10.647420 -8.730373
#vw 00000000
v -11.425270 7.679878 -5.443495
#vw 00000000
v -12.746330 11.271480 -4.354477
#vw 00000000
v -12.600670 14.332700 -8.407269
#vw 00000000
v -11.577720 10.647420 -8.730373
#vw 00000000
v -12.746330 11.271480 -4.354477
#vw 00000000
v -12.600670 14.332700 -8.407269
#vw 00000000
v -12.746330 11.271480 -4.354477
#vw 00000000
v -13.459800 16.666800 -3.359057
#vw 00000000
v -13.072250 18.031330 -8.021058
#vw 00000000
v -12.600670 14.332700 -8.407269
#vw 00000000
v -13.459800 16.666800 -3.359057
#vw 00000000
v 9.191316 7.951017 -10.561300
#vw 00000000
v 9.122817 8.456704 -13.182200
#vw 00000000
v 10.648040 11.639390 -13.307720
#vw 00000000
v 11.125340 10.647420 -9.219413
#vw 00000000
v 9.191316 7.951017 -10.561300
#vw 00000000
v 10.650260 11.619350 -13.314190
#vw 00000000
v 11.125340 10.647420 -9.219413
#vw 00000000
v 10.641000 11.579290 -13.304120
#vw 00000000
v 11.217780 14.654280 -12.721710
#vw 00000000
v 12.213630 14.332700 -8.906257
#vw 00000000
v 11.125340 10.647420 -9.219413
#vw 00000000
v 11.163500 14.686530 -12.817380
#vw 00000000
v 12.071630 25.908310 -12.619170
#vw 00000000
v 13.684880 23.543330 -8.127446
#vw 00000000
v 12.708850 18.031330 -8.539483
#vw 00000000
v 12.096790 22.445920 -12.673030
#vw 00000000
v 12.104240 25.907810 -12.491370
#vw 00000000
v 12.708850 18.031330 -8.539483
#vw 00000000
v 12.119040 22.461120 -12.723270
#vw 00000000
v 12.708850 18.031330 -8.539483
#vw 00000000
v 12.213630 14.332700 -8.906257
#vw 00000000
v 11.201860 14.635650 -12.711590
#vw 00000000
v 12.123970 22.446200 -12.611640
#vw 00000000
v 12.213630 14.332700 -8.906257
#vw 00000000
v 4.044909 4.035857 1.076586
#vw 00000000
v 3.686762 -0.180147 0.198950
#vw 00000000
v 3.585295 -0.740021 -3.230889
#vw 00000000
v 3.939929 3.299722 -3.826664
#vw 00000000
v 4.044909 4.035857 1.076586
#vw 00000000
v 3.585295 -0.740021 -3.230889
#vw 00000000
v 3.939929 3.299722 -3.826664
#vw 00000000
v 3.584556 -0.701417 -3.180934
#vw 00000000
v -0.118519 -1.145182 -6.359740
#vw 00000000
v -0.156680 2.500751 -7.111325
#vw 00000000
v 3.939929 3.299722 -3.826664
#vw 00000000
v -0.178100 -1.278255 -6.353874
#vw 00000000
v -14.923110 12.725790 0.084499
#vw 00000000
v -16.452530 18.973940 0.790231
#vw 00000000
v -17.089830 17.573490 1.140536
#vw 00000000
v -15.962580 12.950230 0.560620
#vw 00000000
v -14.923110 12.725790 0.084499
#vw 00000000
v -17.089830 17.573490 1.140536
#vw 00000000
v -15.962580 12.950230 0.560620
#vw 00000000
v -17.089830 17.573490 1.140536
#vw 00000000
v -17.214720 16.469300 1.260776
#vw 00000000
v -16.919470 14.467370 1.042928
#vw 00000000
v -15.962580 12.950230 0.560620
#vw 00000000
v -17.214720 16.469300 1.260776
#vw 00000000
v -15.514160 11.468980 -2.658466
#vw 00000000
v -15.385680 11.190690 -2.260772
#vw 00000000
v -17.106380 12.178180 -1.033188
#vw 00000000
v -16.995880 12.303870 -1.474930
#vw 00000000
v -15.514160 11.468980 -2.658466
#vw 00000000
v -17.106380 12.178180 -1.033188
#vw 00000000
v -16.995880 12.303870 -1.474930
#vw 00000000
v -17.106380 12.178180 -1.033188
#vw 00000000
v -18.355810 14.072380 -0.207508
#vw 00000000
v -18.268800 14.198070 -0.695870
#vw 00000000
v -16.995880 12.303870 -1.474930
#vw 00000000
v -18.355810 14.072380 -0.207508
#vw 00000000
v -18.268800 14.198070 -0.695870
#vw 00000000
v -18.355810 14.072380 -0.207508
#vw 00000000
v -18.746810 16.190990 0.090750
#vw 00000000
v -18.637650 16.235900 -0.413754
#vw 00000000
v -18.268800 14.198070 -0.695870
#vw 00000000
v -18.746810 16.190990 0.090750
#vw 00000000
v -18.637650 16.235900 -0.413754
#vw 00000000
v -18.746810 16.190990 0.090750
#vw 00000000
v -18.606760 18.991890 -0.021945
#vw 00000000
v -18.497100 18.902110 -0.502913
#vw 00000000
v -18.637650 16.235900 -0.413754
#vw 00000000
v -18.606760 18.991890 -0.021945
#vw 00000000
v -16.812710 20.338470 -1.674836
#vw 00000000
v -17.341560 18.318600 -1.161885
#vw 00000000
v -18.497100 18.902110 -0.502913
#vw 00000000
v -17.494310 21.209270 -1.292246
#vw 00000000
v -16.812710 20.338470 -1.674836
#vw 00000000
v -18.497100 18.902110 -0.502913
#vw 00000000
v -17.494310 21.209270 -1.292246
#vw 00000000
v -18.497100 18.902110 -0.502913
#vw 00000000
v -18.606760 18.991890 -0.021945
#vw 00000000
v -17.514560 21.210150 -0.914713
#vw 00000000
v -17.494310 21.209270 -1.292246
#vw 00000000
v -18.606760 18.991890 -0.021945
#vw 00000000
v 3.939929 3.299722 -3.826664
#vw 00000000
v 7.022043 5.166986 -2.750599
#vw 00000000
v 4.044909 4.035857 1.076586
#vw 00000000
v 4.044909 4.035857 1.076586
#vw 00000000
v 7.022043 5.166986 -2.750599
#vw 00000000
v 5.621131 5.804367 2.206478
#vw 00000000
v 5.621131 5.804367 2.206478
#vw 00000000
v 7.022043 5.166986 -2.750599
#vw 00000000
v 12.610010 11.118880 -1.599353
#vw 00000000
v 12.610010 11.118880 -1.599353
#vw 00000000
v 7.022043 5.166986 -2.750599
#vw 00000000
v 10.953320 7.679878 -5.893499
#vw 00000000
v 14.775430 12.142280 -3.416676
#vw 00000000
v 15.370690 11.468980 -3.279522
#vw 00000000
v 12.540130 11.271480 -4.862956
#vw 00000000
v 12.540130 11.271480 -4.862956
#vw 00000000
v 15.370690 11.468980 -3.279522
#vw 00000000
v 15.259340 11.190690 -2.877005
#vw 00000000
v 15.259340 11.190690 -2.877005
#vw 00000000
v 15.370690 11.468980 -3.279522
#vw 00000000
v 17.038590 12.178180 -1.719802
#vw 00000000
v 17.038590 12.178180 -1.719802
#vw 00000000
v 15.370690 11.468980 -3.279522
#vw 00000000
v 16.909270 12.303870 -2.156719
#vw 00000000
v -5.538188 5.804367 2.430876
#vw 00000000
v -4.004189 4.035857 1.238443
#vw 00000000
v 0.076294 4.421885 3.769961
#vw 00000000
v 0.076294 4.421885 3.769961
#vw 00000000
v -4.004189 4.035857 1.238443
#vw 00000000
v 0.068230 3.937104 3.393393
#vw 00000000
v 0.068230 3.937104 3.393393
#vw 00000000
v -4.004189 4.035857 1.238443
#vw 00000000
v 0.039172 -1.009336 2.036177
#vw 00000000
v 0.039172 -1.009336 2.036177
#vw 00000000
v -4.004189 4.035857 1.238443
#vw 00000000
v -3.604792 -0.199756 0.340982
#vw 00000000
v -11.425270 7.679878 -5.443495
#vw 00000000
v -7.142572 5.166986 -2.465766
#vw 00000000
v -12.676450 11.118880 -1.090873
#vw 00000000
v -12.676450 11.118880 -1.090873
#vw 00000000
v -7.142572 5.166986 -2.465766
#vw 00000000
v -5.538188 5.804367 2.430876
#vw 00000000
v -5.538188 5.804367 2.430876
#vw 00000000
v -7.142572 5.166986 -2.465766
#vw 00000000
v -4.004189 4.035857 1.238443
#vw 00000000
v -4.004189 4.035857 1.238443
#vw 00000000
v -7.142572 5.166986 -2.465766
#vw 00000000
v -4.109171 3.299722 -3.664807
#vw 00000000
v -11.425270 7.679878 -5.443495
#vw 00000000
v -7.472913 4.590466 -6.851195
#vw 00000000
v -7.142572 5.166986 -2.465766
#vw 00000000
v -7.142572 5.166986 -2.465766
#vw 00000000
v -7.472913 4.590466 -6.851195
#vw 00000000
v -4.109171 3.299722 -3.664807
#vw 00000000
v -4.109171 3.299722 -3.664807
#vw 00000000
v -7.472913 4.590466 -6.851195
#vw 00000000
v -3.781155 2.946192 -8.706740
#vw 00000000
v -12.423560 28.588530 -11.691550
#vw 00000000
v -12.306780 25.595180 -12.700760
#vw 00000000
v -14.037300 23.543330 -7.569989
#vw 00000000
v -14.037300 23.543330 -7.569989
#vw 00000000
v -12.313790 25.673770 -12.708270
#vw 00000000
v -13.038550 17.713120 -8.006736
#vw 00000000
v -13.077160 17.877310 -7.975305
#vw 00000000
v -12.317210 25.702780 -12.677280
#vw 00000000
v -12.000000 22.000000 -13.000000
#vw 00000000
v -8.966125 8.614367 -12.935940
#vw 00000000
v -6.540605 5.687179 -12.649380
#vw 00000000
v -9.313268 7.951017 -10.148880
#vw 00000000
v -9.313268 7.951017 -10.148880
#vw 00000000
v -6.566825 5.768110 -12.736910
#vw 00000000
v -7.472913 4.590466 -6.851195
#vw 00000000
v -7.472913 4.590466 -6.851195
#vw 00000000
v -6.612101 5.790762 -12.733900
#vw 00000000
v -3.781155 2.946192 -8.706740
#vw 00000000
v -3.781155 2.946192 -8.706740
#vw 00000000
v -6.657578 5.858718 -12.733100
#vw 00000000
v -3.697823 4.008918 -13.868380
#vw 00000000
v 3.717340 -0.199756 0.193742
#vw 00000000
v 4.044909 4.035857 1.076586
#vw 00000000
v 0.039172 -1.009336 2.036177
#vw 00000000
v 0.009270 -1.095277 2.070319
#vw 00000000
v 4.044909 4.035857 1.076586
#vw 00000000
v 0.068230 3.937104 3.393393
#vw 00000000
v 0.068230 3.937104 3.393393
#vw 00000000
v 4.044909 4.035857 1.076586
#vw 00000000
v 0.076294 4.421885 3.769961
#vw 00000000
v 0.076294 4.421885 3.769961
#vw 00000000
v 4.044909 4.035857 1.076586
#vw 00000000
v 5.621131 5.804367 2.206478
#vw 00000000
v -15.385680 11.190690 -2.260772
#vw 00000000
v -15.514160 11.468980 -2.658466
#vw 00000000
v -12.746330 11.271480 -4.354477
#vw 00000000
v -12.746330 11.271480 -4.354477
#vw 00000000
v -15.514160 11.468980 -2.658466
#vw 00000000
v -14.917800 12.142280 -2.819582
#vw 00000000
v -14.917800 12.142280 -2.819582
#vw 00000000
v -15.514160 11.468980 -2.658466
#vw 00000000
v -16.246820 13.641470 -1.858876
#vw 00000000
v -16.246820 13.641470 -1.858876
#vw 00000000
v -15.514160 11.468980 -2.658466
#vw 00000000
v -16.995880 12.303870 -1.474930
#vw 00000000
v 12.213630 14.332700 -8.906257
#vw 00000000
v 12.659870 9.892379 -4.375609
#vw 00000000
v 11.125340 10.647420 -9.219413
#vw 00000000
v 11.125340 10.647420 -9.219413
#vw 00000000
v 12.659870 9.892379 -4.375609
#vw 00000000
v 10.953320 7.679878 -5.893499
#vw 00000000
v 10.953320 7.679878 -5.893499
#vw 00000000
v 12.659870 9.892379 -4.375609
#vw 00000000
v 12.610010 11.118880 -1.599353
#vw 00000000
v 9.119988 8.481451 -13.173980
#vw 00000000
v 9.191316 7.951017 -10.561300
#vw 00000000
v 6.806707 5.382423 -12.808140
#vw 00000000
v 6.806707 5.382423 -12.808140
#vw 00000000
v 9.191316 7.951017 -10.561300
#vw 00000000
v 7.111396 4.590466 -7.144465
#vw 00000000
v 7.111396 4.590466 -7.144465
#vw 00000000
v 9.191316 7.951017 -10.561300
#vw 00000000
v 10.953320 7.679878 -5.893499
#vw 00000000
v 10.953320 7.679878 -5.893499
#vw 00000000
v 9.191316 7.951017 -10.561300
#vw 00000000
v 11.125340 10.647420 -9.219413
#vw 00000000
v -12.676450 11.118880 -1.090873
#vw 00000000
v -5.538188 5.804367 2.430876
#vw 00000000
v -8.382548 8.461617 3.704605
#vw 00000000
v -8.382548 8.461617 3.704605
#vw 00000000
v -5.538188 5.804367 2.430876
#vw 00000000
v -2.696146 6.307087 4.900971
#vw 00000000
v -2.696146 6.307087 4.900971
#vw 00000000
v -5.538188 5.804367 2.430876
#vw 00000000
v 0.099305 5.122099 4.844754
#vw 00000000
v 0.099305 5.122099 4.844754
#vw 00000000
v -5.538188 5.804367 2.430876
#vw 00000000
v 0.076294 4.421885 3.769961
#vw 00000000
v -15.146940 22.896980 -2.665860
#vw 00000000
v -12.676450 11.118880 -1.090873
#vw 00000000
v -15.836880 15.472820 2.229838
#vw 00000000
v -15.836880 15.472820 2.229838
#vw 00000000
v -12.676450 11.118880 -1.090873
#vw 00000000
v -14.270730 12.214100 2.889020
#vw 00000000
v -14.270730 12.214100 2.889020
#vw 00000000
v -12.676450 11.118880 -1.090873
#vw 00000000
v -8.382548 8.461617 3.704605
#vw 00000000
v 3.186499 33.813270 -13.802780
#vw 00000000
v -0.343965 28.768050 -15.858740
#vw 00000000
v -1.447352 33.938950 -14.164820
#vw 00000000
v -1.447352 33.938950 -14.164820
#vw 00000000
v -0.343965 28.768050 -15.858740
#vw 00000000
v -4.467909 34.037700 -13.766580
#vw 00000000
v -4.467909 34.037700 -13.766580
#vw 00000000
v -0.343965 28.768050 -15.858740
#vw 00000000
v -7.417994 33.903040 -13.228510
#vw 00000000
v -7.417994 33.903040 -13.228510
#vw 00000000
v -0.343965 28.768050 -15.858740
#vw 00000000
v -7.388984 29.288730 -13.974690
#vw 00000000
v 11.560710 30.455800 -12.087510
#vw 00000000
v 14.912420 26.460930 -7.524246
#vw 00000000
v 11.896100 28.588530 -12.180590
#vw 00000000
v 11.896100 28.588530 -12.180590
#vw 00000000
v 14.912420 26.460930 -7.524246
#vw 00000000
v 13.684880 23.543330 -8.127446
#vw 00000000
v 13.684880 23.543330 -8.127446
#vw 00000000
v 14.912420 26.460930 -7.524246
#vw 00000000
v 15.003460 22.896980 -3.272148
#vw 00000000
v 0.076294 4.421885 3.769961
#vw 00000000
v 5.621131 5.804367 2.206478
#vw 00000000
v 0.099305 5.122099 4.844754
#vw 00000000
v 0.099305 5.122099 4.844754
#vw 00000000
v 5.621131 5.804367 2.206478
#vw 00000000
v 2.887262 6.307087 4.788693
#vw 00000000
v 2.887262 6.307087 4.788693
#vw 00000000
v 5.621131 5.804367 2.206478
#vw 00000000
v 8.525056 8.461617 3.364613
#vw 00000000
v 8.525056 8.461617 3.364613
#vw 00000000
v 5.621131 5.804367 2.206478
#vw 00000000
v 12.610010 11.118880 -1.599353
#vw 00000000
v 8.525056 8.461617 3.364613
#vw 00000000
v 12.610010 11.118880 -1.599353
#vw 00000000
v 14.365770 12.214100 2.313177
#vw 00000000
v 14.365770 12.214100 2.313177
#vw 00000000
v 12.610010 11.118880 -1.599353
#vw 00000000
v 16.217120 15.472820 1.585272
#vw 00000000
v 16.217120 15.472820 1.585272
#vw 00000000
v 12.610010 11.118880 -1.599353
#vw 00000000
v 15.003460 22.896980 -3.272148
#vw 00000000
v 8.128521 44.918080 3.403951
#vw 00000000
v 10.296130 41.084800 -2.863556
#vw 00000000
v 6.083485 42.862300 -3.163426
#vw 00000000
v -10.851070 42.987980 -2.681617
#vw 00000000
v -8.037800 45.124560 3.697644
#vw 00000000
v -4.835361 44.496140 -3.964176
#vw 00000000
v -8.970093 35.716430 -13.581870
#vw 00000000
v -7.197566 37.906880 -12.738470
#vw 00000000
v -8.037877 38.283920 -14.165710
#vw 00000000
v -7.521782 34.702010 -12.472950
#vw 00000000
v -7.197566 37.906880 -12.738470
#vw 00000000
v -8.970093 35.716430 -13.581870
#vw 00000000
v -7.458578 35.429160 -14.773850
#vw 00000000
v -7.521782 34.702010 -12.472950
#vw 00000000
v -8.970093 35.716430 -13.581870
#vw 00000000
v -7.417994 33.903040 -13.228510
#vw 00000000
v -7.521782 34.702010 -12.472950
#vw 00000000
v -7.458578 35.429160 -14.773850
#vw 00000000
v 5.290783 27.035450 -18.475740
#vw 00000000
v 3.719560 22.528890 -18.671760
#vw 00000000
v 6.438426 26.577610 -19.503440
#vw 00000000
v 5.479595 27.412490 -18.762090
#vw 00000000
v 3.719560 22.528890 -18.671760
#vw 00000000
v 5.290783 27.035450 -18.475740
#vw 00000000
v 4.239745 27.322730 -19.239470
#vw 00000000
v 3.719560 22.528890 -18.671760
#vw 00000000
v 5.479595 27.412490 -18.762090
#vw 00000000
v 3.719560 22.528890 -18.671760
#vw 00000000
v 4.239745 27.322730 -19.239470
#vw 00000000
v 3.166998 26.802040 -20.316700
#vw 00000000
v -10.105810 19.171450 19.169540
#vw 00000000
v -13.851930 21.792800 15.446170
#vw 00000000
v -9.833543 13.372160 17.178380
#vw 00000000
v -10.135810 24.566770 20.920380
#vw 00000000
v -11.632310 30.339100 18.611590
#vw 00000000
v -16.557030 32.080670 14.119200
#vw 00000000
v 11.005850 24.557790 20.479550
#vw 00000000
v 17.123280 32.080670 13.441930
#vw 00000000
v 12.402580 30.339100 18.128280
#vw 00000000
v -7.424262 23.193250 22.898630
#vw 00000000
v 0.569280 19.458730 26.795620
#vw 00000000
v -6.079825 24.988690 23.358220
#vw 00000000
v -7.369630 5.122099 5.489408
#vw 00000000
v -6.729717 0.032025 6.661678
#vw 00000000
v -11.195020 6.163464 5.417211
#vw 00000000
v -12.572810 9.763324 11.103730
#vw 00000000
v -15.836880 15.472820 2.229838
#vw 00000000
v -14.270730 12.214100 2.889020
#vw 00000000
v -3.358742 3.999955 7.221776
#vw 00000000
v -6.729717 0.032025 6.661678
#vw 00000000
v -7.369630 5.122099 5.489408
#vw 00000000
v 7.581908 5.122099 5.188755
#vw 00000000
v 11.400910 6.163464 4.962833
#vw 00000000
v 6.992723 0.032022 6.385736
#vw 00000000
v 6.992723 0.032022 6.385736
#vw 00000000
v 11.400910 6.163464 4.962833
#vw 00000000
v 10.557090 5.301650 8.974731
#vw 00000000
v 3.648621 3.999949 7.080869
#vw 00000000
v 7.581908 5.122099 5.188755
#vw 00000000
v 6.992723 0.032022 6.385736
#vw 00000000
v 12.995860 15.041920 12.920610
#vw 00000000
v 12.394900 13.794090 12.516720
#vw 00000000
v 16.217120 15.472820 1.585272
#vw 00000000
v -15.836880 15.472820 2.229838
#vw 00000000
v -16.903220 18.085200 2.502434
#vw 00000000
v -15.146940 22.896980 -2.665860
#vw 00000000
v 17.433490 35.590770 7.619896
#vw 00000000
v 17.123280 32.080670 13.441930
#vw 00000000
v 19.040000 31.344540 9.463407
#vw 00000000
v 6.812442 35.779280 -11.489730
#vw 00000000
v 12.132160 33.463170 -8.159017
#vw 00000000
v 9.805106 32.942490 -11.440030
#vw 00000000
v 16.639900 14.000570 6.623406
#vw 00000000
v 17.999220 14.018520 7.428029
#vw 00000000
v 15.376030 8.111521 12.378290
#vw 00000000
v 18.596110 27.744670 -3.564153
#vw 00000000
v 15.003460 22.896980 -3.272148
#vw 00000000
v 14.912420 26.460930 -7.524246
#vw 00000000
v -16.343430 14.000570 7.286659
#vw 00000000
v -14.841820 8.111521 12.985930
#vw 00000000
v -17.667140 14.018520 8.145228
#vw 00000000
v -14.841820 8.111521 12.985930
#vw 00000000
v -15.046810 14.934200 14.967890
#vw 00000000
v -15.836210 15.068860 14.167510
#vw 00000000
v -7.197566 37.906880 -12.738470
#vw 00000000
v -8.922980 40.124240 -12.782260
#vw 00000000
v -6.508758 39.953690 -11.033490
#vw 00000000
v -7.521782 34.702010 -12.472950
#vw 00000000
v -8.922980 40.124240 -12.782260
#vw 00000000
v -7.197566 37.906880 -12.738470
#vw 00000000
v -10.851070 42.987980 -2.681617
#vw 00000000
v -4.835361 44.496140 -3.964176
#vw 00000000
v -11.047470 44.056260 -6.601960
#vw 00000000
v 7.088386 35.644620 -14.360010
#vw 00000000
v 6.812442 35.779280 -11.489730
#vw 00000000
v 4.083625 38.777660 -10.422390
#vw 00000000
v 9.823315 36.353820 19.176920
#vw 00000000
v 8.907161 34.190310 20.160720
#vw 00000000
v 14.560500 30.778990 23.665230
#vw 00000000
v 8.907161 34.190310 20.160720
#vw 00000000
v 12.868600 30.814900 19.233410
#vw 00000000
v 14.560500 30.778990 23.665230
#vw 00000000
v 15.246750 33.310550 18.596940
#vw 00000000
v 14.920560 36.703930 18.069800
#vw 00000000
v 14.560500 30.778990 23.665230
#vw 00000000
v 12.868600 30.814900 19.233410
#vw 00000000
v 15.246750 33.310550 18.596940
#vw 00000000
v 14.560500 30.778990 23.665230
#vw 00000000
v -17.116180 35.590770 8.314648
#vw 00000000
v -14.907530 41.282300 6.064779
#vw 00000000
v -15.202440 40.321750 -1.055797
#vw 00000000
v 8.514969 56.202440 0.091922
#vw 00000000
v 7.511448 54.029950 -4.055492
#vw 00000000
v 5.983240 53.913250 -3.993369
#vw 00000000
v 0.410526 49.990200 18.330170
#vw 00000000
v 2.444191 46.533980 14.561210
#vw 00000000
v 2.872089 48.742370 13.885480
#vw 00000000
v 0.410526 49.990200 18.330170
#vw 00000000
v 2.231362 49.765780 13.725690
#vw 00000000
v 0.293476 50.062020 13.913780
#vw 00000000
v 0.410526 49.990200 18.330170
#vw 00000000
v 2.872089 48.742370 13.885480
#vw 00000000
v 2.231362 49.765780 13.725690
#vw 00000000
v -14.810240 38.499370 -4.799606
#vw 00000000
v -15.202440 40.321750 -1.055797
#vw 00000000
v -10.851070 42.987980 -2.681617
#vw 00000000
v 2.089976 39.549710 -12.838900
#vw 00000000
v 5.518293 39.980620 -9.250403
#vw 00000000
v 4.083625 38.777660 -10.422390
#vw 00000000
v -4.710798 38.759710 -13.204450
#vw 00000000
v -7.197566 37.906880 -12.738470
#vw 00000000
v -6.508758 39.953690 -11.033490
#vw 00000000
v -7.911329 28.615460 -19.811380
#vw 00000000
v -7.556023 31.811340 -20.375780
#vw 00000000
v -6.765509 28.489760 -19.873660
#vw 00000000
v -6.765509 28.489760 -19.873660
#vw 00000000
v -7.556023 31.811340 -20.375780
#vw 00000000
v -6.105281 31.685660 -20.554070
#vw 00000000
v 6.812442 35.779280 -11.489730
#vw 00000000
v 7.839852 36.802680 -14.280930
#vw 00000000
v 4.083625 38.777660 -10.422390
#vw 00000000
v 4.083625 38.777660 -10.422390
#vw 00000000
v 7.839852 36.802680 -14.280930
#vw 00000000
v 5.809049 39.585620 -14.930770
#vw 00000000
v 7.182374 30.563510 -20.475930
#vw 00000000
v 6.438426 26.577610 -19.503440
#vw 00000000
v 6.065860 26.748180 -20.445630
#vw 00000000
v 6.065860 26.748180 -20.445630
#vw 00000000
v 6.438426 26.577610 -19.503440
#vw 00000000
v 3.719560 22.528890 -18.671760
#vw 00000000
v 5.471083 30.805890 -21.610950
#vw 00000000
v 5.110570 27.017500 -21.289760
#vw 00000000
v 3.696332 30.626340 -21.857820
#vw 00000000
v 3.696332 30.626340 -21.857820
#vw 00000000
v 5.110570 27.017500 -21.289760
#vw 00000000
v 3.874816 27.008530 -21.225670
#vw 00000000
v 2.862723 34.854630 -21.221020
#vw 00000000
v 3.696332 30.626340 -21.857820
#vw 00000000
v 1.659994 33.328510 -19.964610
#vw 00000000
v 1.659994 33.328510 -19.964610
#vw 00000000
v 3.696332 30.626340 -21.857820
#vw 00000000
v 2.572350 30.015880 -20.775660
#vw 00000000
v 7.839852 36.802680 -14.280930
#vw 00000000
v 6.812442 35.779280 -11.489730
#vw 00000000
v 6.226311 35.034170 -13.651990
#vw 00000000
v 6.226311 35.034170 -13.651990
#vw 00000000
v 6.812442 35.779280 -11.489730
#vw 00000000
v 6.193501 33.750430 -12.733050
#vw 00000000
v 4.075866 35.123940 -14.636910
#vw 00000000
v 6.226311 35.034170 -13.651990
#vw 00000000
v 3.186499 33.813270 -13.802780
#vw 00000000
v 3.186499 33.813270 -13.802780
#vw 00000000
v 6.226311 35.034170 -13.651990
#vw 00000000
v 6.193501 33.750430 -12.733050
#vw 00000000
v -1.575870 37.861990 -13.863980
#vw 00000000
v 0.336835 39.594590 -16.979100
#vw 00000000
v -1.609064 35.887000 -15.064150
#vw 00000000
v -1.609064 35.887000 -15.064150
#vw 00000000
v 0.336835 39.594590 -16.979100
#vw 00000000
v -0.517874 37.188690 -16.977600
#vw 00000000
v -7.197566 37.906880 -12.738470
#vw 00000000
v -4.710798 38.759710 -13.204450
#vw 00000000
v -8.037877 38.283920 -14.165710
#vw 00000000
v -8.037877 38.283920 -14.165710
#vw 00000000
v -4.710798 38.759710 -13.204450
#vw 00000000
v -5.974394 39.271420 -15.141190
#vw 00000000
v -16.522900 25.437530 -7.049092
#vw 00000000
v -17.329590 29.881250 -5.855587
#vw 00000000
v -17.215590 26.047990 -9.986227
#vw 00000000
v -17.215590 26.047990 -9.986227
#vw 00000000
v -17.329590 29.881250 -5.855587
#vw 00000000
v -18.174660 32.062710 -9.605916
#vw 00000000
v -6.105281 31.685660 -20.554070
#vw 00000000
v -6.966388 31.551000 -19.100470
#vw 00000000
v -6.765509 28.489760 -19.873660
#vw 00000000
v -6.765509 28.489760 -19.873660
#vw 00000000
v -6.966388 31.551000 -19.100470
#vw 00000000
v -7.328916 28.768050 -18.873410
#vw 00000000
v -8.605564 34.953370 -19.318660
#vw 00000000
v -9.041823 32.026810 -19.733700
#vw 00000000
v -10.073890 34.657130 -17.860690
#vw 00000000
v -10.073890 34.657130 -17.860690
#vw 00000000
v -9.041823 32.026810 -19.733700
#vw 00000000
v -10.149640 31.901110 -18.596920
#vw 00000000
v -10.073890 34.657130 -17.860690
#vw 00000000
v -10.149640 31.901110 -18.596920
#vw 00000000
v -10.711110 33.561910 -16.105500
#vw 00000000
v -10.711110 33.561910 -16.105500
#vw 00000000
v -10.149640 31.901110 -18.596920
#vw 00000000
v -10.726400 31.577940 -16.819400
#vw 00000000
v -5.271983 34.100540 -20.154850
#vw 00000000
v -5.839630 33.956900 -18.652200
#vw 00000000
v -6.105281 31.685660 -20.554070
#vw 00000000
v -6.105281 31.685660 -20.554070
#vw 00000000
v -5.839630 33.956900 -18.652200
#vw 00000000
v -6.966388 31.551000 -19.100470
#vw 00000000
v -5.327410 35.743370 -15.389660
#vw 00000000
v -3.730369 35.545870 -16.088900
#vw 00000000
v -4.467909 34.037700 -13.766580
#vw 00000000
v -4.467909 34.037700 -13.766580
#vw 00000000
v -3.730369 35.545870 -16.088900
#vw 00000000
v -1.447352 33.938950 -14.164820
#vw 00000000
v 0.449014 11.379240 21.178470
#vw 00000000
v -4.690521 10.454580 19.610070
#vw 00000000
v 0.379979 4.269280 17.954080
#vw 00000000
v 0.379979 4.269280 17.954080
#vw 00000000
v -4.690521 10.454580 19.610070
#vw 00000000
v -6.116646 9.152872 17.786480
#vw 00000000
v 0.379979 4.269280 17.954080
#vw 00000000
v -6.116646 9.152872 17.786480
#vw 00000000
v 0.349073 8.362886 16.510560
#vw 00000000
v 0.349073 8.362886 16.510560
#vw 00000000
v -6.116646 9.152872 17.786480
#vw 00000000
v -9.833543 13.372160 17.178380
#vw 00000000
v 0.379979 4.269280 17.954080
#vw 00000000
v 0.349073 8.362886 16.510560
#vw 00000000
v 6.856344 9.152872 17.525610
#vw 00000000
v 6.856344 9.152872 17.525610
#vw 00000000
v 0.349073 8.362886 16.510560
#vw 00000000
v 10.551510 13.372160 16.768470
#vw 00000000
v -3.017696 43.724110 11.594400
#vw 00000000
v -5.641766 43.849800 9.849837
#vw 00000000
v -2.935392 41.273320 15.438540
#vw 00000000
v -2.935392 41.273320 15.438540
#vw 00000000
v -5.641766 43.849800 9.849837
#vw 00000000
v -5.866206 40.267890 14.775420
#vw 00000000
v -3.809371 1.926218 9.287174
#vw 00000000
v 0.152719 -0.713082 7.339533
#vw 00000000
v -2.707861 1.495316 11.007400
#vw 00000000
v -2.707861 1.495316 11.007400
#vw 00000000
v 0.152719 -0.713082 7.339533
#vw 00000000
v 0.243925 0.947710 11.599470
#vw 00000000
v 9.626643 7.985836 11.041910
#vw 00000000
v 7.200753 4.655297 10.148870
#vw 00000000
v 2.887262 6.307087 4.788693
#vw 00000000
v 2.887262 6.307087 4.788693
#vw 00000000
v 7.200753 4.655297 10.148870
#vw 00000000
v 0.099305 5.122099 4.844754
#vw 00000000
v 4.879113 1.872359 9.222329
#vw 00000000
v 7.200753 4.655297 10.148870
#vw 00000000
v 3.167830 1.495316 10.889260
#vw 00000000
v 3.167830 1.495316 10.889260
#vw 00000000
v 7.200753 4.655297 10.148870
#vw 00000000
v 5.425173 3.847346 12.664730
#vw 00000000
v -13.851930 21.792800 15.446170
#vw 00000000
v -12.575390 15.041920 13.434820
#vw 00000000
v -9.833543 13.372160 17.178380
#vw 00000000
v -9.833543 13.372160 17.178380
#vw 00000000
v -12.575390 15.041920 13.434820
#vw 00000000
v -11.984730 13.794090 13.006960
#vw 00000000
v -9.833543 13.372160 17.178380
#vw 00000000
v -11.984730 13.794090 13.006960
#vw 00000000
v -7.577514 9.915929 15.390650
#vw 00000000
v -7.577514 9.915929 15.390650
#vw 00000000
v -11.984730 13.794090 13.006960
#vw 00000000
v -9.162079 7.985836 11.419730
#vw 00000000
v -9.162079 7.985836 11.419730
#vw 00000000
v -12.572810 9.763324 11.103730
#vw 00000000
v -7.946547 4.745066 10.061040
#vw 00000000
v -7.946547 4.745066 10.061040
#vw 00000000
v -12.572810 9.763324 11.103730
#vw 00000000
v -10.172710 5.301650 9.391580
#vw 00000000
v 14.320620 16.729630 11.410590
#vw 00000000
v 12.995860 15.041920 12.920610
#vw 00000000
v 15.983070 15.415800 3.980068
#vw 00000000
v 15.983070 15.415800 3.980068
#vw 00000000
v 12.995860 15.041920 12.920610
#vw 00000000
v 16.217120 15.472820 1.585272
#vw 00000000
v 17.999220 14.018520 7.428029
#vw 00000000
v 18.466840 14.287840 10.008650
#vw 00000000
v 15.376030 8.111521 12.378290
#vw 00000000
v 15.376030 8.111521 12.378290
#vw 00000000
v 18.466840 14.287840 10.008650
#vw 00000000
v 17.369730 14.880330 12.346040
#vw 00000000
v 15.855790 13.919770 7.471123
#vw 00000000
v 15.376030 8.111521 12.378290
#vw 00000000
v 14.851450 14.269880 11.690310
#vw 00000000
v 14.851450 14.269880 11.690310
#vw 00000000
v 15.376030 8.111521 12.378290
#vw 00000000
v 15.665340 14.934200 14.334620
#vw 00000000
v 16.419970 15.068860 13.511030
#vw 00000000
v 17.030520 23.175290 14.362080
#vw 00000000
v 15.665340 14.934200 14.334620
#vw 00000000
v 15.665340 14.934200 14.334620
#vw 00000000
v 17.030520 23.175290 14.362080
#vw 00000000
v 14.991300 20.069180 15.070230
#vw 00000000
v -16.343430 14.000570 7.286659
#vw 00000000
v -16.903220 18.085200 2.502434
#vw 00000000
v -15.554590 15.526690 4.908378
#vw 00000000
v -15.554590 15.526690 4.908378
#vw 00000000
v -16.903220 18.085200 2.502434
#vw 00000000
v -15.836880 15.472820 2.229838
#vw 00000000
v -15.554590 15.526690 4.908378
#vw 00000000
v -15.531200 13.919770 8.102278
#vw 00000000
v -16.343430 14.000570 7.286659
#vw 00000000
v -16.343430 14.000570 7.286659
#vw 00000000
v -15.531200 13.919770 8.102278
#vw 00000000
v -14.841820 8.111521 12.985930
#vw 00000000
v -14.349690 20.069180 15.660230
#vw 00000000
v -15.046810 14.934200 14.967890
#vw 00000000
v -13.843730 16.729640 11.976940
#vw 00000000
v -13.843730 16.729640 11.976940
#vw 00000000
v -15.046810 14.934200 14.967890
#vw 00000000
v -14.339650 14.269880 12.277310
#vw 00000000
v -16.557030 32.080670 14.119200
#vw 00000000
v -16.424960 23.175290 15.034840
#vw 00000000
v -13.851930 21.792800 15.446170
#vw 00000000
v -13.851930 21.792800 15.446170
#vw 00000000
v -16.424960 23.175290 15.034840
#vw 00000000
v -14.349690 20.069180 15.660230
#vw 00000000
v -18.648260 31.398400 9.946564
#vw 00000000
v -18.769300 23.920400 11.997500
#vw 00000000
v -16.557030 32.080670 14.119200
#vw 00000000
v -16.557030 32.080670 14.119200
#vw 00000000
v -18.769300 23.920400 11.997500
#vw 00000000
v -16.424960 23.175290 15.034840
#vw 00000000
v -7.521782 34.702010 -12.472950
#vw 00000000
v -7.417994 33.903040 -13.228510
#vw 00000000
v -11.989190 33.741460 -10.664280
#vw 00000000
v -11.989190 33.741460 -10.664280
#vw 00000000
v -7.417994 33.903040 -13.228510
#vw 00000000
v -12.391170 30.617390 -11.229130
#vw 00000000
v 8.668743 40.052430 -13.387170
#vw 00000000
v 7.088386 35.644620 -14.360010
#vw 00000000
v 5.518293 39.980620 -9.250403
#vw 00000000
v 5.518293 39.980620 -9.250403
#vw 00000000
v 7.088386 35.644620 -14.360010
#vw 00000000
v 4.083625 38.777660 -10.422390
#vw 00000000
v 6.225031 42.072300 -6.007458
#vw 00000000
v 6.083485 42.862300 -3.163426
#vw 00000000
v 10.018400 42.287760 -9.882448
#vw 00000000
v 10.018400 42.287760 -9.882448
#vw 00000000
v 6.083485 42.862300 -3.163426
#vw 00000000
v 10.579570 42.907190 -5.733989
#vw 00000000
v 13.180790 24.476970 -12.410480
#vw 00000000
v 11.877230 29.288730 -13.412440
#vw 00000000
v 12.290870 24.279450 -13.703300
#vw 00000000
v 12.290870 24.279450 -13.703300
#vw 00000000
v 11.877230 29.288730 -13.412440
#vw 00000000
v 10.295070 29.028400 -15.170100
#vw 00000000
v 12.290870 24.279450 -13.703300
#vw 00000000
v 10.295070 29.028400 -15.170100
#vw 00000000
v 15.065860 24.853990 -13.664920
#vw 00000000
v 15.065860 24.853990 -13.664920
#vw 00000000
v 10.295070 29.028400 -15.170100
#vw 00000000
v 14.140690 30.787930 -15.553520
#vw 00000000
v 16.683470 25.608100 -7.449980
#vw 00000000
v 14.622110 18.292150 -10.650070
#vw 00000000
v 17.539630 25.590150 -10.535990
#vw 00000000
v 17.539630 25.590150 -10.535990
#vw 00000000
v 14.622110 18.292150 -10.650070
#vw 00000000
v 16.838010 25.302870 -12.138690
#vw 00000000
v -14.267820 24.261510 -11.332670
#vw 00000000
v -12.867040 24.692430 -12.443940
#vw 00000000
v -13.414480 28.651360 -12.448630
#vw 00000000
v -13.414480 28.651360 -12.448630
#vw 00000000
v -12.867040 24.692430 -12.443940
#vw 00000000
v -11.431980 28.848850 -13.705030
#vw 00000000
v -15.251860 24.467990 -10.017870
#vw 00000000
v -15.221380 28.839890 -9.994935
#vw 00000000
v -15.958670 25.195150 -9.061824
#vw 00000000
v -15.958670 25.195150 -9.061824
#vw 00000000
v -15.221380 28.839890 -9.994935
#vw 00000000
v -16.794130 28.956600 -8.511321
#vw 00000000
v -12.867040 24.692430 -12.443940
#vw 00000000
v -14.043500 18.094180 -9.610483
#vw 00000000
v -14.799510 26.030030 -12.703330
#vw 00000000
v -14.799510 26.030030 -12.703330
#vw 00000000
v -14.043500 18.094180 -9.610483
#vw 00000000
v -16.591240 26.496850 -11.992320
#vw 00000000
v 0.319344 46.731480 15.121940
#vw 00000000
v -1.839305 47.521480 14.804310
#vw 00000000
v 0.255684 44.038320 12.148610
#vw 00000000
v 0.255684 44.038320 12.148610
#vw 00000000
v -1.839305 47.521480 14.804310
#vw 00000000
v -4.210898 45.187400 11.194570
#vw 00000000
v 8.514969 56.202440 0.091922
#vw 00000000
v 5.160654 52.979630 -3.191969
#vw 00000000
v 6.808756 52.818020 -1.506271
#vw 00000000
v 6.808756 52.818020 -1.506271
#vw 00000000
v 5.160654 52.979630 -3.191969
#vw 00000000
v 5.389751 52.019050 -2.647175
#vw 00000000
v 2.070972 51.282920 -7.423012
#vw 00000000
v 2.950468 51.013600 -9.418539
#vw 00000000
v -1.630314 47.512500 -10.103430
#vw 00000000
v -1.630314 47.512500 -10.103430
#vw 00000000
v 2.950468 51.013600 -9.418539
#vw 00000000
v -0.727959 45.815800 -12.782240
#vw 00000000
v 7.158031 45.429770 -4.103323
#vw 00000000
v 6.083485 42.862300 -3.163426
#vw 00000000
v 7.370915 44.271720 -5.716560
#vw 00000000
v 7.370915 44.271720 -5.716560
#vw 00000000
v 6.083485 42.862300 -3.163426
#vw 00000000
v 6.225031 42.072300 -6.007458
#vw 00000000
v 4.682427 43.203440 -11.870720
#vw 00000000
v 2.089976 39.549710 -12.838900
#vw 00000000
v 1.952659 44.002410 -13.299210
#vw 00000000
v 1.952659 44.002410 -13.299210
#vw 00000000
v 2.089976 39.549710 -12.838900
#vw 00000000
v -1.575870 37.861990 -13.863980
#vw 00000000
v 7.158031 45.429770 -4.103323
#vw 00000000
v 4.023904 48.607720 -2.706042
#vw 00000000
v 6.083485 42.862300 -3.163426
#vw 00000000
v 6.083485 42.862300 -3.163426
#vw 00000000
v 4.023904 48.607720 -2.706042
#vw 00000000
v 1.819912 46.031250 -2.339933
#vw 00000000
v -8.959933 35.904960 19.460440
#vw 00000000
v -11.754240 38.265960 18.519850
#vw 00000000
v -13.608990 31.191950 24.341560
#vw 00000000
v -13.608990 31.191950 24.341560
#vw 00000000
v -11.754240 38.265960 18.519850
#vw 00000000
v -14.100180 36.246080 18.559190
#vw 00000000
v 14.860330 38.176190 15.606540
#vw 00000000
v 16.192120 33.858150 16.176270
#vw 00000000
v 15.006380 40.330730 11.922630
#vw 00000000
v 15.006380 40.330730 11.922630
#vw 00000000
v 16.192120 33.858150 16.176270
#vw 00000000
v 16.914150 34.899510 12.779010
#vw 00000000
v 9.823315 36.353820 19.176920
#vw 00000000
v 14.560500 30.778990 23.665230
#vw 00000000
v 12.527960 38.265960 18.031560
#vw 00000000
v 12.527960 38.265960 18.031560
#vw 00000000
v 14.560500 30.778990 23.665230
#vw 00000000
v 14.920560 36.703930 18.069800
#vw 00000000
v 11.314190 43.023880 10.717560
#vw 00000000
v 6.049663 43.849800 9.614737
#vw 00000000
v 11.805460 40.393560 15.102880
#vw 00000000
v 11.805460 40.393560 15.102880
#vw 00000000
v 6.049663 43.849800 9.614737
#vw 00000000
v 6.453080 39.783120 14.449190
#vw 00000000
v -5.974394 39.271420 -15.141190
#vw 00000000
v -3.568178 38.481420 -16.217740
#vw 00000000
v -5.510375 36.748820 -18.682380
#vw 00000000
v -7.649644 37.529840 -17.744620
#vw 00000000
v -5.974394 39.271420 -15.141190
#vw 00000000
v -5.510375 36.748820 -18.682380
#vw 00000000
v -7.649644 37.529840 -17.744620
#vw 00000000
v -5.510375 36.748820 -18.682380
#vw 00000000
v -6.686430 34.531440 -20.032220
#vw 00000000
v -8.605564 34.953370 -19.318660
#vw 00000000
v -7.649644 37.529840 -17.744620
#vw 00000000
v -6.686430 34.531440 -20.032220
#vw 00000000
v -7.556023 31.811340 -20.375780
#vw 00000000
v -7.911329 28.615460 -19.811380
#vw 00000000
v -9.066761 28.543620 -19.497740
#vw 00000000
v -9.041823 32.026810 -19.733700
#vw 00000000
v -7.556023 31.811340 -20.375780
#vw 00000000
v -9.066761 28.543620 -19.497740
#vw 00000000
v -9.041823 32.026810 -19.733700
#vw 00000000
v -9.066761 28.543620 -19.497740
#vw 00000000
v -9.737107 28.426920 -18.589540
#vw 00000000
v -10.149640 31.901110 -18.596920
#vw 00000000
v -9.041823 32.026810 -19.733700
#vw 00000000
v -9.737107 28.426920 -18.589540
#vw 00000000
v -10.149640 31.901110 -18.596920
#vw 00000000
v -9.737107 28.426920 -18.589540
#vw 00000000
v -9.974385 28.346120 -17.415320
#vw 00000000
v -10.726400 31.577940 -16.819400
#vw 00000000
v -10.149640 31.901110 -18.596920
#vw 00000000
v -9.974385 28.346120 -17.415320
#vw 00000000
v -7.447900 23.651040 -17.426890
#vw 00000000
v -8.285861 28.965550 -18.744300
#vw 00000000
v -8.542666 28.866800 -17.781600
#vw 00000000
v -9.974385 28.346120 -17.415320
#vw 00000000
v -7.447900 23.651040 -17.426890
#vw 00000000
v -8.542666 28.866800 -17.781600
#vw 00000000
v -9.974385 28.346120 -17.415320
#vw 00000000
v -8.542666 28.866800 -17.781600
#vw 00000000
v -9.083989 31.488160 -17.150670
#vw 00000000
v -10.726400 31.577940 -16.819400
#vw 00000000
v -9.974385 28.346120 -17.415320
#vw 00000000
v -9.083989 31.488160 -17.150670
#vw 00000000
v -10.726400 31.577940 -16.819400
#vw 00000000
v -9.083989 31.488160 -17.150670
#vw 00000000
v -8.894819 33.615760 -16.369630
#vw 00000000
v -10.711110 33.561910 -16.105500
#vw 00000000
v -10.726400 31.577940 -16.819400
#vw 00000000
v -8.894819 33.615760 -16.369630
#vw 00000000
v -7.447900 23.651040 -17.426890
#vw 00000000
v -6.765509 28.489760 -19.873660
#vw 00000000
v -7.328916 28.768050 -18.873410
#vw 00000000
v -8.285861 28.965550 -18.744300
#vw 00000000
v -7.447900 23.651040 -17.426890
#vw 00000000
v -7.328916 28.768050 -18.873410
#vw 00000000
v -8.285861 28.965550 -18.744300
#vw 00000000
v -7.328916 28.768050 -18.873410
#vw 00000000
v -6.966388 31.551000 -19.100470
#vw 00000000
v -8.565509 31.622820 -18.848550
#vw 00000000
v -8.285861 28.965550 -18.744300
#vw 00000000
v -6.966388 31.551000 -19.100470
#vw 00000000
v -8.565509 31.622820 -18.848550
#vw 00000000
v -6.966388 31.551000 -19.100470
#vw 00000000
v -5.839630 33.956900 -18.652200
#vw 00000000
v -7.851387 34.199290 -18.062360
#vw 00000000
v -8.565509 31.622820 -18.848550
#vw 00000000
v -5.839630 33.956900 -18.652200
#vw 00000000
v -4.467909 34.037700 -13.766580
#vw 00000000
v -7.417994 33.903040 -13.228510
#vw 00000000
v -7.458578 35.429160 -14.773850
#vw 00000000
v -5.327410 35.743370 -15.389660
#vw 00000000
v -4.467909 34.037700 -13.766580
#vw 00000000
v -7.458578 35.429160 -14.773850
#vw 00000000
v -5.327410 35.743370 -15.389660
#vw 00000000
v -7.458578 35.429160 -14.773850
#vw 00000000
v -8.388529 35.267580 -15.485080
#vw 00000000
v -6.543728 35.680520 -16.518930
#vw 00000000
v -5.327410 35.743370 -15.389660
#vw 00000000
v -8.388529 35.267580 -15.485080
#vw 00000000
v -6.543728 35.680520 -16.518930
#vw 00000000
v -8.388529 35.267580 -15.485080
#vw 00000000
v -8.894819 33.615760 -16.369630
#vw 00000000
v -7.851387 34.199290 -18.062360
#vw 00000000
v -6.543728 35.680520 -16.518930
#vw 00000000
v -8.894819 33.615760 -16.369630
#vw 00000000
v -1.609064 35.887000 -15.064150
#vw 00000000
v -1.447352 33.938950 -14.164820
#vw 00000000
v -3.730369 35.545870 -16.088900
#vw 00000000
v -2.763034 36.326890 -16.783330
#vw 00000000
v -1.609064 35.887000 -15.064150
#vw 00000000
v -3.730369 35.545870 -16.088900
#vw 00000000
v -2.763034 36.326890 -16.783330
#vw 00000000
v -3.730369 35.545870 -16.088900
#vw 00000000
v -4.475037 35.393250 -17.251210
#vw 00000000
v -4.085746 35.590770 -18.679630
#vw 00000000
v -2.763034 36.326890 -16.783330
#vw 00000000
v -4.475037 35.393250 -17.251210
#vw 00000000
v -4.085746 35.590770 -18.679630
#vw 00000000
v -4.475037 35.393250 -17.251210
#vw 00000000
v -5.839630 33.956900 -18.652200
#vw 00000000
v -5.271983 34.100540 -20.154850
#vw 00000000
v -4.085746 35.590770 -18.679630
#vw 00000000
v -5.839630 33.956900 -18.652200
#vw 00000000
v 0.449014 11.379240 21.178470
#vw 00000000
v 0.472531 17.295220 22.276780
#vw 00000000
v -10.105810 19.171450 19.169540
#vw 00000000
v -4.690521 10.454580 19.610070
#vw 00000000
v 0.449014 11.379240 21.178470
#vw 00000000
v -10.105810 19.171450 19.169540
#vw 00000000
v -4.690521 10.454580 19.610070
#vw 00000000
v -10.105810 19.171450 19.169540
#vw 00000000
v -9.833543 13.372160 17.178380
#vw 00000000
v -6.116646 9.152872 17.786480
#vw 00000000
v -4.690521 10.454580 19.610070
#vw 00000000
v -9.833543 13.372160 17.178380
#vw 00000000
v 0.472531 17.295220 22.276780
#vw 00000000
v 0.472531 20.284630 22.276780
#vw 00000000
v -10.135810 24.566770 20.920380
#vw 00000000
v -10.105810 19.171450 19.169540
#vw 00000000
v 0.472531 17.295220 22.276780
#vw 00000000
v -10.135810 24.566770 20.920380
#vw 00000000
v -10.105810 19.171450 19.169540
#vw 00000000
v -10.135810 24.566770 20.920380
#vw 00000000
v -16.557030 32.080670 14.119200
#vw 00000000
v -13.851930 21.792800 15.446170
#vw 00000000
v -10.105810 19.171450 19.169540
#vw 00000000
v -16.557030 32.080670 14.119200
#vw 00000000
v 11.005850 24.557790 20.479550
#vw 00000000
v 0.472531 20.284630 22.276780
#vw 00000000
v 0.472531 17.295220 22.276780
#vw 00000000
v 10.893790 19.171450 18.747270
#vw 00000000
v 11.005850 24.557790 20.479550
#vw 00000000
v 0.472531 17.295220 22.276780
#vw 00000000
v 10.893790 19.171450 18.747270
#vw 00000000
v 0.472531 17.295220 22.276780
#vw 00000000
v 0.449014 11.379240 21.178470
#vw 00000000
v 5.516996 10.454580 19.404800
#vw 00000000
v 10.893790 19.171450 18.747270
#vw 00000000
v 0.449014 11.379240 21.178470
#vw 00000000
v 17.123280 32.080670 13.441930
#vw 00000000
v 11.005850 24.557790 20.479550
#vw 00000000
v 10.893790 19.171450 18.747270
#vw 00000000
v 14.477300 21.792800 14.876500
#vw 00000000
v 17.123280 32.080670 13.441930
#vw 00000000
v 10.893790 19.171450 18.747270
#vw 00000000
v 14.477300 21.792800 14.876500
#vw 00000000
v 10.893790 19.171450 18.747270
#vw 00000000
v 10.551510 13.372160 16.768470
#vw 00000000
v 0.521073 28.453890 24.544040
#vw 00000000
v 0.468332 34.109520 22.080650
#vw 00000000
v -2.600009 33.481120 21.647880
#vw 00000000
v -1.807766 27.035500 24.331860
#vw 00000000
v 0.521073 28.453890 24.544040
#vw 00000000
v -2.600009 33.481120 21.647880
#vw 00000000
v -1.807766 27.035500 24.331860
#vw 00000000
v -2.600009 33.481120 21.647880
#vw 00000000
v -7.769858 30.410930 20.064400
#vw 00000000
v -6.079825 24.988690 23.358220
#vw 00000000
v -1.807766 27.035500 24.331860
#vw 00000000
v -7.769858 30.410930 20.064400
#vw 00000000
v -6.079825 24.988690 23.358220
#vw 00000000
v -7.769858 30.410930 20.064400
#vw 00000000
v -10.135810 24.566770 20.920380
#vw 00000000
v -7.424262 23.193250 22.898630
#vw 00000000
v -6.079825 24.988690 23.358220
#vw 00000000
v -10.135810 24.566770 20.920380
#vw 00000000
v 0.468332 34.109520 22.080650
#vw 00000000
v 0.414918 37.529850 19.585870
#vw 00000000
v -2.726289 36.829610 19.601950
#vw 00000000
v -2.600009 33.481120 21.647880
#vw 00000000
v 0.468332 34.109520 22.080650
#vw 00000000
v -2.726289 36.829610 19.601950
#vw 00000000
v -2.600009 33.481120 21.647880
#vw 00000000
v -2.726289 36.829610 19.601950
#vw 00000000
v -6.502976 34.899510 19.002910
#vw 00000000
v -7.769858 30.410930 20.064400
#vw 00000000
v -2.600009 33.481120 21.647880
#vw 00000000
v -6.502976 34.899510 19.002910
#vw 00000000
v -7.769858 30.410930 20.064400
#vw 00000000
v -6.502976 34.899510 19.002910
#vw 00000000
v -11.632310 30.339100 18.611590
#vw 00000000
v -10.135810 24.566770 20.920380
#vw 00000000
v -7.769858 30.410930 20.064400
#vw 00000000
v -11.632310 30.339100 18.611590
#vw 00000000
v 12.402580 30.339100 18.128280
#vw 00000000
v 7.326402 35.357350 18.819010
#vw 00000000
v 8.590816 30.410930 19.743260
#vw 00000000
v 11.005850 24.557790 20.479550
#vw 00000000
v 12.402580 30.339100 18.128280
#vw 00000000
v 8.590816 30.410930 19.743260
#vw 00000000
v 11.005850 24.557790 20.479550
#vw 00000000
v 8.590816 30.410930 19.743260
#vw 00000000
v 7.040532 24.593680 22.976650
#vw 00000000
v 8.396640 23.193250 22.580500
#vw 00000000
v 11.005850 24.557790 20.479550
#vw 00000000
v 7.040532 24.593680 22.976650
#vw 00000000
v 8.396640 23.193250 22.580500
#vw 00000000
v 7.040532 24.593680 22.976650
#vw 00000000
v 0.569280 19.458730 26.795620
#vw 00000000
v 7.326402 35.357350 18.819010
#vw 00000000
v 3.539118 36.829610 19.475960
#vw 00000000
v 3.500518 33.481120 21.525210
#vw 00000000
v 8.590816 30.410930 19.743260
#vw 00000000
v 7.326402 35.357350 18.819010
#vw 00000000
v 3.500518 33.481120 21.525210
#vw 00000000
v 8.590816 30.410930 19.743260
#vw 00000000
v 3.500518 33.481120 21.525210
#vw 00000000
v 2.856503 27.439480 24.363650
#vw 00000000
v 7.040532 24.593680 22.976650
#vw 00000000
v 8.590816 30.410930 19.743260
#vw 00000000
v 2.856503 27.439480 24.363650
#vw 00000000
v 3.569839 41.273320 15.307730
#vw 00000000
v 0.329926 41.686290 15.616190
#vw 00000000
v 0.414918 37.529850 19.585870
#vw 00000000
v 3.539118 36.829610 19.475960
#vw 00000000
v 3.569839 41.273320 15.307730
#vw 00000000
v 0.414918 37.529850 19.585870
#vw 00000000
v 3.539118 36.829610 19.475960
#vw 00000000
v 0.414918 37.529850 19.585870
#vw 00000000
v 0.468332 34.109520 22.080650
#vw 00000000
v 3.500518 33.481120 21.525210
#vw 00000000
v 3.539118 36.829610 19.475960
#vw 00000000
v 0.468332 34.109520 22.080650
#vw 00000000
v 3.500518 33.481120 21.525210
#vw 00000000
v 0.468332 34.109520 22.080650
#vw 00000000
v 0.521073 28.453890 24.544040
#vw 00000000
v 2.856503 27.439480 24.363650
#vw 00000000
v 3.500518 33.481120 21.525210
#vw 00000000
v 0.521073 28.453890 24.544040
#vw 00000000
v 0.099305 5.122099 4.844754
#vw 00000000
v 7.200753 4.655297 10.148870
#vw 00000000
v 4.879113 1.872359 9.222329
#vw 00000000
v 0.137769 2.267354 6.641312
#vw 00000000
v 0.099305 5.122099 4.844754
#vw 00000000
v 4.879113 1.872359 9.222329
#vw 00000000
v 0.137769 2.267354 6.641312
#vw 00000000
v 4.879113 1.872359 9.222329
#vw 00000000
v 0.152719 -0.713082 7.339533
#vw 00000000
v 7.200753 4.655297 10.148870
#vw 00000000
v 9.626643 7.985836 11.041910
#vw 00000000
v 8.213411 9.915929 15.073110
#vw 00000000
v 5.425173 3.847346 12.664730
#vw 00000000
v 7.200753 4.655297 10.148870
#vw 00000000
v 8.213411 9.915929 15.073110
#vw 00000000
v 5.425173 3.847346 12.664730
#vw 00000000
v 8.213411 9.915929 15.073110
#vw 00000000
v 0.336309 6.971418 15.914330
#vw 00000000
v 0.294316 3.335643 13.953040
#vw 00000000
v 5.425173 3.847346 12.664730
#vw 00000000
v 0.336309 6.971418 15.914330
#vw 00000000
v 0.294316 3.335643 13.953040
#vw 00000000
v 0.336309 6.971418 15.914330
#vw 00000000
v -7.577514 9.915929 15.390650
#vw 00000000
v -4.894761 3.847347 12.872250
#vw 00000000
v 0.294316 3.335643 13.953040
#vw 00000000
v -7.577514 9.915929 15.390650
#vw 00000000
v -4.894761 3.847347 12.872250
#vw 00000000
v -7.577514 9.915929 15.390650
#vw 00000000
v -9.162079 7.985836 11.419730
#vw 00000000
v -6.214580 4.655297 10.410790
#vw 00000000
v -4.894761 3.847347 12.872250
#vw 00000000
v -9.162079 7.985836 11.419730
#vw 00000000
v -6.214580 4.655297 10.410790
#vw 00000000
v -9.162079 7.985836 11.419730
#vw 00000000
v -2.696146 6.307087 4.900971
#vw 00000000
v 0.099305 5.122099 4.844754
#vw 00000000
v -6.214580 4.655297 10.410790
#vw 00000000
v -2.696146 6.307087 4.900971
#vw 00000000
v 0.243925 0.947710 11.599470
#vw 00000000
v 0.294316 3.335643 13.953040
#vw 00000000
v -4.894761 3.847347 12.872250
#vw 00000000
v -2.707861 1.495316 11.007400
#vw 00000000
v 0.243925 0.947710 11.599470
#vw 00000000
v -4.894761 3.847347 12.872250
#vw 00000000
v -2.707861 1.495316 11.007400
#vw 00000000
v -4.894761 3.847347 12.872250
#vw 00000000
v -6.214580 4.655297 10.410790
#vw 00000000
v -3.809371 1.926218 9.287174
#vw 00000000
v -2.707861 1.495316 11.007400
#vw 00000000
v -6.214580 4.655297 10.410790
#vw 00000000
v 5.425173 3.847346 12.664730
#vw 00000000
v 0.294316 3.335643 13.953040
#vw 00000000
v 0.243925 0.947710 11.599470
#vw 00000000
v 3.167830 1.495316 10.889260
#vw 00000000
v 5.425173 3.847346 12.664730
#vw 00000000
v 0.243925 0.947710 11.599470
#vw 00000000
v 3.167830 1.495316 10.889260
#vw 00000000
v 0.243925 0.947710 11.599470
#vw 00000000
v 0.152719 -0.713082 7.339533
#vw 00000000
v 4.879113 1.872359 9.222329
#vw 00000000
v 3.167830 1.495316 10.889260
#vw 00000000
v 0.152719 -0.713082 7.339533
#vw 00000000
v 8.213411 9.915929 15.073110
#vw 00000000
v 9.626643 7.985836 11.041910
#vw 00000000
v 12.394900 13.794090 12.516720
#vw 00000000
v 10.551510 13.372160 16.768470
#vw 00000000
v 8.213411 9.915929 15.073110
#vw 00000000
v 12.394900 13.794090 12.516720
#vw 00000000
v 10.551510 13.372160 16.768470
#vw 00000000
v 12.394900 13.794090 12.516720
#vw 00000000
v 12.995860 15.041920 12.920610
#vw 00000000
v 14.477300 21.792800 14.876500
#vw 00000000
v 10.551510 13.372160 16.768470
#vw 00000000
v 12.995860 15.041920 12.920610
#vw 00000000
v -12.572810 9.763324 11.103730
#vw 00000000
v -14.270730 12.214100 2.889020
#vw 00000000
v -11.195020 6.163464 5.417211
#vw 00000000
v -10.172710 5.301650 9.391580
#vw 00000000
v -12.572810 9.763324 11.103730
#vw 00000000
v -11.195020 6.163464 5.417211
#vw 00000000
v -10.172710 5.301650 9.391580
#vw 00000000
v -11.195020 6.163464 5.417211
#vw 00000000
v -6.729717 0.032025 6.661678
#vw 00000000
v -12.572810 9.763324 11.103730
#vw 00000000
v -9.162079 7.985836 11.419730
#vw 00000000
v -11.984730 13.794090 13.006960
#vw 00000000
v -15.836880 15.472820 2.229838
#vw 00000000
v -12.572810 9.763324 11.103730
#vw 00000000
v -11.984730 13.794090 13.006960
#vw 00000000
v -15.836880 15.472820 2.229838
#vw 00000000
v -11.984730 13.794090 13.006960
#vw 00000000
v -12.575390 15.041920 13.434820
#vw 00000000
v 12.394900 13.794090 12.516720
#vw 00000000
v 9.626643 7.985836 11.041910
#vw 00000000
v 13.028420 9.763324 10.588930
#vw 00000000
v 16.217120 15.472820 1.585272
#vw 00000000
v 12.394900 13.794090 12.516720
#vw 00000000
v 13.028420 9.763324 10.588930
#vw 00000000
v 16.217120 15.472820 1.585272
#vw 00000000
v 13.028420 9.763324 10.588930
#vw 00000000
v 14.613880 12.103210 2.014064
#vw 00000000
v 16.217120 15.472820 1.585272
#vw 00000000
v 15.003460 22.896980 -3.272148
#vw 00000000
v 16.986940 18.085200 1.820945
#vw 00000000
v 15.983070 15.415800 3.980068
#vw 00000000
v 16.217120 15.472820 1.585272
#vw 00000000
v 16.986940 18.085200 1.820945
#vw 00000000
v 15.983070 15.415800 3.980068
#vw 00000000
v 16.986940 18.085200 1.820945
#vw 00000000
v 16.639900 14.000570 6.623406
#vw 00000000
v 16.639900 14.000570 6.623406
#vw 00000000
v 15.376030 8.111521 12.378290
#vw 00000000
v 15.855790 13.919770 7.471123
#vw 00000000
v 15.983070 15.415800 3.980068
#vw 00000000
v 16.639900 14.000570 6.623406
#vw 00000000
v 15.855790 13.919770 7.471123
#vw 00000000
v 15.983070 15.415800 3.980068
#vw 00000000
v 15.855790 13.919770 7.471123
#vw 00000000
v 14.851450 14.269880 11.690310
#vw 00000000
v 14.320620 16.729630 11.410590
#vw 00000000
v 15.983070 15.415800 3.980068
#vw 00000000
v 14.851450 14.269880 11.690310
#vw 00000000
v 14.320620 16.729630 11.410590
#vw 00000000
v 14.851450 14.269880 11.690310
#vw 00000000
v 15.665340 14.934200 14.334620
#vw 00000000
v 14.991300 20.069180 15.070230
#vw 00000000
v 14.320620 16.729630 11.410590
#vw 00000000
v 15.665340 14.934200 14.334620
#vw 00000000
v 17.999220 14.018520 7.428029
#vw 00000000
v 16.639900 14.000570 6.623406
#vw 00000000
v 16.986940 18.085200 1.820945
#vw 00000000
v 19.141110 20.706540 2.279929
#vw 00000000
v 17.999220 14.018520 7.428029
#vw 00000000
v 16.986940 18.085200 1.820945
#vw 00000000
v 19.141110 20.706540 2.279929
#vw 00000000
v 16.986940 18.085200 1.820945
#vw 00000000
v 15.003460 22.896980 -3.272148
#vw 00000000
v 18.596110 27.744670 -3.564153
#vw 00000000
v 19.141110 20.706540 2.279929
#vw 00000000
v 15.003460 22.896980 -3.272148
#vw 00000000
v 12.995860 15.041920 12.920610
#vw 00000000
v 14.320620 16.729630 11.410590
#vw 00000000
v 14.991300 20.069180 15.070230
#vw 00000000
v 14.477300 21.792800 14.876500
#vw 00000000
v 12.995860 15.041920 12.920610
#vw 00000000
v 14.991300 20.069180 15.070230
#vw 00000000
v 14.477300 21.792800 14.876500
#vw 00000000
v 14.991300 20.069180 15.070230
#vw 00000000
v 17.030520 23.175290 14.362080
#vw 00000000
v 17.123280 32.080670 13.441930
#vw 00000000
v 14.477300 21.792800 14.876500
#vw 00000000
v 17.030520 23.175290 14.362080
#vw 00000000
v 17.123280 32.080670 13.441930
#vw 00000000
v 17.030520 23.175290 14.362080
#vw 00000000
v 19.242840 23.920380 11.233110
#vw 00000000
v 19.040000 31.344540 9.463407
#vw 00000000
v 17.123280 32.080670 13.441930
#vw 00000000
v 19.242840 23.920380 11.233110
#vw 00000000
v 18.466840 14.287840 10.008650
#vw 00000000
v 17.999220 14.018520 7.428029
#vw 00000000
v 19.141110 20.706540 2.279929
#vw 00000000
v 20.404360 22.905950 5.951207
#vw 00000000
v 18.466840 14.287840 10.008650
#vw 00000000
v 19.141110 20.706540 2.279929
#vw 00000000
v 20.404360 22.905950 5.951207
#vw 00000000
v 19.141110 20.706540 2.279929
#vw 00000000
v 18.596110 27.744670 -3.564153
#vw 00000000
v 20.123190 29.701710 2.974401
#vw 00000000
v 20.404360 22.905950 5.951207
#vw 00000000
v 18.596110 27.744670 -3.564153
#vw 00000000
v 20.123190 29.701710 2.974401
#vw 00000000
v 18.596110 27.744670 -3.564153
#vw 00000000
v 16.171410 32.906570 -4.402291
#vw 00000000
v 18.410470 34.926450 0.371710
#vw 00000000
v 20.123190 29.701710 2.974401
#vw 00000000
v 16.171410 32.906570 -4.402291
#vw 00000000
v 17.369730 14.880330 12.346040
#vw 00000000
v 18.466840 14.287840 10.008650
#vw 00000000
v 20.404360 22.905950 5.951207
#vw 00000000
v 19.242840 23.920380 11.233110
#vw 00000000
v 17.369730 14.880330 12.346040
#vw 00000000
v 20.404360 22.905950 5.951207
#vw 00000000
v 19.242840 23.920380 11.233110
#vw 00000000
v 20.404360 22.905950 5.951207
#vw 00000000
v 20.123190 29.701710 2.974401
#vw 00000000
v 19.040000 31.344540 9.463407
#vw 00000000
v 19.242840 23.920380 11.233110
#vw 00000000
v 20.123190 29.701710 2.974401
#vw 00000000
v 19.040000 31.344540 9.463407
#vw 00000000
v 20.123190 29.701710 2.974401
#vw 00000000
v 18.410470 34.926450 0.371710
#vw 00000000
v 17.433490 35.590770 7.619896
#vw 00000000
v 19.040000 31.344540 9.463407
#vw 00000000
v 18.410470 34.926450 0.371710
#vw 00000000
v 14.220380 31.407370 -8.679774
#vw 00000000
v 12.132160 33.463170 -8.159017
#vw 00000000
v 13.465150 36.129390 -4.732454
#vw 00000000
v 16.171410 32.906570 -4.402291
#vw 00000000
v 14.220380 31.407370 -8.679774
#vw 00000000
v 13.465150 36.129390 -4.732454
#vw 00000000
v 16.171410 32.906570 -4.402291
#vw 00000000
v 13.465150 36.129390 -4.732454
#vw 00000000
v 12.784840 40.797530 -1.838345
#vw 00000000
v 18.410470 34.926450 0.371710
#vw 00000000
v 16.171410 32.906570 -4.402291
#vw 00000000
v 12.784840 40.797530 -1.838345
#vw 00000000
v 18.410470 34.926450 0.371710
#vw 00000000
v 12.784840 40.797530 -1.838345
#vw 00000000
v 17.433490 35.590770 7.619896
#vw 00000000
v 12.132160 33.463170 -8.159017
#vw 00000000
v 14.220380 31.407370 -8.679774
#vw 00000000
v 11.560710 30.455800 -12.087510
#vw 00000000
v 9.805106 32.942490 -11.440030
#vw 00000000
v 12.132160 33.463170 -8.159017
#vw 00000000
v 11.560710 30.455800 -12.087510
#vw 00000000
v 9.805106 32.942490 -11.440030
#vw 00000000
v 11.560710 30.455800 -12.087510
#vw 00000000
v 6.193501 33.750430 -12.733050
#vw 00000000
v 6.812442 35.779280 -11.489730
#vw 00000000
v 9.805106 32.942490 -11.440030
#vw 00000000
v 6.193501 33.750430 -12.733050
#vw 00000000
v -16.903220 18.085200 2.502434
#vw 00000000
v -16.343430 14.000570 7.286659
#vw 00000000
v -17.667140 14.018520 8.145228
#vw 00000000
v -19.050890 20.706540 3.047922
#vw 00000000
v -16.903220 18.085200 2.502434
#vw 00000000
v -17.667140 14.018520 8.145228
#vw 00000000
v -19.050890 20.706540 3.047922
#vw 00000000
v -17.667140 14.018520 8.145228
#vw 00000000
v -18.023900 14.287840 10.742440
#vw 00000000
v -20.155900 22.905950 6.766824
#vw 00000000
v -19.050890 20.706540 3.047922
#vw 00000000
v -18.023900 14.287840 10.742440
#vw 00000000
v -20.155900 22.905950 6.766824
#vw 00000000
v -18.023900 14.287840 10.742440
#vw 00000000
v -16.842510 14.880330 13.041860
#vw 00000000
v -18.769300 23.920400 11.997500
#vw 00000000
v -20.155900 22.905950 6.766824
#vw 00000000
v -16.842510 14.880330 13.041860
#vw 00000000
v -15.046810 14.934200 14.967890
#vw 00000000
v -14.349690 20.069180 15.660230
#vw 00000000
v -16.424960 23.175290 15.034840
#vw 00000000
v -15.836210 15.068860 14.167510
#vw 00000000
v -15.046810 14.934200 14.967890
#vw 00000000
v -16.424960 23.175290 15.034840
#vw 00000000
v -15.836210 15.068860 14.167510
#vw 00000000
v -16.424960 23.175290 15.034840
#vw 00000000
v -18.769300 23.920400 11.997500
#vw 00000000
v -16.842510 14.880330 13.041860
#vw 00000000
v -15.836210 15.068860 14.167510
#vw 00000000
v -18.769300 23.920400 11.997500
#vw 00000000
v -15.146940 22.896980 -2.665860
#vw 00000000
v -16.909260 17.940710 2.574757
#vw 00000000
v -19.050890 20.706540 3.047922
#vw 00000000
v -18.756490 27.744670 -2.813037
#vw 00000000
v -15.146940 22.896980 -2.665860
#vw 00000000
v -19.050890 20.706540 3.047922
#vw 00000000
v -18.756490 27.744670 -2.813037
#vw 00000000
v -19.050890 20.706540 3.047922
#vw 00000000
v -20.155900 22.905950 6.766824
#vw 00000000
v -19.994900 29.701710 3.781124
#vw 00000000
v -18.756490 27.744670 -2.813037
#vw 00000000
v -20.155900 22.905950 6.766824
#vw 00000000
v -19.994900 29.701710 3.781124
#vw 00000000
v -20.155900 22.905950 6.766824
#vw 00000000
v -18.769300 23.920400 11.997500
#vw 00000000
v -18.648260 31.398400 9.946564
#vw 00000000
v -19.994900 29.701710 3.781124
#vw 00000000
v -18.769300 23.920400 11.997500
#vw 00000000
v -17.470360 33.337480 -3.325521
#vw 00000000
v -18.756490 27.744670 -2.813037
#vw 00000000
v -19.994900 29.701710 3.781124
#vw 00000000
v -18.380050 34.926450 1.111522
#vw 00000000
v -17.470360 33.337480 -3.325521
#vw 00000000
v -19.994900 29.701710 3.781124
#vw 00000000
v -18.380050 34.926450 1.111522
#vw 00000000
v -19.994900 29.701710 3.781124
#vw 00000000
v -18.648260 31.398400 9.946564
#vw 00000000
v -17.116180 35.590770 8.314648
#vw 00000000
v -18.380050 34.926450 1.111522
#vw 00000000
v -18.648260 31.398400 9.946564
#vw 00000000
v -17.116180 35.590770 8.314648
#vw 00000000
v -18.648260 31.398400 9.946564
#vw 00000000
v -16.557030 32.080670 14.119200
#vw 00000000
v -14.810240 38.499370 -4.799606
#vw 00000000
v -14.573710 34.971330 -7.410088
#vw 00000000
v -15.703040 31.820330 -7.277493
#vw 00000000
v -17.470360 33.337480 -3.325521
#vw 00000000
v -14.810240 38.499370 -4.799606
#vw 00000000
v -15.703040 31.820330 -7.277493
#vw 00000000
v -17.470360 33.337480 -3.325521
#vw 00000000
v -15.703040 31.820330 -7.277493
#vw 00000000
v -15.237970 26.460930 -6.917959
#vw 00000000
v -18.756490 27.744670 -2.813037
#vw 00000000
v -17.470360 33.337480 -3.325521
#vw 00000000
v -15.237970 26.460930 -6.917959
#vw 00000000
v -18.756490 27.744670 -2.813037
#vw 00000000
v -15.237970 26.460930 -6.917959
#vw 00000000
v -15.146940 22.896980 -2.665860
#vw 00000000
v 14.140690 30.787930 -15.553520
#vw 00000000
v 16.708060 31.919080 -13.305520
#vw 00000000
v 16.838010 25.302870 -12.138690
#vw 00000000
v 15.065860 24.853990 -13.664920
#vw 00000000
v 14.140690 30.787930 -15.553520
#vw 00000000
v 16.838010 25.302870 -12.138690
#vw 00000000
v 15.065860 24.853990 -13.664920
#vw 00000000
v 16.838010 25.302870 -12.138690
#vw 00000000
v 14.622110 18.292150 -10.650070
#vw 00000000
v 12.290870 24.279450 -13.703300
#vw 00000000
v 15.065860 24.853990 -13.664920
#vw 00000000
v 14.622110 18.292150 -10.650070
#vw 00000000
v 16.683470 25.608100 -7.449980
#vw 00000000
v 16.807000 30.680220 -5.882751
#vw 00000000
v 15.743760 30.159540 -6.865988
#vw 00000000
v 15.812250 25.419570 -8.570504
#vw 00000000
v 16.683470 25.608100 -7.449980
#vw 00000000
v 15.743760 30.159540 -6.865988
#vw 00000000
v 15.812250 25.419570 -8.570504
#vw 00000000
v 15.743760 30.159540 -6.865988
#vw 00000000
v 13.776100 29.279770 -10.169910
#vw 00000000
v 14.425200 25.096390 -10.669570
#vw 00000000
v 15.812250 25.419570 -8.570504
#vw 00000000
v 13.776100 29.279770 -10.169910
#vw 00000000
v 14.425200 25.096390 -10.669570
#vw 00000000
v 13.776100 29.279770 -10.169910
#vw 00000000
v 11.877230 29.288730 -13.412440
#vw 00000000
v 13.180790 24.476970 -12.410480
#vw 00000000
v 14.425200 25.096390 -10.669570
#vw 00000000
v 11.877230 29.288730 -13.412440
#vw 00000000
v 16.838010 25.302870 -12.138690
#vw 00000000
v 16.708060 31.919080 -13.305520
#vw 00000000
v 17.953230 32.161460 -10.128340
#vw 00000000
v 17.539630 25.590150 -10.535990
#vw 00000000
v 16.838010 25.302870 -12.138690
#vw 00000000
v 17.953230 32.161460 -10.128340
#vw 00000000
v 17.539630 25.590150 -10.535990
#vw 00000000
v 17.953230 32.161460 -10.128340
#vw 00000000
v 16.807000 30.680220 -5.882751
#vw 00000000
v 16.683470 25.608100 -7.449980
#vw 00000000
v 17.539630 25.590150 -10.535990
#vw 00000000
v 16.807000 30.680220 -5.882751
#vw 00000000
v 10.295070 29.028400 -15.170100
#vw 00000000
v 11.877230 29.288730 -13.412440
#vw 00000000
v 10.462450 31.910100 -13.305510
#vw 00000000
v 8.017849 33.678600 -15.422550
#vw 00000000
v 10.295070 29.028400 -15.170100
#vw 00000000
v 10.462450 31.910100 -13.305510
#vw 00000000
v 8.017849 33.678600 -15.422550
#vw 00000000
v 10.462450 31.910100 -13.305510
#vw 00000000
v 6.812442 35.779280 -11.489730
#vw 00000000
v 7.088386 35.644620 -14.360010
#vw 00000000
v 8.017849 33.678600 -15.422550
#vw 00000000
v 6.812442 35.779280 -11.489730
#vw 00000000
v 11.877230 29.288730 -13.412440
#vw 00000000
v 13.776100 29.279770 -10.169910
#vw 00000000
v 12.660060 31.757480 -9.417562
#vw 00000000
v 10.462450 31.910100 -13.305510
#vw 00000000
v 11.877230 29.288730 -13.412440
#vw 00000000
v 12.660060 31.757480 -9.417562
#vw 00000000
v 10.462450 31.910100 -13.305510
#vw 00000000
v 12.660060 31.757480 -9.417562
#vw 00000000
v 12.132160 33.463170 -8.159017
#vw 00000000
v 6.812442 35.779280 -11.489730
#vw 00000000
v 10.462450 31.910100 -13.305510
#vw 00000000
v 12.132160 33.463170 -8.159017
#vw 00000000
v 14.140690 30.787930 -15.553520
#vw 00000000
v 10.295070 29.028400 -15.170100
#vw 00000000
v 8.017849 33.678600 -15.422550
#vw 00000000
v 11.408390 36.380750 -15.349460
#vw 00000000
v 14.140690 30.787930 -15.553520
#vw 00000000
v 8.017849 33.678600 -15.422550
#vw 00000000
v 11.408390 36.380750 -15.349460
#vw 00000000
v 8.017849 33.678600 -15.422550
#vw 00000000
v 7.088386 35.644620 -14.360010
#vw 00000000
v 8.668743 40.052430 -13.387170
#vw 00000000
v 11.408390 36.380750 -15.349460
#vw 00000000
v 7.088386 35.644620 -14.360010
#vw 00000000
v 13.776100 29.279770 -10.169910
#vw 00000000
v 15.743760 30.159540 -6.865988
#vw 00000000
v 15.224890 33.606790 -5.536994
#vw 00000000
v 12.660060 31.757480 -9.417562
#vw 00000000
v 13.776100 29.279770 -10.169910
#vw 00000000
v 15.224890 33.606790 -5.536994
#vw 00000000
v 12.660060 31.757480 -9.417562
#vw 00000000
v 15.224890 33.606790 -5.536994
#vw 00000000
v 13.465150 36.129390 -4.732454
#vw 00000000
v 12.132160 33.463170 -8.159017
#vw 00000000
v 12.660060 31.757480 -9.417562
#vw 00000000
v 13.465150 36.129390 -4.732454
#vw 00000000
v 16.708060 31.919080 -13.305520
#vw 00000000
v 14.140690 30.787930 -15.553520
#vw 00000000
v 11.408390 36.380750 -15.349460
#vw 00000000
v 14.299420 38.149260 -12.691990
#vw 00000000
v 16.708060 31.919080 -13.305520
#vw 00000000
v 11.408390 36.380750 -15.349460
#vw 00000000
v 14.299420 38.149260 -12.691990
#vw 00000000
v 11.408390 36.380750 -15.349460
#vw 00000000
v 8.668743 40.052430 -13.387170
#vw 00000000
v 10.018400 42.287760 -9.882448
#vw 00000000
v 14.299420 38.149260 -12.691990
#vw 00000000
v 8.668743 40.052430 -13.387170
#vw 00000000
v 10.018400 42.287760 -9.882448
#vw 00000000
v 8.668743 40.052430 -13.387170
#vw 00000000
v 5.518293 39.980620 -9.250403
#vw 00000000
v 6.225031 42.072300 -6.007458
#vw 00000000
v 10.018400 42.287760 -9.882448
#vw 00000000
v 5.518293 39.980620 -9.250403
#vw 00000000
v 17.953230 32.161460 -10.128340
#vw 00000000
v 16.708060 31.919080 -13.305520
#vw 00000000
v 14.299420 38.149260 -12.691990
#vw 00000000
v 16.181090 38.274940 -8.852629
#vw 00000000
v 17.953230 32.161460 -10.128340
#vw 00000000
v 14.299420 38.149260 -12.691990
#vw 00000000
v 16.181090 38.274940 -8.852629
#vw 00000000
v 14.299420 38.149260 -12.691990
#vw 00000000
v 10.018400 42.287760 -9.882448
#vw 00000000
v 10.579570 42.907190 -5.733989
#vw 00000000
v 16.181090 38.274940 -8.852629
#vw 00000000
v 10.018400 42.287760 -9.882448
#vw 00000000
v 15.743760 30.159540 -6.865988
#vw 00000000
v 16.807000 30.680220 -5.882751
#vw 00000000
v 15.079550 35.770300 -4.270457
#vw 00000000
v 15.224890 33.606790 -5.536994
#vw 00000000
v 15.743760 30.159540 -6.865988
#vw 00000000
v 15.079550 35.770300 -4.270457
#vw 00000000
v 15.224890 33.606790 -5.536994
#vw 00000000
v 15.079550 35.770300 -4.270457
#vw 00000000
v 10.296130 41.084800 -2.863556
#vw 00000000
v 13.465150 36.129390 -4.732454
#vw 00000000
v 15.224890 33.606790 -5.536994
#vw 00000000
v 10.296130 41.084800 -2.863556
#vw 00000000
v 16.807000 30.680220 -5.882751
#vw 00000000
v 17.953230 32.161460 -10.128340
#vw 00000000
v 16.181090 38.274940 -8.852629
#vw 00000000
v 15.079550 35.770300 -4.270457
#vw 00000000
v 16.807000 30.680220 -5.882751
#vw 00000000
v 16.181090 38.274940 -8.852629
#vw 00000000
v 15.079550 35.770300 -4.270457
#vw 00000000
v 16.181090 38.274940 -8.852629
#vw 00000000
v 10.579570 42.907190 -5.733989
#vw 00000000
v 10.296130 41.084800 -2.863556
#vw 00000000
v 15.079550 35.770300 -4.270457
#vw 00000000
v 10.579570 42.907190 -5.733989
#vw 00000000
v 10.296130 41.084800 -2.863556
#vw 00000000
v 10.579570 42.907190 -5.733989
#vw 00000000
v 6.083485 42.862300 -3.163426
#vw 00000000
v -13.414480 28.651360 -12.448630
#vw 00000000
v -15.221380 28.839890 -9.994935
#vw 00000000
v -15.251860 24.467990 -10.017870
#vw 00000000
v -14.267820 24.261510 -11.332670
#vw 00000000
v -13.414480 28.651360 -12.448630
#vw 00000000
v -15.251860 24.467990 -10.017870
#vw 00000000
v -14.267820 24.261510 -11.332670
#vw 00000000
v -15.251860 24.467990 -10.017870
#vw 00000000
v -14.043500 18.094180 -9.610483
#vw 00000000
v -12.867040 24.692430 -12.443940
#vw 00000000
v -14.267820 24.261510 -11.332670
#vw 00000000
v -14.043500 18.094180 -9.610483
#vw 00000000
v -16.591240 26.496850 -11.992320
#vw 00000000
v -17.154470 32.430780 -12.734460
#vw 00000000
v -14.473880 30.985430 -14.303140
#vw 00000000
v -14.799510 26.030030 -12.703330
#vw 00000000
v -16.591240 26.496850 -11.992320
#vw 00000000
v -14.473880 30.985430 -14.303140
#vw 00000000
v -14.799510 26.030030 -12.703330
#vw 00000000
v -14.473880 30.985430 -14.303140
#vw 00000000
v -11.431980 28.848850 -13.705030
#vw 00000000
v -12.867040 24.692430 -12.443940
#vw 00000000
v -14.799510 26.030030 -12.703330
#vw 00000000
v -11.431980 28.848850 -13.705030
#vw 00000000
v -16.794130 28.956600 -8.511321
#vw 00000000
v -17.329590 29.881250 -5.855587
#vw 00000000
v -16.522900 25.437530 -7.049092
#vw 00000000
v -15.958670 25.195150 -9.061824
#vw 00000000
v -16.794130 28.956600 -8.511321
#vw 00000000
v -16.522900 25.437530 -7.049092
#vw 00000000
v -15.958670 25.195150 -9.061824
#vw 00000000
v -16.522900 25.437530 -7.049092
#vw 00000000
v -14.043500 18.094180 -9.610483
#vw 00000000
v -15.251860 24.467990 -10.017870
#vw 00000000
v -15.958670 25.195150 -9.061824
#vw 00000000
v -14.043500 18.094180 -9.610483
#vw 00000000
v -18.174660 32.062710 -9.605916
#vw 00000000
v -17.154470 32.430780 -12.734460
#vw 00000000
v -16.591240 26.496850 -11.992320
#vw 00000000
v -17.215590 26.047990 -9.986227
#vw 00000000
v -18.174660 32.062710 -9.605916
#vw 00000000
v -16.591240 26.496850 -11.992320
#vw 00000000
v -17.215590 26.047990 -9.986227
#vw 00000000
v -16.591240 26.496850 -11.992320
#vw 00000000
v -14.043500 18.094180 -9.610483
#vw 00000000
v -16.522900 25.437530 -7.049092
#vw 00000000
v -17.215590 26.047990 -9.986227
#vw 00000000
v -14.043500 18.094180 -9.610483
#vw 00000000
v -10.851070 42.987980 -2.681617
#vw 00000000
v -16.170240 37.673470 -3.885368
#vw 00000000
v -16.516950 34.639170 -6.421334
#vw 00000000
v -14.810240 38.499370 -4.799606
#vw 00000000
v -10.851070 42.987980 -2.681617
#vw 00000000
v -16.516950 34.639170 -6.421334
#vw 00000000
v -14.810240 38.499370 -4.799606
#vw 00000000
v -16.516950 34.639170 -6.421334
#vw 00000000
v -15.199210 33.463170 -8.959377
#vw 00000000
v -14.573710 34.971330 -7.410088
#vw 00000000
v -14.810240 38.499370 -4.799606
#vw 00000000
v -15.199210 33.463170 -8.959377
#vw 00000000
v -14.573710 34.971330 -7.410088
#vw 00000000
v -15.199210 33.463170 -8.959377
#vw 00000000
v -12.484290 32.601350 -11.376390
#vw 00000000
v -11.989190 33.741460 -10.664280
#vw 00000000
v -14.573710 34.971330 -7.410088
#vw 00000000
v -12.484290 32.601350 -11.376390
#vw 00000000
v -11.989190 33.741460 -10.664280
#vw 00000000
v -12.484290 32.601350 -11.376390
#vw 00000000
v -9.675311 32.727030 -13.952270
#vw 00000000
v -7.521782 34.702010 -12.472950
#vw 00000000
v -11.989190 33.741460 -10.664280
#vw 00000000
v -9.675311 32.727030 -13.952270
#vw 00000000
v -16.170240 37.673470 -3.885368
#vw 00000000
v -17.329590 29.881250 -5.855587
#vw 00000000
v -16.794130 28.956600 -8.511321
#vw 00000000
v -16.516950 34.639170 -6.421334
#vw 00000000
v -16.170240 37.673470 -3.885368
#vw 00000000
v -16.794130 28.956600 -8.511321
#vw 00000000
v -16.516950 34.639170 -6.421334
#vw 00000000
v -16.794130 28.956600 -8.511321
#vw 00000000
v -15.221380 28.839890 -9.994935
#vw 00000000
v -15.199210 33.463170 -8.959377
#vw 00000000
v -16.516950 34.639170 -6.421334
#vw 00000000
v -15.221380 28.839890 -9.994935
#vw 00000000
v -15.199210 33.463170 -8.959377
#vw 00000000
v -15.221380 28.839890 -9.994935
#vw 00000000
v -13.414480 28.651360 -12.448630
#vw 00000000
v -12.484290 32.601350 -11.376390
#vw 00000000
v -15.199210 33.463170 -8.959377
#vw 00000000
v -13.414480 28.651360 -12.448630
#vw 00000000
v -12.484290 32.601350 -11.376390
#vw 00000000
v -13.414480 28.651360 -12.448630
#vw 00000000
v -11.431980 28.848850 -13.705030
#vw 00000000
v -9.675311 32.727030 -13.952270
#vw 00000000
v -12.484290 32.601350 -11.376390
#vw 00000000
v -11.431980 28.848850 -13.705030
#vw 00000000
v -7.458578 35.429160 -14.773850
#vw 00000000
v -8.970093 35.716430 -13.581870
#vw 00000000
v -10.216450 34.791780 -15.063740
#vw 00000000
v -8.388529 35.267580 -15.485080
#vw 00000000
v -7.458578 35.429160 -14.773850
#vw 00000000
v -10.216450 34.791780 -15.063740
#vw 00000000
v -8.388529 35.267580 -15.485080
#vw 00000000
v -10.216450 34.791780 -15.063740
#vw 00000000
v -10.711110 33.561910 -16.105500
#vw 00000000
v -8.894819 33.615760 -16.369630
#vw 00000000
v -8.388529 35.267580 -15.485080
#vw 00000000
v -10.711110 33.561910 -16.105500
#vw 00000000
v -3.730369 35.545870 -16.088900
#vw 00000000
v -5.327410 35.743370 -15.389660
#vw 00000000
v -6.543728 35.680520 -16.518930
#vw 00000000
v -4.475037 35.393250 -17.251210
#vw 00000000
v -3.730369 35.545870 -16.088900
#vw 00000000
v -6.543728 35.680520 -16.518930
#vw 00000000
v -4.475037 35.393250 -17.251210
#vw 00000000
v -6.543728 35.680520 -16.518930
#vw 00000000
v -7.851387 34.199290 -18.062360
#vw 00000000
v -5.839630 33.956900 -18.652200
#vw 00000000
v -4.475037 35.393250 -17.251210
#vw 00000000
v -7.851387 34.199290 -18.062360
#vw 00000000
v 16.192120 33.858150 16.176270
#vw 00000000
v 12.402580 30.339100 18.128280
#vw 00000000
v 17.123280 32.080670 13.441930
#vw 00000000
v 16.914150 34.899510 12.779010
#vw 00000000
v 16.192120 33.858150 16.176270
#vw 00000000
v 17.123280 32.080670 13.441930
#vw 00000000
v 16.914150 34.899510 12.779010
#vw 00000000
v 17.123280 32.080670 13.441930
#vw 00000000
v 17.433490 35.590770 7.619896
#vw 00000000
v 6.049663 43.849800 9.614737
#vw 00000000
v 11.314190 43.023880 10.717560
#vw 00000000
v 11.009900 44.585930 4.209353
#vw 00000000
v 8.128521 44.918080 3.403951
#vw 00000000
v 6.049663 43.849800 9.614737
#vw 00000000
v 11.009900 44.585930 4.209353
#vw 00000000
v 8.128521 44.918080 3.403951
#vw 00000000
v 11.009900 44.585930 4.209353
#vw 00000000
v 10.296130 41.084800 -2.863556
#vw 00000000
v 8.907161 34.190310 20.160720
#vw 00000000
v 7.326402 35.357350 18.819010
#vw 00000000
v 12.402580 30.339100 18.128280
#vw 00000000
v 12.868600 30.814900 19.233410
#vw 00000000
v 8.907161 34.190310 20.160720
#vw 00000000
v 12.402580 30.339100 18.128280
#vw 00000000
v 12.868600 30.814900 19.233410
#vw 00000000
v 12.402580 30.339100 18.128280
#vw 00000000
v 16.192120 33.858150 16.176270
#vw 00000000
v 15.246750 33.310550 18.596940
#vw 00000000
v 12.868600 30.814900 19.233410
#vw 00000000
v 16.192120 33.858150 16.176270
#vw 00000000
v 15.246750 33.310550 18.596940
#vw 00000000
v 16.192120 33.858150 16.176270
#vw 00000000
v 14.860330 38.176190 15.606540
#vw 00000000
v 14.920560 36.703930 18.069800
#vw 00000000
v 15.246750 33.310550 18.596940
#vw 00000000
v 14.860330 38.176190 15.606540
#vw 00000000
v 15.006380 40.330730 11.922630
#vw 00000000
v 11.314190 43.023880 10.717560
#vw 00000000
v 11.805460 40.393560 15.102880
#vw 00000000
v 14.860330 38.176190 15.606540
#vw 00000000
v 15.006380 40.330730 11.922630
#vw 00000000
v 11.805460 40.393560 15.102880
#vw 00000000
v 14.860330 38.176190 15.606540
#vw 00000000
v 11.805460 40.393560 15.102880
#vw 00000000
v 12.527960 38.265960 18.031560
#vw 00000000
v 14.920560 36.703930 18.069800
#vw 00000000
v 14.860330 38.176190 15.606540
#vw 00000000
v 12.527960 38.265960 18.031560
#vw 00000000
v 11.314190 43.023880 10.717560
#vw 00000000
v 15.006380 40.330730 11.922630
#vw 00000000
v 14.396660 42.144120 5.506902
#vw 00000000
v 11.009900 44.585930 4.209353
#vw 00000000
v 11.314190 43.023880 10.717560
#vw 00000000
v 14.396660 42.144120 5.506902
#vw 00000000
v 11.009900 44.585930 4.209353
#vw 00000000
v 14.396660 42.144120 5.506902
#vw 00000000
v 12.784840 40.797530 -1.838345
#vw 00000000
v 10.296130 41.084800 -2.863556
#vw 00000000
v 11.009900 44.585930 4.209353
#vw 00000000
v 12.784840 40.797530 -1.838345
#vw 00000000
v 10.296130 41.084800 -2.863556
#vw 00000000
v 12.784840 40.797530 -1.838345
#vw 00000000
v 13.465150 36.129390 -4.732454
#vw 00000000
v 15.006380 40.330730 11.922630
#vw 00000000
v 16.914150 34.899510 12.779010
#vw 00000000
v 17.433490 35.590770 7.619896
#vw 00000000
v 14.396660 42.144120 5.506902
#vw 00000000
v 15.006380 40.330730 11.922630
#vw 00000000
v 17.433490 35.590770 7.619896
#vw 00000000
v 14.396660 42.144120 5.506902
#vw 00000000
v 17.433490 35.590770 7.619896
#vw 00000000
v 12.784840 40.797530 -1.838345
#vw 00000000
v -15.202440 40.321750 -1.055797
#vw 00000000
v -14.907530 41.282300 6.064779
#vw 00000000
v -10.829430 44.137060 4.632820
#vw 00000000
v -10.851070 42.987980 -2.681617
#vw 00000000
v -15.202440 40.321750 -1.055797
#vw 00000000
v -10.829430 44.137060 4.632820
#vw 00000000
v -10.851070 42.987980 -2.681617
#vw 00000000
v -10.829430 44.137060 4.632820
#vw 00000000
v -8.037800 45.124560 3.697644
#vw 00000000
v -6.502976 34.899510 19.002910
#vw 00000000
v -5.866206 40.267890 14.775420
#vw 00000000
v -8.959933 35.904960 19.460440
#vw 00000000
v -8.073205 34.639170 20.604200
#vw 00000000
v -6.502976 34.899510 19.002910
#vw 00000000
v -8.959933 35.904960 19.460440
#vw 00000000
v -8.073205 34.639170 20.604200
#vw 00000000
v -8.959933 35.904960 19.460440
#vw 00000000
v -13.608990 31.191950 24.341560
#vw 00000000
v -11.632310 30.339100 18.611590
#vw 00000000
v -6.502976 34.899510 19.002910
#vw 00000000
v -8.073205 34.639170 20.604200
#vw 00000000
v -12.094920 31.245800 19.766800
#vw 00000000
v -11.632310 30.339100 18.611590
#vw 00000000
v -8.073205 34.639170 20.604200
#vw 00000000
v -12.094920 31.245800 19.766800
#vw 00000000
v -8.073205 34.639170 20.604200
#vw 00000000
v -13.608990 31.191950 24.341560
#vw 00000000
v -8.959933 35.904960 19.460440
#vw 00000000
v -5.866206 40.267890 14.775420
#vw 00000000
v -11.114420 39.926740 15.485290
#vw 00000000
v -11.754240 38.265960 18.519850
#vw 00000000
v -8.959933 35.904960 19.460440
#vw 00000000
v -11.114420 39.926740 15.485290
#vw 00000000
v -11.754240 38.265960 18.519850
#vw 00000000
v -11.114420 39.926740 15.485290
#vw 00000000
v -14.130270 37.718370 16.103180
#vw 00000000
v -14.100180 36.246080 18.559190
#vw 00000000
v -11.754240 38.265960 18.519850
#vw 00000000
v -14.130270 37.718370 16.103180
#vw 00000000
v -15.060240 34.280090 17.142210
#vw 00000000
v -11.632310 30.339100 18.611590
#vw 00000000
v -12.094920 31.245800 19.766800
#vw 00000000
v -14.664830 33.750430 19.151340
#vw 00000000
v -15.060240 34.280090 17.142210
#vw 00000000
v -12.094920 31.245800 19.766800
#vw 00000000
v -14.664830 33.750430 19.151340
#vw 00000000
v -12.094920 31.245800 19.766800
#vw 00000000
v -13.608990 31.191950 24.341560
#vw 00000000
v -14.499480 40.330730 12.515960
#vw 00000000
v -15.992990 35.330420 13.848860
#vw 00000000
v -15.060240 34.280090 17.142210
#vw 00000000
v -14.130270 37.718370 16.103180
#vw 00000000
v -14.499480 40.330730 12.515960
#vw 00000000
v -15.060240 34.280090 17.142210
#vw 00000000
v -14.130270 37.718370 16.103180
#vw 00000000
v -15.060240 34.280090 17.142210
#vw 00000000
v -14.664830 33.750430 19.151340
#vw 00000000
v -14.100180 36.246080 18.559190
#vw 00000000
v -14.130270 37.718370 16.103180
#vw 00000000
v -14.664830 33.750430 19.151340
#vw 00000000
v -14.100180 36.246080 18.559190
#vw 00000000
v -14.664830 33.750430 19.151340
#vw 00000000
v -13.608990 31.191950 24.341560
#vw 00000000
v -15.992990 35.330420 13.848860
#vw 00000000
v -17.116180 35.590770 8.314648
#vw 00000000
v -16.557030 32.080670 14.119200
#vw 00000000
v -15.060240 34.280090 17.142210
#vw 00000000
v -15.992990 35.330420 13.848860
#vw 00000000
v -16.557030 32.080670 14.119200
#vw 00000000
v -15.060240 34.280090 17.142210
#vw 00000000
v -16.557030 32.080670 14.119200
#vw 00000000
v -11.632310 30.339100 18.611590
#vw 00000000
v -17.116180 35.590770 8.314648
#vw 00000000
v -15.992990 35.330420 13.848860
#vw 00000000
v -14.499480 40.330730 12.515960
#vw 00000000
v -14.907530 41.282300 6.064779
#vw 00000000
v -17.116180 35.590770 8.314648
#vw 00000000
v -14.499480 40.330730 12.515960
#vw 00000000
v -14.907530 41.282300 6.064779
#vw 00000000
v -14.499480 40.330730 12.515960
#vw 00000000
v -10.854560 43.014910 11.163350
#vw 00000000
v -10.829430 44.137060 4.632820
#vw 00000000
v -14.907530 41.282300 6.064779
#vw 00000000
v -10.854560 43.014910 11.163350
#vw 00000000
v -10.829430 44.137060 4.632820
#vw 00000000
v -10.854560 43.014910 11.163350
#vw 00000000
v -5.641766 43.849800 9.849837
#vw 00000000
v -8.037800 45.124560 3.697644
#vw 00000000
v -10.829430 44.137060 4.632820
#vw 00000000
v -5.641766 43.849800 9.849837
#vw 00000000
v 5.389751 52.019050 -2.647175
#vw 00000000
v 5.160654 52.979630 -3.191969
#vw 00000000
v 2.503791 51.211110 -5.767817
#vw 00000000
v 3.817832 50.861000 -3.926280
#vw 00000000
v 5.389751 52.019050 -2.647175
#vw 00000000
v 2.503791 51.211110 -5.767817
#vw 00000000
v 3.817832 50.861000 -3.926280
#vw 00000000
v 2.503791 51.211110 -5.767817
#vw 00000000
v -0.842206 48.742370 -7.262400
#vw 00000000
v 1.472764 48.921920 -4.546252
#vw 00000000
v 3.817832 50.861000 -3.926280
#vw 00000000
v -0.842206 48.742370 -7.262400
#vw 00000000
v 8.514969 56.202440 0.091922
#vw 00000000
v 5.983240 53.913250 -3.993369
#vw 00000000
v 5.321438 53.356650 -3.736756
#vw 00000000
v 5.160654 52.979630 -3.191969
#vw 00000000
v 8.514969 56.202440 0.091922
#vw 00000000
v 5.321438 53.356650 -3.736756
#vw 00000000
v 5.160654 52.979630 -3.191969
#vw 00000000
v 5.321438 53.356650 -3.736756
#vw 00000000
v 2.070972 51.282920 -7.423012
#vw 00000000
v 2.503791 51.211110 -5.767817
#vw 00000000
v 5.160654 52.979630 -3.191969
#vw 00000000
v 2.070972 51.282920 -7.423012
#vw 00000000
v 2.503791 51.211110 -5.767817
#vw 00000000
v 2.070972 51.282920 -7.423012
#vw 00000000
v -1.630314 47.512500 -10.103430
#vw 00000000
v -0.842206 48.742370 -7.262400
#vw 00000000
v 2.503791 51.211110 -5.767817
#vw 00000000
v -1.630314 47.512500 -10.103430
#vw 00000000
v 5.389751 52.019050 -2.647175
#vw 00000000
v 3.817832 50.861000 -3.926280
#vw 00000000
v 5.626280 50.457020 -2.455717
#vw 00000000
v 6.808756 52.818020 -1.506271
#vw 00000000
v 5.389751 52.019050 -2.647175
#vw 00000000
v 5.626280 50.457020 -2.455717
#vw 00000000
v 6.808756 52.818020 -1.506271
#vw 00000000
v 5.626280 50.457020 -2.455717
#vw 00000000
v 7.709665 47.763850 -3.902505
#vw 00000000
v 7.859579 50.537820 -2.853811
#vw 00000000
v 6.808756 52.818020 -1.506271
#vw 00000000
v 7.709665 47.763850 -3.902505
#vw 00000000
v 7.511448 54.029950 -4.055492
#vw 00000000
v 4.984880 49.855540 -10.001000
#vw 00000000
v 2.950468 51.013600 -9.418539
#vw 00000000
v 5.983240 53.913250 -3.993369
#vw 00000000
v 7.511448 54.029950 -4.055492
#vw 00000000
v 2.950468 51.013600 -9.418539
#vw 00000000
v 5.983240 53.913250 -3.993369
#vw 00000000
v 2.950468 51.013600 -9.418539
#vw 00000000
v 2.070972 51.282920 -7.423012
#vw 00000000
v 5.321438 53.356650 -3.736756
#vw 00000000
v 5.983240 53.913250 -3.993369
#vw 00000000
v 2.070972 51.282920 -7.423012
#vw 00000000
v 6.913173 47.674090 -8.886034
#vw 00000000
v 4.984880 49.855540 -10.001000
#vw 00000000
v 7.511448 54.029950 -4.055492
#vw 00000000
v 8.559968 52.566670 -3.409449
#vw 00000000
v 6.913173 47.674090 -8.886034
#vw 00000000
v 7.511448 54.029950 -4.055492
#vw 00000000
v 8.559968 52.566670 -3.409449
#vw 00000000
v 7.511448 54.029950 -4.055492
#vw 00000000
v 8.514969 56.202440 0.091922
#vw 00000000
v 1.952659 44.002410 -13.299210
#vw 00000000
v -1.575870 37.861990 -13.863980
#vw 00000000
v -4.710798 38.759710 -13.204450
#vw 00000000
v -0.727959 45.815800 -12.782240
#vw 00000000
v 1.952659 44.002410 -13.299210
#vw 00000000
v -4.710798 38.759710 -13.204450
#vw 00000000
v -0.727959 45.815800 -12.782240
#vw 00000000
v -4.710798 38.759710 -13.204450
#vw 00000000
v -6.508758 39.953690 -11.033490
#vw 00000000
v -1.630314 47.512500 -10.103430
#vw 00000000
v -0.727959 45.815800 -12.782240
#vw 00000000
v -6.508758 39.953690 -11.033490
#vw 00000000
v -1.630314 47.512500 -10.103430
#vw 00000000
v -6.508758 39.953690 -11.033490
#vw 00000000
v -5.793116 42.808430 -7.374748
#vw 00000000
v -0.842206 48.742370 -7.262400
#vw 00000000
v -1.630314 47.512500 -10.103430
#vw 00000000
v -5.793116 42.808430 -7.374748
#vw 00000000
v -0.842206 48.742370 -7.262400
#vw 00000000
v -5.793116 42.808430 -7.374748
#vw 00000000
v -4.835361 44.496140 -3.964176
#vw 00000000
v 1.472764 48.921920 -4.546252
#vw 00000000
v -0.842206 48.742370 -7.262400
#vw 00000000
v -4.835361 44.496140 -3.964176
#vw 00000000
v 1.472764 48.921920 -4.546252
#vw 00000000
v -4.835361 44.496140 -3.964176
#vw 00000000
v 1.819912 46.031250 -2.339933
#vw 00000000
v 4.023904 48.607720 -2.706042
#vw 00000000
v 1.472764 48.921920 -4.546252
#vw 00000000
v 1.819912 46.031250 -2.339933
#vw 00000000
v 6.225031 42.072300 -6.007458
#vw 00000000
v 5.518293 39.980620 -9.250403
#vw 00000000
v 6.623410 43.391960 -8.762476
#vw 00000000
v 7.370915 44.271720 -5.716560
#vw 00000000
v 6.225031 42.072300 -6.007458
#vw 00000000
v 6.623410 43.391960 -8.762476
#vw 00000000
v 7.370915 44.271720 -5.716560
#vw 00000000
v 6.623410 43.391960 -8.762476
#vw 00000000
v 7.606451 47.117500 -7.322409
#vw 00000000
v 8.026530 47.368850 -5.211740
#vw 00000000
v 7.370915 44.271720 -5.716560
#vw 00000000
v 7.606451 47.117500 -7.322409
#vw 00000000
v 8.026530 47.368850 -5.211740
#vw 00000000
v 7.606451 47.117500 -7.322409
#vw 00000000
v 8.559192 51.983130 -3.095490
#vw 00000000
v 8.594545 51.282920 -2.845046
#vw 00000000
v 8.026530 47.368850 -5.211740
#vw 00000000
v 8.559192 51.983130 -3.095490
#vw 00000000
v 3.817832 50.861000 -3.926280
#vw 00000000
v 1.472764 48.921920 -4.546252
#vw 00000000
v 4.023904 48.607720 -2.706042
#vw 00000000
v 5.626280 50.457020 -2.455717
#vw 00000000
v 3.817832 50.861000 -3.926280
#vw 00000000
v 4.023904 48.607720 -2.706042
#vw 00000000
v 5.626280 50.457020 -2.455717
#vw 00000000
v 4.023904 48.607720 -2.706042
#vw 00000000
v 7.158031 45.429770 -4.103323
#vw 00000000
v 7.709665 47.763850 -3.902505
#vw 00000000
v 5.626280 50.457020 -2.455717
#vw 00000000
v 7.158031 45.429770 -4.103323
#vw 00000000
v 7.709665 47.763850 -3.902505
#vw 00000000
v 7.158031 45.429770 -4.103323
#vw 00000000
v 7.370915 44.271720 -5.716560
#vw 00000000
v 8.026530 47.368850 -5.211740
#vw 00000000
v 7.709665 47.763850 -3.902505
#vw 00000000
v 7.370915 44.271720 -5.716560
#vw 00000000
v -5.272815 48.302480 9.222375
#vw 00000000
v -4.210898 45.187400 11.194570
#vw 00000000
v -1.839305 47.521480 14.804310
#vw 00000000
v -2.284130 48.742370 13.989160
#vw 00000000
v -5.272815 48.302480 9.222375
#vw 00000000
v -1.839305 47.521480 14.804310
#vw 00000000
v -2.284130 48.742370 13.989160
#vw 00000000
v -1.839305 47.521480 14.804310
#vw 00000000
v 0.410526 49.990200 18.330170
#vw 00000000
v 3.510019 43.724110 11.463130
#vw 00000000
v 6.049663 43.849800 9.614737
#vw 00000000
v 4.685081 45.187400 11.015670
#vw 00000000
v 0.255684 44.038320 12.148610
#vw 00000000
v 3.510019 43.724110 11.463130
#vw 00000000
v 4.685081 45.187400 11.015670
#vw 00000000
v 0.255684 44.038320 12.148610
#vw 00000000
v 4.685081 45.187400 11.015670
#vw 00000000
v 2.444191 46.533980 14.561210
#vw 00000000
v 0.319344 46.731480 15.121940
#vw 00000000
v 0.255684 44.038320 12.148610
#vw 00000000
v 2.444191 46.533980 14.561210
#vw 00000000
v 0.319344 46.731480 15.121940
#vw 00000000
v 2.444191 46.533980 14.561210
#vw 00000000
v 0.410526 49.990200 18.330170
#vw 00000000
v -1.839305 47.521480 14.804310
#vw 00000000
v 0.319344 46.731480 15.121940
#vw 00000000
v 0.410526 49.990200 18.330170
#vw 00000000
v 2.444191 46.533980 14.561210
#vw 00000000
v 4.685081 45.187400 11.015670
#vw 00000000
v 5.661670 48.320450 9.002495
#vw 00000000
v 2.872089 48.742370 13.885480
#vw 00000000
v 2.444191 46.533980 14.561210
#vw 00000000
v 5.661670 48.320450 9.002495
#vw 00000000
v 2.872089 48.742370 13.885480
#vw 00000000
v 5.661670 48.320450 9.002495
#vw 00000000
v 3.785435 50.017140 7.517601
#vw 00000000
v 2.231362 49.765780 13.725690
#vw 00000000
v 2.872089 48.742370 13.885480
#vw 00000000
v 3.785435 50.017140 7.517601
#vw 00000000
v 0.293476 50.062020 13.913780
#vw 00000000
v 2.231362 49.765780 13.725690
#vw 00000000
v 3.785435 50.017140 7.517601
#vw 00000000
v 0.137266 50.834070 6.617735
#vw 00000000
v 0.293476 50.062020 13.913780
#vw 00000000
v 3.785435 50.017140 7.517601
#vw 00000000
v 0.137266 50.834070 6.617735
#vw 00000000
v 3.785435 50.017140 7.517601
#vw 00000000
v 4.953241 48.374290 2.879153
#vw 00000000
v 0.787654 48.966800 1.275474
#vw 00000000
v 0.137266 50.834070 6.617735
#vw 00000000
v 4.953241 48.374290 2.879153
#vw 00000000
v 0.787654 48.966800 1.275474
#vw 00000000
v 4.953241 48.374290 2.879153
#vw 00000000
v 6.083485 42.862300 -3.163426
#vw 00000000
v 1.819912 46.031250 -2.339933
#vw 00000000
v 0.787654 48.966800 1.275474
#vw 00000000
v 6.083485 42.862300 -3.163426
#vw 00000000
v 1.819912 46.031250 -2.339933
#vw 00000000
v -4.835361 44.496140 -3.964176
#vw 00000000
v -4.242855 47.997260 3.048379
#vw 00000000
v 0.787654 48.966800 1.275474
#vw 00000000
v 1.819912 46.031250 -2.339933
#vw 00000000
v -4.242855 47.997260 3.048379
#vw 00000000
v 0.787654 48.966800 1.275474
#vw 00000000
v -4.242855 47.997260 3.048379
#vw 00000000
v -3.469246 49.999180 7.663483
#vw 00000000
v 0.137266 50.834070 6.617735
#vw 00000000
v 0.787654 48.966800 1.275474
#vw 00000000
v -3.469246 49.999180 7.663483
#vw 00000000
v -4.242855 47.997260 3.048379
#vw 00000000
v -4.835361 44.496140 -3.964176
#vw 00000000
v -8.037800 45.124560 3.697644
#vw 00000000
v -6.532573 47.171360 6.414371
#vw 00000000
v -4.242855 47.997260 3.048379
#vw 00000000
v -8.037800 45.124560 3.697644
#vw 00000000
v -6.532573 47.171360 6.414371
#vw 00000000
v -8.037800 45.124560 3.697644
#vw 00000000
v -5.641766 43.849800 9.849837
#vw 00000000
v -3.568178 38.481420 -16.217740
#vw 00000000
v -2.763034 36.326890 -16.783330
#vw 00000000
v -4.085746 35.590770 -18.679630
#vw 00000000
v -5.510375 36.748820 -18.682380
#vw 00000000
v -3.568178 38.481420 -16.217740
#vw 00000000
v -4.085746 35.590770 -18.679630
#vw 00000000
v -5.510375 36.748820 -18.682380
#vw 00000000
v -4.085746 35.590770 -18.679630
#vw 00000000
v -5.271983 34.100540 -20.154850
#vw 00000000
v -6.686430 34.531440 -20.032220
#vw 00000000
v -5.510375 36.748820 -18.682380
#vw 00000000
v -5.271983 34.100540 -20.154850
#vw 00000000
v -8.037877 38.283920 -14.165710
#vw 00000000
v -5.974394 39.271420 -15.141190
#vw 00000000
v -7.649644 37.529840 -17.744620
#vw 00000000
v -9.434422 36.955290 -16.358770
#vw 00000000
v -8.037877 38.283920 -14.165710
#vw 00000000
v -7.649644 37.529840 -17.744620
#vw 00000000
v -9.434422 36.955290 -16.358770
#vw 00000000
v -7.649644 37.529840 -17.744620
#vw 00000000
v -8.605564 34.953370 -19.318660
#vw 00000000
v -10.073890 34.657130 -17.860690
#vw 00000000
v -9.434422 36.955290 -16.358770
#vw 00000000
v -8.605564 34.953370 -19.318660
#vw 00000000
v -4.242855 47.997260 3.048379
#vw 00000000
v -6.532573 47.171360 6.414371
#vw 00000000
v -5.272815 48.302480 9.222375
#vw 00000000
v -3.469246 49.999180 7.663483
#vw 00000000
v -4.242855 47.997260 3.048379
#vw 00000000
v -5.272815 48.302480 9.222375
#vw 00000000
v -3.469246 49.999180 7.663483
#vw 00000000
v -5.272815 48.302480 9.222375
#vw 00000000
v -2.284130 48.742370 13.989160
#vw 00000000
v -1.650792 49.765780 13.803750
#vw 00000000
v -3.469246 49.999180 7.663483
#vw 00000000
v -2.284130 48.742370 13.989160
#vw 00000000
v -1.650792 49.765780 13.803750
#vw 00000000
v -2.284130 48.742370 13.989160
#vw 00000000
v 0.410526 49.990200 18.330170
#vw 00000000
v -8.970093 35.716430 -13.581870
#vw 00000000
v -8.037877 38.283920 -14.165710
#vw 00000000
v -9.434422 36.955290 -16.358770
#vw 00000000
v -10.216450 34.791780 -15.063740
#vw 00000000
v -8.970093 35.716430 -13.581870
#vw 00000000
v -9.434422 36.955290 -16.358770
#vw 00000000
v -10.216450 34.791780 -15.063740
#vw 00000000
v -9.434422 36.955290 -16.358770
#vw 00000000
v -10.073890 34.657130 -17.860690
#vw 00000000
v -10.711110 33.561910 -16.105500
#vw 00000000
v -10.216450 34.791780 -15.063740
#vw 00000000
v -10.073890 34.657130 -17.860690
#vw 00000000
v 4.083625 38.777660 -10.422390
#vw 00000000
v 5.809049 39.585620 -14.930770
#vw 00000000
v 3.321353 40.151180 -15.908910
#vw 00000000
v 2.089976 39.549710 -12.838900
#vw 00000000
v 4.083625 38.777660 -10.422390
#vw 00000000
v 3.321353 40.151180 -15.908910
#vw 00000000
v 2.089976 39.549710 -12.838900
#vw 00000000
v 3.321353 40.151180 -15.908910
#vw 00000000
v 0.336835 39.594590 -16.979100
#vw 00000000
v -1.575870 37.861990 -13.863980
#vw 00000000
v 2.089976 39.549710 -12.838900
#vw 00000000
v 0.336835 39.594590 -16.979100
#vw 00000000
v 6.627542 33.005320 -16.273640
#vw 00000000
v 6.426109 30.294180 -17.627380
#vw 00000000
v 7.925427 29.997930 -19.038880
#vw 00000000
v 8.354110 32.906570 -17.226630
#vw 00000000
v 6.627542 33.005320 -16.273640
#vw 00000000
v 7.925427 29.997930 -19.038880
#vw 00000000
v 8.354110 32.906570 -17.226630
#vw 00000000
v 7.925427 29.997930 -19.038880
#vw 00000000
v 7.182374 30.563510 -20.475930
#vw 00000000
v 7.423230 34.594280 -19.381960
#vw 00000000
v 8.354110 32.906570 -17.226630
#vw 00000000
v 7.182374 30.563510 -20.475930
#vw 00000000
v 7.423230 34.594280 -19.381960
#vw 00000000
v 7.182374 30.563510 -20.475930
#vw 00000000
v 5.471083 30.805890 -21.610950
#vw 00000000
v 5.234073 35.097010 -20.774240
#vw 00000000
v 7.423230 34.594280 -19.381960
#vw 00000000
v 5.471083 30.805890 -21.610950
#vw 00000000
v 5.234073 35.097010 -20.774240
#vw 00000000
v 5.471083 30.805890 -21.610950
#vw 00000000
v 3.696332 30.626340 -21.857820
#vw 00000000
v 2.862723 34.854630 -21.221020
#vw 00000000
v 5.234073 35.097010 -20.774240
#vw 00000000
v 3.696332 30.626340 -21.857820
#vw 00000000
v 3.166998 26.802040 -20.316700
#vw 00000000
v 4.239745 27.322730 -19.239470
#vw 00000000
v 3.788563 30.222360 -19.301030
#vw 00000000
v 2.572350 30.015880 -20.775660
#vw 00000000
v 3.166998 26.802040 -20.316700
#vw 00000000
v 3.788563 30.222360 -19.301030
#vw 00000000
v 2.572350 30.015880 -20.775660
#vw 00000000
v 3.788563 30.222360 -19.301030
#vw 00000000
v 3.374813 32.691120 -18.664820
#vw 00000000
v 1.659994 33.328510 -19.964610
#vw 00000000
v 2.572350 30.015880 -20.775660
#vw 00000000
v 3.374813 32.691120 -18.664820
#vw 00000000
v 3.788563 30.222360 -19.301030
#vw 00000000
v 4.239745 27.322730 -19.239470
#vw 00000000
v 5.479595 27.412490 -18.762090
#vw 00000000
v 5.723849 30.303160 -18.209760
#vw 00000000
v 3.788563 30.222360 -19.301030
#vw 00000000
v 5.479595 27.412490 -18.762090
#vw 00000000
v 5.723849 30.303160 -18.209760
#vw 00000000
v 5.479595 27.412490 -18.762090
#vw 00000000
v 5.290783 27.035450 -18.475740
#vw 00000000
v 6.426109 30.294180 -17.627380
#vw 00000000
v 5.723849 30.303160 -18.209760
#vw 00000000
v 5.290783 27.035450 -18.475740
#vw 00000000
v 6.426109 30.294180 -17.627380
#vw 00000000
v 5.290783 27.035450 -18.475740
#vw 00000000
v 6.438426 26.577610 -19.503440
#vw 00000000
v 7.925427 29.997930 -19.038880
#vw 00000000
v 6.426109 30.294180 -17.627380
#vw 00000000
v 6.438426 26.577610 -19.503440
#vw 00000000
v 7.925427 29.997930 -19.038880
#vw 00000000
v 6.438426 26.577610 -19.503440
#vw 00000000
v 7.182374 30.563510 -20.475930
#vw 00000000
v 3.719560 22.528890 -18.671760
#vw 00000000
v 3.874816 27.008530 -21.225670
#vw 00000000
v 5.110570 27.017500 -21.289760
#vw 00000000
v 6.065860 26.748180 -20.445630
#vw 00000000
v 3.719560 22.528890 -18.671760
#vw 00000000
v 5.110570 27.017500 -21.289760
#vw 00000000
v 6.065860 26.748180 -20.445630
#vw 00000000
v 5.110570 27.017500 -21.289760
#vw 00000000
v 5.471083 30.805890 -21.610950
#vw 00000000
v 7.182374 30.563510 -20.475930
#vw 00000000
v 6.065860 26.748180 -20.445630
#vw 00000000
v 5.471083 30.805890 -21.610950
#vw 00000000
v 3.874816 27.008530 -21.225670
#vw 00000000
v 3.719560 22.528890 -18.671760
#vw 00000000
v 3.166998 26.802040 -20.316700
#vw 00000000
v 3.696332 30.626340 -21.857820
#vw 00000000
v 3.874816 27.008530 -21.225670
#vw 00000000
v 3.166998 26.802040 -20.316700
#vw 00000000
v 3.696332 30.626340 -21.857820
#vw 00000000
v 3.166998 26.802040 -20.316700
#vw 00000000
v 2.572350 30.015880 -20.775660
#vw 00000000
v 6.358331 34.477580 -14.839790
#vw 00000000
v 6.226311 35.034170 -13.651990
#vw 00000000
v 4.075866 35.123940 -14.636910
#vw 00000000
v 4.871707 34.199290 -15.987180
#vw 00000000
v 6.358331 34.477580 -14.839790
#vw 00000000
v 4.075866 35.123940 -14.636910
#vw 00000000
v 4.871707 34.199290 -15.987180
#vw 00000000
v 4.075866 35.123940 -14.636910
#vw 00000000
v 1.056605 34.881560 -16.279330
#vw 00000000
v 2.471130 34.064620 -17.799020
#vw 00000000
v 4.871707 34.199290 -15.987180
#vw 00000000
v 1.056605 34.881560 -16.279330
#vw 00000000
v 2.471130 34.064620 -17.799020
#vw 00000000
v 1.056605 34.881560 -16.279330
#vw 00000000
v -0.517874 37.188690 -16.977600
#vw 00000000
v 0.728853 36.048580 -18.980510
#vw 00000000
v 2.471130 34.064620 -17.799020
#vw 00000000
v -0.517874 37.188690 -16.977600
#vw 00000000
v 0.728853 36.048580 -18.980510
#vw 00000000
v -0.517874 37.188690 -16.977600
#vw 00000000
v 0.336835 39.594590 -16.979100
#vw 00000000
v 1.835288 38.131310 -19.481530
#vw 00000000
v 0.728853 36.048580 -18.980510
#vw 00000000
v 0.336835 39.594590 -16.979100
#vw 00000000
v 1.835288 38.131310 -19.481530
#vw 00000000
v 0.336835 39.594590 -16.979100
#vw 00000000
v 3.321353 40.151180 -15.908910
#vw 00000000
v 4.454190 38.517320 -18.678700
#vw 00000000
v 1.835288 38.131310 -19.481530
#vw 00000000
v 3.321353 40.151180 -15.908910
#vw 00000000
v 4.454190 38.517320 -18.678700
#vw 00000000
v 3.321353 40.151180 -15.908910
#vw 00000000
v 5.809049 39.585620 -14.930770
#vw 00000000
v 6.845026 37.296420 -17.321880
#vw 00000000
v 4.454190 38.517320 -18.678700
#vw 00000000
v 5.809049 39.585620 -14.930770
#vw 00000000
v 6.845026 37.296420 -17.321880
#vw 00000000
v 5.809049 39.585620 -14.930770
#vw 00000000
v 7.839852 36.802680 -14.280930
#vw 00000000
v 8.284628 35.249620 -15.569190
#vw 00000000
v 6.845026 37.296420 -17.321880
#vw 00000000
v 7.839852 36.802680 -14.280930
#vw 00000000
v 8.284628 35.249620 -15.569190
#vw 00000000
v 7.839852 36.802680 -14.280930
#vw 00000000
v 6.226311 35.034170 -13.651990
#vw 00000000
v 6.358331 34.477580 -14.839790
#vw 00000000
v 8.284628 35.249620 -15.569190
#vw 00000000
v 6.226311 35.034170 -13.651990
#vw 00000000
v 8.354110 32.906570 -17.226630
#vw 00000000
v 8.284628 35.249620 -15.569190
#vw 00000000
v 6.358331 34.477580 -14.839790
#vw 00000000
v 6.627542 33.005320 -16.273640
#vw 00000000
v 8.354110 32.906570 -17.226630
#vw 00000000
v 6.358331 34.477580 -14.839790
#vw 00000000
v 6.627542 33.005320 -16.273640
#vw 00000000
v 6.358331 34.477580 -14.839790
#vw 00000000
v 4.871707 34.199290 -15.987180
#vw 00000000
v 5.452391 32.816800 -17.231070
#vw 00000000
v 6.627542 33.005320 -16.273640
#vw 00000000
v 4.871707 34.199290 -15.987180
#vw 00000000
v 5.452391 32.816800 -17.231070
#vw 00000000
v 4.871707 34.199290 -15.987180
#vw 00000000
v 2.471130 34.064620 -17.799020
#vw 00000000
v 3.374813 32.691120 -18.664820
#vw 00000000
v 5.452391 32.816800 -17.231070
#vw 00000000
v 2.471130 34.064620 -17.799020
#vw 00000000
v 3.374813 32.691120 -18.664820
#vw 00000000
v 2.471130 34.064620 -17.799020
#vw 00000000
v 0.728853 36.048580 -18.980510
#vw 00000000
v 1.659994 33.328510 -19.964610
#vw 00000000
v 3.374813 32.691120 -18.664820
#vw 00000000
v 0.728853 36.048580 -18.980510
#vw 00000000
v 1.659994 33.328510 -19.964610
#vw 00000000
v 0.728853 36.048580 -18.980510
#vw 00000000
v 1.835288 38.131310 -19.481530
#vw 00000000
v 2.862723 34.854630 -21.221020
#vw 00000000
v 1.659994 33.328510 -19.964610
#vw 00000000
v 1.835288 38.131310 -19.481530
#vw 00000000
v 2.862723 34.854630 -21.221020
#vw 00000000
v 1.835288 38.131310 -19.481530
#vw 00000000
v 4.454190 38.517320 -18.678700
#vw 00000000
v 5.234073 35.097010 -20.774240
#vw 00000000
v 2.862723 34.854630 -21.221020
#vw 00000000
v 4.454190 38.517320 -18.678700
#vw 00000000
v 5.234073 35.097010 -20.774240
#vw 00000000
v 4.454190 38.517320 -18.678700
#vw 00000000
v 6.845026 37.296420 -17.321880
#vw 00000000
v 7.423230 34.594280 -19.381960
#vw 00000000
v 5.234073 35.097010 -20.774240
#vw 00000000
v 6.845026 37.296420 -17.321880
#vw 00000000
v 7.423230 34.594280 -19.381960
#vw 00000000
v 6.845026 37.296420 -17.321880
#vw 00000000
v 8.284628 35.249620 -15.569190
#vw 00000000
v 8.354110 32.906570 -17.226630
#vw 00000000
v 7.423230 34.594280 -19.381960
#vw 00000000
v 8.284628 35.249620 -15.569190
#vw 00000000
v -9.675311 32.727030 -13.952270
#vw 00000000
v -11.431980 28.848850 -13.705030
#vw 00000000
v -14.473880 30.985430 -14.303140
#vw 00000000
v -12.441980 37.278470 -15.003280
#vw 00000000
v -9.675311 32.727030 -13.952270
#vw 00000000
v -14.473880 30.985430 -14.303140
#vw 00000000
v -12.441980 37.278470 -15.003280
#vw 00000000
v -14.473880 30.985430 -14.303140
#vw 00000000
v -17.154470 32.430780 -12.734460
#vw 00000000
v -14.944470 39.082880 -12.119620
#vw 00000000
v -12.441980 37.278470 -15.003280
#vw 00000000
v -17.154470 32.430780 -12.734460
#vw 00000000
v -14.944470 39.082880 -12.119620
#vw 00000000
v -17.154470 32.430780 -12.734460
#vw 00000000
v -18.174660 32.062710 -9.605916
#vw 00000000
v -16.289920 39.379140 -8.074100
#vw 00000000
v -14.944470 39.082880 -12.119620
#vw 00000000
v -18.174660 32.062710 -9.605916
#vw 00000000
v -16.289920 39.379140 -8.074100
#vw 00000000
v -18.174660 32.062710 -9.605916
#vw 00000000
v -17.329590 29.881250 -5.855587
#vw 00000000
v -16.170240 37.673470 -3.885368
#vw 00000000
v -16.289920 39.379140 -8.074100
#vw 00000000
v -17.329590 29.881250 -5.855587
#vw 00000000
v -7.521782 34.702010 -12.472950
#vw 00000000
v -9.675311 32.727030 -13.952270
#vw 00000000
v -12.441980 37.278470 -15.003280
#vw 00000000
v -8.922980 40.124240 -12.782260
#vw 00000000
v -7.521782 34.702010 -12.472950
#vw 00000000
v -12.441980 37.278470 -15.003280
#vw 00000000
v -8.922980 40.124240 -12.782260
#vw 00000000
v -12.441980 37.278470 -15.003280
#vw 00000000
v -14.944470 39.082880 -12.119620
#vw 00000000
v -10.209570 43.140600 -10.189910
#vw 00000000
v -8.922980 40.124240 -12.782260
#vw 00000000
v -14.944470 39.082880 -12.119620
#vw 00000000
v -10.209570 43.140600 -10.189910
#vw 00000000
v -14.944470 39.082880 -12.119620
#vw 00000000
v -16.289920 39.379140 -8.074100
#vw 00000000
v -11.047470 44.056260 -6.601960
#vw 00000000
v -10.209570 43.140600 -10.189910
#vw 00000000
v -16.289920 39.379140 -8.074100
#vw 00000000
v -11.047470 44.056260 -6.601960
#vw 00000000
v -16.289920 39.379140 -8.074100
#vw 00000000
v -16.170240 37.673470 -3.885368
#vw 00000000
v -10.851070 42.987980 -2.681617
#vw 00000000
v -11.047470 44.056260 -6.601960
#vw 00000000
v -16.170240 37.673470 -3.885368
#vw 00000000
v 6.083485 42.862300 -3.163426
#vw 00000000
v 4.953241 48.374290 2.879153
#vw 00000000
v 8.128521 44.918080 3.403951
#vw 00000000
v 8.128521 44.918080 3.403951
#vw 00000000
v 4.953241 48.374290 2.879153
#vw 00000000
v 6.837625 47.216240 6.145514
#vw 00000000
v 6.837625 47.216240 6.145514
#vw 00000000
v 4.953241 48.374290 2.879153
#vw 00000000
v 5.661670 48.320450 9.002495
#vw 00000000
v 5.661670 48.320450 9.002495
#vw 00000000
v 4.953241 48.374290 2.879153
#vw 00000000
v 3.785435 50.017140 7.517601
#vw 00000000
v 8.128521 44.918080 3.403951
#vw 00000000
v 6.837625 47.216240 6.145514
#vw 00000000
v 6.049663 43.849800 9.614737
#vw 00000000
v 6.049663 43.849800 9.614737
#vw 00000000
v 6.837625 47.216240 6.145514
#vw 00000000
v 4.685081 45.187400 11.015670
#vw 00000000
v 4.685081 45.187400 11.015670
#vw 00000000
v 6.837625 47.216240 6.145514
#vw 00000000
v 5.661670 48.320450 9.002495
#vw 00000000
v 0.255684 44.038320 12.148610
#vw 00000000
v -4.210898 45.187400 11.194570
#vw 00000000
v -3.017696 43.724110 11.594400
#vw 00000000
v -3.017696 43.724110 11.594400
#vw 00000000
v -4.210898 45.187400 11.194570
#vw 00000000
v -5.641766 43.849800 9.849837
#vw 00000000
v -5.641766 43.849800 9.849837
#vw 00000000
v -4.210898 45.187400 11.194570
#vw 00000000
v -6.532573 47.171360 6.414371
#vw 00000000
v -6.532573 47.171360 6.414371
#vw 00000000
v -4.210898 45.187400 11.194570
#vw 00000000
v -5.272815 48.302480 9.222375
#vw 00000000
v 0.410526 49.990200 18.330170
#vw 00000000
v 0.293476 50.062020 13.913780
#vw 00000000
v -1.650792 49.765780 13.803750
#vw 00000000
v -1.650792 49.765780 13.803750
#vw 00000000
v 0.293476 50.062020 13.913780
#vw 00000000
v -3.469246 49.999180 7.663483
#vw 00000000
v -3.469246 49.999180 7.663483
#vw 00000000
v 0.293476 50.062020 13.913780
#vw 00000000
v 0.137266 50.834070 6.617735
#vw 00000000
v 8.594545 51.282920 -2.845046
#vw 00000000
v 8.559192 51.983130 -3.095490
#vw 00000000
v 8.514969 56.202440 0.091922
#vw 00000000
v 8.514969 56.202440 0.091922
#vw 00000000
v 8.559192 51.983130 -3.095490
#vw 00000000
v 8.559968 52.566670 -3.409449
#vw 00000000
v 8.559968 52.566670 -3.409449
#vw 00000000
v 8.559192 51.983130 -3.095490
#vw 00000000
v 6.913173 47.674090 -8.886034
#vw 00000000
v 6.913173 47.674090 -8.886034
#vw 00000000
v 8.559192 51.983130 -3.095490
#vw 00000000
v 7.606451 47.117500 -7.322409
#vw 00000000
v 2.950468 51.013600 -9.418539
#vw 00000000
v 4.984880 49.855540 -10.001000
#vw 00000000
v -0.727959 45.815800 -12.782240
#vw 00000000
v -0.727959 45.815800 -12.782240
#vw 00000000
v 4.984880 49.855540 -10.001000
#vw 00000000
v 1.952659 44.002410 -13.299210
#vw 00000000
v 1.952659 44.002410 -13.299210
#vw 00000000
v 4.984880 49.855540 -10.001000
#vw 00000000
v 4.682427 43.203440 -11.870720
#vw 00000000
v 4.682427 43.203440 -11.870720
#vw 00000000
v 4.984880 49.855540 -10.001000
#vw 00000000
v 6.913173 47.674090 -8.886034
#vw 00000000
v 8.026530 47.368850 -5.211740
#vw 00000000
v 8.594545 51.282920 -2.845046
#vw 00000000
v 7.709665 47.763850 -3.902505
#vw 00000000
v 7.709665 47.763850 -3.902505
#vw 00000000
v 8.594545 51.282920 -2.845046
#vw 00000000
v 7.859579 50.537820 -2.853811
#vw 00000000
v 7.859579 50.537820 -2.853811
#vw 00000000
v 8.594545 51.282920 -2.845046
#vw 00000000
v 6.808756 52.818020 -1.506271
#vw 00000000
v 6.808756 52.818020 -1.506271
#vw 00000000
v 8.594545 51.282920 -2.845046
#vw 00000000
v 8.514969 56.202440 0.091922
#vw 00000000
v 2.089976 39.549710 -12.838900
#vw 00000000
v 4.682427 43.203440 -11.870720
#vw 00000000
v 5.518293 39.980620 -9.250403
#vw 00000000
v 5.518293 39.980620 -9.250403
#vw 00000000
v 4.682427 43.203440 -11.870720
#vw 00000000
v 6.623410 43.391960 -8.762476
#vw 00000000
v 6.623410 43.391960 -8.762476
#vw 00000000
v 4.682427 43.203440 -11.870720
#vw 00000000
v 7.606451 47.117500 -7.322409
#vw 00000000
v 7.606451 47.117500 -7.322409
#vw 00000000
v 4.682427 43.203440 -11.870720
#vw 00000000
v 6.913173 47.674090 -8.886034
#vw 00000000
v -14.130270 37.718370 16.103180
#vw 00000000
v -11.114420 39.926740 15.485290
#vw 00000000
v -14.499480 40.330730 12.515960
#vw 00000000
v -14.499480 40.330730 12.515960
#vw 00000000
v -11.114420 39.926740 15.485290
#vw 00000000
v -10.854560 43.014910 11.163350
#vw 00000000
v -10.854560 43.014910 11.163350
#vw 00000000
v -11.114420 39.926740 15.485290
#vw 00000000
v -5.641766 43.849800 9.849837
#vw 00000000
v -5.641766 43.849800 9.849837
#vw 00000000
v -11.114420 39.926740 15.485290
#vw 00000000
v -5.866206 40.267890 14.775420
#vw 00000000
v 8.907161 34.190310 20.160720
#vw 00000000
v 9.823315 36.353820 19.176920
#vw 00000000
v 7.326402 35.357350 18.819010
#vw 00000000
v 7.326402 35.357350 18.819010
#vw 00000000
v 9.823315 36.353820 19.176920
#vw 00000000
v 6.453080 39.783120 14.449190
#vw 00000000
v 6.453080 39.783120 14.449190
#vw 00000000
v 9.823315 36.353820 19.176920
#vw 00000000
v 11.805460 40.393560 15.102880
#vw 00000000
v 11.805460 40.393560 15.102880
#vw 00000000
v 9.823315 36.353820 19.176920
#vw 00000000
v 12.527960 38.265960 18.031560
#vw 00000000
v 13.180790 24.476970 -12.410480
#vw 00000000
v 14.622110 18.292150 -10.650070
#vw 00000000
v 14.425200 25.096390 -10.669570
#vw 00000000
v 14.425200 25.096390 -10.669570
#vw 00000000
v 14.622110 18.292150 -10.650070
#vw 00000000
v 15.812250 25.419570 -8.570504
#vw 00000000
v 15.812250 25.419570 -8.570504
#vw 00000000
v 14.622110 18.292150 -10.650070
#vw 00000000
v 16.683470 25.608100 -7.449980
#vw 00000000
v -8.922980 40.124240 -12.782260
#vw 00000000
v -10.209570 43.140600 -10.189910
#vw 00000000
v -6.508758 39.953690 -11.033490
#vw 00000000
v -6.508758 39.953690 -11.033490
#vw 00000000
v -10.209570 43.140600 -10.189910
#vw 00000000
v -5.793116 42.808430 -7.374748
#vw 00000000
v -5.793116 42.808430 -7.374748
#vw 00000000
v -10.209570 43.140600 -10.189910
#vw 00000000
v -4.835361 44.496140 -3.964176
#vw 00000000
v -4.835361 44.496140 -3.964176
#vw 00000000
v -10.209570 43.140600 -10.189910
#vw 00000000
v -11.047470 44.056260 -6.601960
#vw 00000000
v -11.989190 33.741460 -10.664280
#vw 00000000
v -12.391170 30.617390 -11.229130
#vw 00000000
v -14.573710 34.971330 -7.410088
#vw 00000000
v -14.573710 34.971330 -7.410088
#vw 00000000
v -12.391170 30.617390 -11.229130
#vw 00000000
v -15.703040 31.820330 -7.277493
#vw 00000000
v -15.703040 31.820330 -7.277493
#vw 00000000
v -12.391170 30.617390 -11.229130
#vw 00000000
v -15.237970 26.460930 -6.917959
#vw 00000000
v -17.116180 35.590770 8.314648
#vw 00000000
v -15.202440 40.321750 -1.055797
#vw 00000000
v -18.380050 34.926450 1.111522
#vw 00000000
v -18.380050 34.926450 1.111522
#vw 00000000
v -15.202440 40.321750 -1.055797
#vw 00000000
v -17.470360 33.337480 -3.325521
#vw 00000000
v -17.470360 33.337480 -3.325521
#vw 00000000
v -15.202440 40.321750 -1.055797
#vw 00000000
v -14.810240 38.499370 -4.799606
#vw 00000000
v -15.836880 15.472820 2.229838
#vw 00000000
v -12.575390 15.041920 13.434820
#vw 00000000
v -15.554590 15.526690 4.908378
#vw 00000000
v -15.554590 15.526690 4.908378
#vw 00000000
v -12.575390 15.041920 13.434820
#vw 00000000
v -13.843730 16.729640 11.976940
#vw 00000000
v -13.843730 16.729640 11.976940
#vw 00000000
v -12.575390 15.041920 13.434820
#vw 00000000
v -14.349690 20.069180 15.660230
#vw 00000000
v -14.349690 20.069180 15.660230
#vw 00000000
v -12.575390 15.041920 13.434820
#vw 00000000
v -13.851930 21.792800 15.446170
#vw 00000000
v -13.843730 16.729640 11.976940
#vw 00000000
v -14.339650 14.269880 12.277310
#vw 00000000
v -15.554590 15.526690 4.908378
#vw 00000000
v -15.554590 15.526690 4.908378
#vw 00000000
v -14.339650 14.269880 12.277310
#vw 00000000
v -15.531200 13.919770 8.102278
#vw 00000000
v -15.531200 13.919770 8.102278
#vw 00000000
v -14.339650 14.269880 12.277310
#vw 00000000
v -14.841820 8.111521 12.985930
#vw 00000000
v -14.841820 8.111521 12.985930
#vw 00000000
v -14.339650 14.269880 12.277310
#vw 00000000
v -15.046810 14.934200 14.967890
#vw 00000000
v -17.667140 14.018520 8.145228
#vw 00000000
v -14.841820 8.111521 12.985930
#vw 00000000
v -18.023900 14.287840 10.742440
#vw 00000000
v -18.023900 14.287840 10.742440
#vw 00000000
v -14.841820 8.111521 12.985930
#vw 00000000
v -16.842510 14.880330 13.041860
#vw 00000000
v -16.842510 14.880330 13.041860
#vw 00000000
v -14.841820 8.111521 12.985930
#vw 00000000
v -15.836210 15.068860 14.167510
#vw 00000000
v 18.596110 27.744670 -3.564153
#vw 00000000
v 14.912420 26.460930 -7.524246
#vw 00000000
v 16.171410 32.906570 -4.402291
#vw 00000000
v 16.171410 32.906570 -4.402291
#vw 00000000
v 14.912420 26.460930 -7.524246
#vw 00000000
v 14.220380 31.407370 -8.679774
#vw 00000000
v 14.220380 31.407370 -8.679774
#vw 00000000
v 14.912420 26.460930 -7.524246
#vw 00000000
v 11.560710 30.455800 -12.087510
#vw 00000000
v 17.030520 23.175290 14.362080
#vw 00000000
v 16.419970 15.068860 13.511030
#vw 00000000
v 19.242840 23.920380 11.233110
#vw 00000000
v 19.242840 23.920380 11.233110
#vw 00000000
v 16.419970 15.068860 13.511030
#vw 00000000
v 17.369730 14.880330 12.346040
#vw 00000000
v 17.369730 14.880330 12.346040
#vw 00000000
v 16.419970 15.068860 13.511030
#vw 00000000
v 15.376030 8.111521 12.378290
#vw 00000000
v 15.376030 8.111521 12.378290
#vw 00000000
v 16.419970 15.068860 13.511030
#vw 00000000
v 15.665340 14.934200 14.334620
#vw 00000000
v 11.400910 6.163464 4.962833
#vw 00000000
v 7.581908 5.122099 5.188755
#vw 00000000
v 14.613880 12.103210 2.014064
#vw 00000000
v 14.613880 12.103210 2.014064
#vw 00000000
v 7.581908 5.122099 5.188755
#vw 00000000
v 8.656615 8.798553 2.229957
#vw 00000000
v 8.656615 8.798553 2.229957
#vw 00000000
v 7.581908 5.122099 5.188755
#vw 00000000
v 2.887262 6.307087 4.788693
#vw 00000000
v 2.887262 6.307087 4.788693
#vw 00000000
v 7.581908 5.122099 5.188755
#vw 00000000
v 3.648621 3.999949 7.080869
#vw 00000000
v 10.557090 5.301650 8.974731
#vw 00000000
v 8.354004 4.745066 9.733252
#vw 00000000
v 6.992723 0.032022 6.385736
#vw 00000000
v 6.992723 0.032022 6.385736
#vw 00000000
v 8.354004 4.745066 9.733252
#vw 00000000
v 3.648621 3.999949 7.080869
#vw 00000000
v 3.648621 3.999949 7.080869
#vw 00000000
v 8.354004 4.745066 9.733252
#vw 00000000
v 2.887262 6.307087 4.788693
#vw 00000000
v 2.887262 6.307087 4.788693
#vw 00000000
v 8.354004 4.745066 9.733252
#vw 00000000
v 9.626643 7.985836 11.041910
#vw 00000000
v 14.613880 12.103210 2.014064
#vw 00000000
v 13.028420 9.763324 10.588930
#vw 00000000
v 11.400910 6.163464 4.962833
#vw 00000000
v 11.400910 6.163464 4.962833
#vw 00000000
v 13.028420 9.763324 10.588930
#vw 00000000
v 10.557090 5.301650 8.974731
#vw 00000000
v 10.557090 5.301650 8.974731
#vw 00000000
v 13.028420 9.763324 10.588930
#vw 00000000
v 8.354004 4.745066 9.733252
#vw 00000000
v 8.354004 4.745066 9.733252
#vw 00000000
v 13.028420 9.763324 10.588930
#vw 00000000
v 9.626643 7.985836 11.041910
#vw 00000000
v -3.358742 3.999955 7.221776
#vw 00000000
v -7.369630 5.122099 5.489408
#vw 00000000
v -2.696146 6.307087 4.900971
#vw 00000000
v -2.696146 6.307087 4.900971
#vw 00000000
v -7.369630 5.122099 5.489408
#vw 00000000
v -8.382548 8.461617 3.704605
#vw 00000000
v -8.382548 8.461617 3.704605
#vw 00000000
v -7.369630 5.122099 5.489408
#vw 00000000
v -14.270730 12.214100 2.889020
#vw 00000000
v -14.270730 12.214100 2.889020
#vw 00000000
v -7.369630 5.122099 5.489408
#vw 00000000
v -11.195020 6.163464 5.417211
#vw 00000000
v -9.162079 7.985836 11.419730
#vw 00000000
v -7.946547 4.745066 10.061040
#vw 00000000
v -2.696146 6.307087 4.900971
#vw 00000000
v -2.696146 6.307087 4.900971
#vw 00000000
v -7.946547 4.745066 10.061040
#vw 00000000
v -3.358742 3.999955 7.221776
#vw 00000000
v -3.358742 3.999955 7.221776
#vw 00000000
v -7.946547 4.745066 10.061040
#vw 00000000
v -6.729717 0.032025 6.661678
#vw 00000000
v -6.729717 0.032025 6.661678
#vw 00000000
v -7.946547 4.745066 10.061040
#vw 00000000
v -10.172710 5.301650 9.391580
#vw 00000000
v -7.577514 9.915929 15.390650
#vw 00000000
v 0.336309 6.971418 15.914330
#vw 00000000
v -9.833543 13.372160 17.178380
#vw 00000000
v -9.833543 13.372160 17.178380
#vw 00000000
v 0.336309 6.971418 15.914330
#vw 00000000
v 0.349073 8.362886 16.510560
#vw 00000000
v 0.349073 8.362886 16.510560
#vw 00000000
v 0.336309 6.971418 15.914330
#vw 00000000
v 10.551510 13.372160 16.768470
#vw 00000000
v 10.551510 13.372160 16.768470
#vw 00000000
v 0.336309 6.971418 15.914330
#vw 00000000
v 8.213411 9.915929 15.073110
#vw 00000000
v -6.079825 24.988690 23.358220
#vw 00000000
v 0.569280 19.458730 26.795620
#vw 00000000
v -1.807766 27.035500 24.331860
#vw 00000000
v -1.807766 27.035500 24.331860
#vw 00000000
v 0.569280 19.458730 26.795620
#vw 00000000
v 0.521073 28.453890 24.544040
#vw 00000000
v 0.521073 28.453890 24.544040
#vw 00000000
v 0.569280 19.458730 26.795620
#vw 00000000
v 2.856503 27.439480 24.363650
#vw 00000000
v 2.856503 27.439480 24.363650
#vw 00000000
v 0.569280 19.458730 26.795620
#vw 00000000
v 7.040532 24.593680 22.976650
#vw 00000000
v 3.510019 43.724110 11.463130
#vw 00000000
v 3.569839 41.273320 15.307730
#vw 00000000
v 6.049663 43.849800 9.614737
#vw 00000000
v 6.049663 43.849800 9.614737
#vw 00000000
v 3.569839 41.273320 15.307730
#vw 00000000
v 6.453080 39.783120 14.449190
#vw 00000000
v 6.453080 39.783120 14.449190
#vw 00000000
v 3.569839 41.273320 15.307730
#vw 00000000
v 7.326402 35.357350 18.819010
#vw 00000000
v 7.326402 35.357350 18.819010
#vw 00000000
v 3.569839 41.273320 15.307730
#vw 00000000
v 3.539118 36.829610 19.475960
#vw 00000000
v 3.510019 43.724110 11.463130
#vw 00000000
v 0.255684 44.038320 12.148610
#vw 00000000
v 3.569839 41.273320 15.307730
#vw 00000000
v 3.569839 41.273320 15.307730
#vw 00000000
v 0.255684 44.038320 12.148610
#vw 00000000
v 0.329926 41.686290 15.616190
#vw 00000000
v 0.329926 41.686290 15.616190
#vw 00000000
v 0.255684 44.038320 12.148610
#vw 00000000
v -2.935392 41.273320 15.438540
#vw 00000000
v -2.935392 41.273320 15.438540
#vw 00000000
v 0.255684 44.038320 12.148610
#vw 00000000
v -3.017696 43.724110 11.594400
#vw 00000000
v 0.329926 41.686290 15.616190
#vw 00000000
v -2.935392 41.273320 15.438540
#vw 00000000
v 0.414918 37.529850 19.585870
#vw 00000000
v 0.414918 37.529850 19.585870
#vw 00000000
v -2.935392 41.273320 15.438540
#vw 00000000
v -2.726289 36.829610 19.601950
#vw 00000000
v -2.726289 36.829610 19.601950
#vw 00000000
v -2.935392 41.273320 15.438540
#vw 00000000
v -6.502976 34.899510 19.002910
#vw 00000000
v -6.502976 34.899510 19.002910
#vw 00000000
v -2.935392 41.273320 15.438540
#vw 00000000
v -5.866206 40.267890 14.775420
#vw 00000000
v 10.893790 19.171450 18.747270
#vw 00000000
v 5.516996 10.454580 19.404800
#vw 00000000
v 10.551510 13.372160 16.768470
#vw 00000000
v 10.551510 13.372160 16.768470
#vw 00000000
v 5.516996 10.454580 19.404800
#vw 00000000
v 6.856344 9.152872 17.525610
#vw 00000000
v 6.856344 9.152872 17.525610
#vw 00000000
v 5.516996 10.454580 19.404800
#vw 00000000
v 0.379979 4.269280 17.954080
#vw 00000000
v 0.379979 4.269280 17.954080
#vw 00000000
v 5.516996 10.454580 19.404800
#vw 00000000
v 0.449014 11.379240 21.178470
#vw 00000000
v -2.763034 36.326890 -16.783330
#vw 00000000
v -3.568178 38.481420 -16.217740
#vw 00000000
v -1.609064 35.887000 -15.064150
#vw 00000000
v -1.609064 35.887000 -15.064150
#vw 00000000
v -3.568178 38.481420 -16.217740
#vw 00000000
v -1.575870 37.861990 -13.863980
#vw 00000000
v -1.575870 37.861990 -13.863980
#vw 00000000
v -3.568178 38.481420 -16.217740
#vw 00000000
v -4.710798 38.759710 -13.204450
#vw 00000000
v -4.710798 38.759710 -13.204450
#vw 00000000
v -3.568178 38.481420 -16.217740
#vw 00000000
v -5.974394 39.271420 -15.141190
#vw 00000000
v -6.105281 31.685660 -20.554070
#vw 00000000
v -7.556023 31.811340 -20.375780
#vw 00000000
v -5.271983 34.100540 -20.154850
#vw 00000000
v -5.271983 34.100540 -20.154850
#vw 00000000
v -7.556023 31.811340 -20.375780
#vw 00000000
v -6.686430 34.531440 -20.032220
#vw 00000000
v -6.686430 34.531440 -20.032220
#vw 00000000
v -7.556023 31.811340 -20.375780
#vw 00000000
v -8.605564 34.953370 -19.318660
#vw 00000000
v -8.605564 34.953370 -19.318660
#vw 00000000
v -7.556023 31.811340 -20.375780
#vw 00000000
v -9.041823 32.026810 -19.733700
#vw 00000000
v -8.285861 28.965550 -18.744300
#vw 00000000
v -8.565509 31.622820 -18.848550
#vw 00000000
v -8.542666 28.866800 -17.781600
#vw 00000000
v -8.542666 28.866800 -17.781600
#vw 00000000
v -8.565509 31.622820 -18.848550
#vw 00000000
v -9.083989 31.488160 -17.150670
#vw 00000000
v -9.083989 31.488160 -17.150670
#vw 00000000
v -8.565509 31.622820 -18.848550
#vw 00000000
v -8.894819 33.615760 -16.369630
#vw 00000000
v -8.894819 33.615760 -16.369630
#vw 00000000
v -8.565509 31.622820 -18.848550
#vw 00000000
v -7.851387 34.199290 -18.062360
#vw 00000000
v -6.765509 28.489760 -19.873660
#vw 00000000
v -7.447900 23.651040 -17.426890
#vw 00000000
v -7.911329 28.615460 -19.811380
#vw 00000000
v -7.911329 28.615460 -19.811380
#vw 00000000
v -7.447900 23.651040 -17.426890
#vw 00000000
v -9.066761 28.543620 -19.497740
#vw 00000000
v -9.066761 28.543620 -19.497740
#vw 00000000
v -7.447900 23.651040 -17.426890
#vw 00000000
v -9.737107 28.426920 -18.589540
#vw 00000000
v -9.737107 28.426920 -18.589540
#vw 00000000
v -7.447900 23.651040 -17.426890
#vw 00000000
v -9.974385 28.346120 -17.415320
#vw 00000000
v -0.517874 37.188690 -16.977600
#vw 00000000
v 1.056605 34.881560 -16.279330
#vw 00000000
v -1.609064 35.887000 -15.064150
#vw 00000000
v -1.609064 35.887000 -15.064150
#vw 00000000
v 1.056605 34.881560 -16.279330
#vw 00000000
v -1.447352 33.938950 -14.164820
#vw 00000000
v -1.447352 33.938950 -14.164820
#vw 00000000
v 1.056605 34.881560 -16.279330
#vw 00000000
v 3.186499 33.813270 -13.802780
#vw 00000000
v 3.186499 33.813270 -13.802780
#vw 00000000
v 1.056605 34.881560 -16.279330
#vw 00000000
v 4.075866 35.123940 -14.636910
#vw 00000000
v 3.788563 30.222360 -19.301030
#vw 00000000
v 5.723849 30.303160 -18.209760
#vw 00000000
v 3.374813 32.691120 -18.664820
#vw 00000000
v 3.374813 32.691120 -18.664820
#vw 00000000
v 5.723849 30.303160 -18.209760
#vw 00000000
v 5.452391 32.816800 -17.231070
#vw 00000000
v 5.452391 32.816800 -17.231070
#vw 00000000
v 5.723849 30.303160 -18.209760
#vw 00000000
v 6.627542 33.005320 -16.273640
#vw 00000000
v 6.627542 33.005320 -16.273640
#vw 00000000
v 5.723849 30.303160 -18.209760
#vw 00000000
v 6.426109 30.294180 -17.627380
#vw 00000000
v 0.099305 5.122099 4.844754
#vw 00000000
v 0.137769 2.267354 6.641312
#vw 00000000
v -6.214580 4.655297 10.410790
#vw 00000000
v -6.214580 4.655297 10.410790
#vw 00000000
v 0.137769 2.267354 6.641312
#vw 00000000
v -3.809371 1.926218 9.287174
#vw 00000000
v -3.809371 1.926218 9.287174
#vw 00000000
v 0.137769 2.267354 6.641312
#vw 00000000
v 0.152719 -0.713082 7.339533
#vw 00000000
v -10.135810 24.566770 20.920380
#vw 00000000
v 0.472531 20.284630 22.276780
#vw 00000000
v -7.424262 23.193250 22.898630
#vw 00000000
v -7.424262 23.193250 22.898630
#vw 00000000
v 0.472531 20.284630 22.276780
#vw 00000000
v 0.569280 19.458730 26.795620
#vw 00000000
v 0.569280 19.458730 26.795620
#vw 00000000
v 0.472531 20.284630 22.276780
#vw 00000000
v 8.396640 23.193250 22.580500
#vw 00000000
v 8.396640 23.193250 22.580500
#vw 00000000
v 0.472531 20.284630 22.276780
#vw 00000000
v 11.005850 24.557790 20.479550
#vw 00000000
v 12.119110 25.895540 -12.576430
#vw 00000000
v 6.907873 25.936820 -14.873650
#vw 00000000
v 11.896100 28.588530 -12.180590
#vw 00000000
v 11.896100 28.588530 -12.180590
#vw 00000000
v 6.958104 25.871280 -14.862570
#vw 00000000
v 6.775633 29.288730 -14.259530
#vw 00000000
v 6.775633 29.288730 -14.259530
#vw 00000000
v 7.040085 25.863270 -14.811780
#vw 00000000
v -0.343965 28.768050 -15.858740
#vw 00000000
v -0.343965 28.768050 -15.858740
#vw 00000000
v 7.023346 25.941130 -14.841530
#vw 00000000
v -0.485604 25.710530 -16.542260
#vw 00000000
v -0.394980 25.732590 -16.528640
#vw 00000000
v -6.438013 26.406580 -14.872080
#vw 00000000
v -0.343965 28.768050 -15.858740
#vw 00000000
v -0.343965 28.768050 -15.858740
#vw 00000000
v -6.402188 26.406580 -14.898100
#vw 00000000
v -7.388984 29.288730 -13.974690
#vw 00000000
v -7.388984 29.288730 -13.974690
#vw 00000000
v -6.378306 26.406580 -14.915460
#vw 00000000
v -12.423560 28.588530 -11.691550
#vw 00000000
v -12.423560 28.588530 -11.691550
#vw 00000000
v -6.355474 26.428950 -14.919280
#vw 00000000
v -12.339150 25.610410 -12.646440
#vw 00000000
v 14.905030 12.725790 -0.515307
#vw 00000000
v 12.610010 11.118880 -1.599353
#vw 00000000
v 14.285380 11.109900 -1.091490
#vw 00000000
v 12.610010 11.118880 -1.599353
#vw 00000000
v 15.369520 19.719050 -0.532504
#vw 00000000
v 15.056040 21.667090 -0.816599
#vw 00000000
v 14.905030 12.725790 -0.515307
#vw 00000000
v 15.369520 19.719050 -0.532504
#vw 00000000
v 12.610010 11.118880 -1.599353
#vw 00000000
v 12.659870 9.892379 -4.375609
#vw 00000000
v 15.370690 11.468980 -3.279522
#vw 00000000
v 15.259340 11.190690 -2.877005
#vw 00000000
v 12.659870 9.892379 -4.375609
#vw 00000000
v 12.540130 11.271480 -4.862956
#vw 00000000
v 15.370690 11.468980 -3.279522
#vw 00000000
v -0.178100 -1.278255 -6.353874
#vw 00000000
v 3.717340 -0.199756 0.193742
#vw 00000000
v -3.604792 -0.199756 0.340982
#vw 00000000
v -3.604792 -0.199756 0.340982
#vw 00000000
v -3.671307 -0.567820 -2.765718
#vw 00000000
v -0.178100 -1.278255 -6.353874
#vw 00000000
v -0.178100 -1.278255 -6.353874
#vw 00000000
v 3.584556 -0.701417 -3.180934
#vw 00000000
v 3.717340 -0.199756 0.193742
#vw 00000000
v 3.717340 -0.199756 0.193742
#vw 00000000
v 0.009270 -1.095277 2.070319
#vw 00000000
v -3.604792 -0.199756 0.340982
#vw 00000000
v 12.290870 24.279450 -13.703300
#vw 00000000
v 14.622110 18.292150 -10.650070
#vw 00000000
v 13.180790 24.476970 -12.410480
#vw 00000000

vt 0.336381 0.758947
vt 0.347981 0.748331
vt 0.334645 0.751344
vt 0.355326 0.717048
vt 0.366947 0.725091
vt 0.357993 0.725091
vt 0.355326 0.717048
vt 0.358546 0.653313
vt 0.331168 0.650845
vt 0.185910 0.570719
vt 0.185910 0.570719
vt 0.099930 0.587126
vt 0.217826 0.438237
vt 0.164140 0.381014
vt 0.212500 0.363983
vt 0.212500 0.363983
vt 0.164140 0.381014
vt 0.176179 0.227388
vt 0.011715 0.308657
vt 0.143430 0.509924
vt 0.099930 0.587126
vt 0.099930 0.587126
vt 0.143430 0.509924
vt 0.185910 0.570719
vt 0.367772 0.733878
vt 0.373594 0.734228
vt 0.363555 0.735896
vt 0.363555 0.735896
vt 0.373594 0.734228
vt 0.373488 0.729770
vt 0.207217 0.246794
vt 0.175523 0.118666
vt 0.161735 0.113052
vt 0.161735 0.113052
vt 0.175523 0.118666
vt 0.149831 0.120509
vt 0.403588 0.767856
vt 0.425306 0.778831
vt 0.395037 0.755223
vt 0.395037 0.755223
vt 0.425306 0.778831
vt 0.423952 0.755223
vt 0.357993 0.725091
vt 0.366947 0.725091
vt 0.363328 0.724764
vt 0.363328 0.724764
vt 0.366947 0.725091
vt 0.370926 0.724764
vt 0.347325 0.737847
vt 0.360131 0.735519
vt 0.270260 0.630972
vt 0.270260 0.630972
vt 0.360131 0.735519
vt 0.361603 0.720975
vt 0.365592 0.745212
vt 0.372133 0.745212
vt 0.368535 0.739202
vt 0.368535 0.739202
vt 0.372133 0.745212
vt 0.373742 0.739202
vt 0.384093 0.767856
vt 0.384220 0.778831
vt 0.362608 0.765145
vt 0.362608 0.765145
vt 0.384220 0.778831
vt 0.365084 0.778831
vt 0.020793 0.011313
vt 0.130236 0.011614
vt 0.011715 0.308657
vt 0.011715 0.308657
vt 0.130236 0.011614
vt 0.143430 0.509924
vt 0.324303 0.642147
vt 0.295535 0.644635
vt 0.318827 0.635958
vt 0.318827 0.635958
vt 0.295535 0.644635
vt 0.290558 0.620864
vt 0.345991 0.724266
vt 0.333311 0.724266
vt 0.342646 0.717048
vt 0.342646 0.717048
vt 0.333311 0.724266
vt 0.334645 0.717048
vt 0.346648 0.730276
vt 0.245343 0.632018
vt 0.345991 0.724266
vt 0.345991 0.724266
vt 0.245343 0.632018
vt 0.333311 0.724266
vt 0.352506 0.643401
vt 0.243208 0.592314
vt 0.379927 0.648357
vt 0.379927 0.648357
vt 0.243208 0.592314
vt 0.235242 0.605715
vt 0.245343 0.632018
vt 0.346648 0.730276
vt 0.245343 0.686686
vt 0.245343 0.686686
vt 0.346648 0.730276
vt 0.347325 0.737847
vt 0.368535 0.739202
vt 0.373742 0.739202
vt 0.367772 0.733878
vt 0.367772 0.733878
vt 0.373742 0.739202
vt 0.373594 0.734228
vt 0.361338 0.747531
vt 0.368132 0.745375
vt 0.365592 0.745212
vt 0.365592 0.745212
vt 0.368132 0.745375
vt 0.372133 0.745212
vt 0.371921 0.741317
vt 0.372133 0.745212
vt 0.369339 0.741676
vt 0.369339 0.741676
vt 0.372133 0.745212
vt 0.368132 0.745375
vt 0.372747 0.731681
vt 0.373488 0.729770
vt 0.372747 0.734515
vt 0.372747 0.734515
vt 0.373488 0.729770
vt 0.373594 0.734228
vt 0.188383 0.297446
vt 0.188383 0.297446
vt 0.130773 0.072818
vt 0.130773 0.072818
vt 0.188383 0.297446
vt 0.130773 0.072818
vt 0.157345 0.278039
vt 0.156689 0.169316
vt 0.164140 0.381014
vt 0.164140 0.381014
vt 0.156689 0.169316
vt 0.173561 0.086474
vt 0.361603 0.720975
vt 0.366937 0.720648
vt 0.366947 0.725091
vt 0.366947 0.725091
vt 0.366937 0.720648
vt 0.370926 0.724764
vt 0.217826 0.438237
vt 0.217826 0.438237
vt 0.212500 0.363983
vt 0.212500 0.363983
vt 0.217826 0.438237
vt 0.212500 0.363983
vt 0.212500 0.363983
vt 0.212500 0.363983
vt 0.188383 0.297446
vt 0.188383 0.297446
vt 0.212500 0.363983
vt 0.188383 0.297446
vt 0.164140 0.381014
vt 0.173561 0.086474
vt 0.143430 0.509924
vt 0.143430 0.509924
vt 0.173561 0.086474
vt 0.127658 -0.001147
vt 0.368471 0.728382
vt 0.366947 0.725091
vt 0.368132 0.745375
vt 0.369339 0.741676
vt 0.368471 0.728382
vt 0.368132 0.745375
vt 0.369339 0.741676
vt 0.368132 0.745375
vt 0.372133 0.745212
vt 0.371921 0.741317
vt 0.369339 0.741676
vt 0.372133 0.745212
vt 0.371921 0.741317
vt 0.372133 0.745212
vt 0.373742 0.739202
vt 0.372768 0.737307
vt 0.371921 0.741317
vt 0.373742 0.739202
vt 0.372768 0.737307
vt 0.373742 0.739202
vt 0.373594 0.734228
vt 0.372747 0.734515
vt 0.372768 0.737307
vt 0.373594 0.734228
vt 0.372747 0.734515
vt 0.373594 0.734228
vt 0.373488 0.729770
vt 0.372747 0.731681
vt 0.372747 0.734515
vt 0.373488 0.729770
vt 0.372747 0.731681
vt 0.373488 0.729770
vt 0.372027 0.726912
vt 0.371858 0.729762
vt 0.372747 0.731681
vt 0.372027 0.726912
vt 0.371858 0.729762
vt 0.372027 0.726912
vt 0.370926 0.724764
vt 0.371138 0.728268
vt 0.371858 0.729762
vt 0.370926 0.724764
vt 0.370926 0.724764
vt 0.366947 0.725091
vt 0.368471 0.728382
vt 0.371138 0.728268
vt 0.370926 0.724764
vt 0.368471 0.728382
vt 0.371138 0.728268
vt 0.368471 0.728382
vt 0.369339 0.741676
vt 0.371921 0.741317
vt 0.371138 0.728268
vt 0.369339 0.741676
vt 0.366937 0.720648
vt 0.368630 0.722829
vt 0.372027 0.726912
vt 0.370926 0.724764
vt 0.366937 0.720648
vt 0.372027 0.726912
vt 0.370926 0.724764
vt 0.372027 0.726912
vt 0.371858 0.729762
vt 0.371138 0.728268
vt 0.370926 0.724764
vt 0.371858 0.729762
vt 0.373742 0.739202
vt 0.372133 0.745212
vt 0.371921 0.741317
vt 0.372768 0.737307
vt 0.373742 0.739202
vt 0.371921 0.741317
vt 0.372768 0.737307
vt 0.371921 0.741317
vt 0.371138 0.728268
vt 0.371858 0.729762
vt 0.372768 0.737307
vt 0.371138 0.728268
vt 0.257582 0.578802
vt 0.243208 0.592314
vt 0.352506 0.643401
vt 0.340034 0.638425
vt 0.257582 0.578802
vt 0.352506 0.643401
vt 0.340034 0.638425
vt 0.352506 0.643401
vt 0.324303 0.642147
vt 0.318827 0.635958
vt 0.340034 0.638425
vt 0.324303 0.642147
vt 0.102065 0.565772
vt 0.185910 0.570719
vt 0.143430 0.509924
vt 0.011715 0.308657
vt 0.102065 0.565772
vt 0.143430 0.509924
vt 0.011715 0.308657
vt 0.143430 0.509924
vt 0.127658 -0.001147
vt 0.024182 0.019820
vt 0.011715 0.308657
vt 0.127658 -0.001147
vt 0.059974 0.083117
vt 0.127658 -0.001147
vt 0.173561 0.086474
vt 0.130773 0.072818
vt 0.059974 0.083117
vt 0.173561 0.086474
vt 0.130773 0.072818
vt 0.173561 0.086474
vt 0.156689 0.169316
vt 0.188383 0.297446
vt 0.130773 0.072818
vt 0.156689 0.169316
vt 0.188383 0.297446
vt 0.156689 0.169316
vt 0.157345 0.278039
vt 0.212500 0.363983
vt 0.188383 0.297446
vt 0.157345 0.278039
vt 0.212500 0.363983
vt 0.157345 0.278039
vt 0.164140 0.381014
vt 0.217826 0.438237
vt 0.212500 0.363983
vt 0.164140 0.381014
vt 0.217826 0.438237
vt 0.164140 0.381014
vt 0.143430 0.509924
vt 0.185910 0.570719
vt 0.217826 0.438237
vt 0.143430 0.509924
vt 0.367201 0.729770
vt 0.373488 0.729770
vt 0.373594 0.734228
vt 0.367772 0.733878
vt 0.367201 0.729770
vt 0.373594 0.734228
vt 0.367772 0.733878
vt 0.373594 0.734228
vt 0.373742 0.739202
vt 0.368535 0.739202
vt 0.367772 0.733878
vt 0.373742 0.739202
vt 0.368535 0.739202
vt 0.373742 0.739202
vt 0.372133 0.745212
vt 0.365592 0.745212
vt 0.368535 0.739202
vt 0.372133 0.745212
vt 0.365592 0.745212
vt 0.372133 0.745212
vt 0.368132 0.745375
vt 0.361338 0.747531
vt 0.365592 0.745212
vt 0.368132 0.745375
vt 0.373488 0.729770
vt 0.367201 0.729770
vt 0.365021 0.726945
vt 0.372027 0.726912
vt 0.373488 0.729770
vt 0.365021 0.726945
vt 0.372027 0.726912
vt 0.365021 0.726945
vt 0.363328 0.724764
vt 0.370926 0.724764
vt 0.372027 0.726912
vt 0.363328 0.724764
vt 0.368630 0.722829
vt 0.363555 0.735896
vt 0.373488 0.729770
vt 0.372027 0.726912
vt 0.368630 0.722829
vt 0.373488 0.729770
vt 0.372027 0.726912
vt 0.373488 0.729770
vt 0.372747 0.731681
vt 0.371858 0.729762
vt 0.372027 0.726912
vt 0.372747 0.731681
vt 0.371921 0.741317
vt 0.369339 0.741676
vt 0.371138 0.728268
vt 0.217826 0.438237
vt 0.217826 0.438237
vt 0.185910 0.570719
vt 0.185910 0.570719
vt 0.217826 0.438237
vt 0.185910 0.570719
vt 0.185910 0.570719
vt 0.185910 0.570719
vt 0.102065 0.565772
vt 0.373594 0.734228
vt 0.373742 0.739202
vt 0.372768 0.737307
vt 0.372747 0.734515
vt 0.373594 0.734228
vt 0.372768 0.737307
vt 0.372747 0.734515
vt 0.372768 0.737307
vt 0.371858 0.729762
vt 0.372747 0.731681
vt 0.372747 0.734515
vt 0.371858 0.729762
vt 0.318827 0.635958
vt 0.290558 0.620864
vt 0.295535 0.644635
vt 0.324303 0.642147
vt 0.318827 0.635958
vt 0.295535 0.644635
vt 0.324303 0.642147
vt 0.295535 0.644635
vt 0.302401 0.652079
vt 0.331168 0.650845
vt 0.324303 0.642147
vt 0.302401 0.652079
vt 0.331168 0.650845
vt 0.358546 0.653313
vt 0.352506 0.643401
vt 0.324303 0.642147
vt 0.331168 0.650845
vt 0.352506 0.643401
vt 0.324303 0.642147
vt 0.352506 0.643401
vt 0.340034 0.638425
vt 0.318827 0.635958
vt 0.324303 0.642147
vt 0.340034 0.638425
vt 0.335280 0.758375
vt 0.321289 0.778831
vt 0.308715 0.778831
vt 0.307931 0.765145
vt 0.335280 0.758375
vt 0.308715 0.778831
vt 0.307931 0.765145
vt 0.308715 0.778831
vt 0.286319 0.778831
vt 0.286447 0.767856
vt 0.307931 0.765145
vt 0.286319 0.778831
vt 0.143430 0.509924
vt 0.130236 0.011614
vt 0.149831 0.120509
vt 0.164140 0.381014
vt 0.143430 0.509924
vt 0.149831 0.120509
vt 0.164140 0.381014
vt 0.149831 0.120509
vt 0.175523 0.118666
vt 0.176179 0.227388
vt 0.164140 0.381014
vt 0.175523 0.118666
vt 0.176179 0.227388
vt 0.175523 0.118666
vt 0.207217 0.246794
vt 0.212500 0.363983
vt 0.176179 0.227388
vt 0.207217 0.246794
vt 0.395037 0.755223
vt 0.423952 0.755223
vt 0.425306 0.778831
vt 0.403588 0.767856
vt 0.395037 0.755223
vt 0.425306 0.778831
vt 0.403588 0.767856
vt 0.425306 0.778831
vt 0.405282 0.778831
vt 0.384093 0.767856
vt 0.403588 0.767856
vt 0.405282 0.778831
vt 0.384093 0.767856
vt 0.405282 0.778831
vt 0.384220 0.778831
vt 0.342646 0.717048
vt 0.331168 0.650845
vt 0.355326 0.717048
vt 0.345991 0.724266
vt 0.342646 0.717048
vt 0.355326 0.717048
vt 0.345991 0.724266
vt 0.355326 0.717048
vt 0.357993 0.725091
vt 0.346648 0.730276
vt 0.345991 0.724266
vt 0.357993 0.725091
vt 0.346648 0.730276
vt 0.357993 0.725091
vt 0.360131 0.735519
vt 0.347325 0.737847
vt 0.346648 0.730276
vt 0.360131 0.735519
vt 0.342646 0.717048
vt 0.334645 0.717048
vt 0.333311 0.724266
vt 0.345991 0.724266
vt 0.342646 0.717048
vt 0.333311 0.724266
vt 0.345991 0.724266
vt 0.333311 0.724266
vt 0.245343 0.632018
vt 0.270260 0.630972
vt 0.345991 0.724266
vt 0.245343 0.632018
vt 0.334645 0.751344
vt 0.347981 0.748331
vt 0.347325 0.737847
vt 0.245343 0.686686
vt 0.334645 0.751344
vt 0.347325 0.737847
vt 0.245343 0.686686
vt 0.347325 0.737847
vt 0.270260 0.630972
vt 0.245343 0.632018
vt 0.245343 0.686686
vt 0.270260 0.630972
vt 0.379927 0.648357
vt 0.235242 0.605715
vt 0.243208 0.592314
vt 0.352506 0.643401
vt 0.379927 0.648357
vt 0.243208 0.592314
vt 0.352506 0.643401
vt 0.243208 0.592314
vt 0.257582 0.578802
vt 0.340034 0.638425
vt 0.352506 0.643401
vt 0.257582 0.578802
vt 0.371138 0.728268
vt 0.371921 0.741317
vt 0.372768 0.737307
vt 0.371858 0.729762
vt 0.371138 0.728268
vt 0.372768 0.737307
vt 0.371858 0.729762
vt 0.372768 0.737307
vt 0.372747 0.734515
vt 0.372747 0.731681
vt 0.371858 0.729762
vt 0.372747 0.734515
vt 0.111547 0.076554
vt 0.111547 0.076554
vt 0.161735 0.113052
vt 0.161735 0.113052
vt 0.111547 0.076554
vt 0.161735 0.113052
vt 0.161735 0.113052
vt 0.161735 0.113052
vt 0.207217 0.246794
vt 0.207217 0.246794
vt 0.161735 0.113052
vt 0.207217 0.246794
vt 0.207217 0.246794
vt 0.207217 0.246794
vt 0.212500 0.363983
vt 0.212500 0.363983
vt 0.207217 0.246794
vt 0.212500 0.363983
vt 0.212500 0.363983
vt 0.212500 0.363983
vt 0.217826 0.438237
vt 0.217826 0.438237
vt 0.212500 0.363983
vt 0.217826 0.438237
vt 0.143430 0.509924
vt 0.164140 0.381014
vt 0.217826 0.438237
vt 0.185910 0.570719
vt 0.143430 0.509924
vt 0.217826 0.438237
vt 0.185910 0.570719
vt 0.217826 0.438237
vt 0.217826 0.438237
vt 0.185910 0.570719
vt 0.185910 0.570719
vt 0.217826 0.438237
vt 0.352506 0.643401
vt 0.358546 0.653313
vt 0.379927 0.648357
vt 0.379927 0.648357
vt 0.358546 0.653313
vt 0.388183 0.655571
vt 0.388183 0.655571
vt 0.358546 0.653313
vt 0.366947 0.725091
vt 0.366947 0.725091
vt 0.358546 0.653313
vt 0.355326 0.717048
vt 0.127658 -0.001147
vt 0.059974 0.083117
vt 0.024182 0.019820
vt 0.024182 0.019820
vt 0.059974 0.083117
vt 0.059974 0.083117
vt 0.059974 0.083117
vt 0.059974 0.083117
vt 0.130773 0.072818
vt 0.130773 0.072818
vt 0.059974 0.083117
vt 0.130773 0.072818
vt 0.388183 0.655571
vt 0.379927 0.648357
vt 0.411954 0.653313
vt 0.411954 0.653313
vt 0.379927 0.648357
vt 0.392399 0.648357
vt 0.392399 0.648357
vt 0.379927 0.648357
vt 0.235071 0.577209
vt 0.235071 0.577209
vt 0.379927 0.648357
vt 0.235242 0.605715
vt 0.355326 0.717048
vt 0.358546 0.653313
vt 0.366947 0.725091
vt 0.366947 0.725091
vt 0.358546 0.653313
vt 0.388183 0.655571
vt 0.388183 0.655571
vt 0.358546 0.653313
vt 0.379927 0.648357
vt 0.379927 0.648357
vt 0.358546 0.653313
vt 0.352506 0.643401
vt 0.355326 0.717048
vt 0.331168 0.650845
vt 0.358546 0.653313
vt 0.358546 0.653313
vt 0.331168 0.650845
vt 0.352506 0.643401
vt 0.352506 0.643401
vt 0.331168 0.650845
vt 0.324303 0.642147
vt 0.336381 0.758947
vt 0.334645 0.751344
vt 0.347981 0.748331
vt 0.347981 0.748331
vt 0.334645 0.751344
vt 0.347325 0.737847
vt 0.347325 0.737847
vt 0.334645 0.751344
vt 0.245343 0.686686
vt 0.334645 0.717048
vt 0.302401 0.652079
vt 0.342646 0.717048
vt 0.342646 0.717048
vt 0.302401 0.652079
vt 0.331168 0.650845
vt 0.331168 0.650845
vt 0.302401 0.652079
vt 0.324303 0.642147
vt 0.324303 0.642147
vt 0.302401 0.652079
vt 0.295535 0.644635
vt 0.235242 0.605715
vt 0.379927 0.648357
vt 0.235071 0.577209
vt 0.235071 0.577209
vt 0.379927 0.648357
vt 0.392399 0.648357
vt 0.392399 0.648357
vt 0.379927 0.648357
vt 0.411954 0.653313
vt 0.411954 0.653313
vt 0.379927 0.648357
vt 0.388183 0.655571
vt 0.111547 0.076554
vt 0.111547 0.076554
vt 0.020793 0.011313
vt 0.020793 0.011313
vt 0.111547 0.076554
vt 0.130236 0.011614
vt 0.130236 0.011614
vt 0.111547 0.076554
vt 0.149831 0.120509
vt 0.149831 0.120509
vt 0.111547 0.076554
vt 0.161735 0.113052
vt 0.270260 0.630972
vt 0.361603 0.720975
vt 0.345991 0.724266
vt 0.345991 0.724266
vt 0.361603 0.720975
vt 0.355326 0.717048
vt 0.355326 0.717048
vt 0.361603 0.720975
vt 0.366947 0.725091
vt 0.334645 0.717048
vt 0.342646 0.717048
vt 0.302401 0.652079
vt 0.302401 0.652079
vt 0.342646 0.717048
vt 0.331168 0.650845
vt 0.331168 0.650845
vt 0.342646 0.717048
vt 0.355326 0.717048
vt 0.355326 0.717048
vt 0.342646 0.717048
vt 0.345991 0.724266
vt 0.457503 0.765006
vt 0.482819 0.766362
vt 0.467980 0.778561
vt 0.467980 0.778561
vt 0.482819 0.766362
vt 0.482946 0.778561
vt 0.482946 0.778561
vt 0.482819 0.766362
vt 0.493382 0.778561
vt 0.493382 0.778561
vt 0.482819 0.766362
vt 0.493382 0.766909
vt 0.425306 0.778831
vt 0.457503 0.765006
vt 0.452401 0.778831
vt 0.452401 0.778831
vt 0.457503 0.765006
vt 0.459619 0.778561
vt 0.459619 0.778561
vt 0.457503 0.765006
vt 0.467980 0.778561
vt 0.321289 0.778831
vt 0.335280 0.758375
vt 0.339831 0.778831
vt 0.339831 0.778831
vt 0.335280 0.758375
vt 0.352003 0.778831
vt 0.352003 0.778831
vt 0.335280 0.758375
vt 0.365084 0.778831
vt 0.365084 0.778831
vt 0.335280 0.758375
vt 0.362608 0.765145
vt 0.384220 0.778831
vt 0.405282 0.778831
vt 0.384093 0.767856
vt 0.384093 0.767856
vt 0.405282 0.778831
vt 0.403588 0.767856
vt 0.403588 0.767856
vt 0.405282 0.778831
vt 0.425306 0.778831
vt 0.493382 0.766909
vt 0.482819 0.766362
vt 0.493382 0.778561
vt 0.493382 0.778561
vt 0.482819 0.766362
vt 0.482946 0.778561
vt 0.482946 0.778561
vt 0.482819 0.766362
vt 0.467980 0.778561
vt 0.467980 0.778561
vt 0.482819 0.766362
vt 0.457503 0.765006
vt 0.467980 0.778561
vt 0.457503 0.765006
vt 0.459619 0.778561
vt 0.459619 0.778561
vt 0.457503 0.765006
vt 0.452401 0.778831
vt 0.452401 0.778831
vt 0.457503 0.765006
vt 0.425306 0.778831
vt 0.505866 0.489006
vt 0.505950 0.557636
vt 0.547184 0.557636
vt 0.684969 0.530726
vt 0.701979 0.489006
vt 0.671561 0.556019
vt 0.703585 0.490301
vt 0.664294 0.548896
vt 0.664294 0.490301
vt 0.695333 0.558382
vt 0.664294 0.548896
vt 0.703585 0.490301
vt 0.664294 0.490301
vt 0.695333 0.558382
vt 0.703585 0.490301
vt 0.664294 0.548896
vt 0.695333 0.558382
vt 0.664294 0.490301
vt 0.775031 0.280017
vt 0.732002 0.228651
vt 0.775031 0.342051
vt 0.775031 0.228651
vt 0.732002 0.228651
vt 0.775031 0.280017
vt 0.658295 0.132251
vt 0.609204 0.047432
vt 0.609372 0.132251
vt 0.732002 0.228651
vt 0.775507 0.160295
vt 0.775031 0.091940
vt 0.517611 0.408395
vt 0.509584 0.420374
vt 0.519723 0.227428
vt 0.702149 0.205738
vt 0.700966 0.342030
vt 0.694713 0.509076
vt 0.520821 0.189551
vt 0.512541 0.525263
vt 0.511358 0.325196
vt 0.683222 0.146171
vt 0.614104 0.020885
vt 0.676631 0.162358
vt 0.630073 0.174336
vt 0.620863 0.021858
vt 0.526398 0.227104
vt 0.583264 0.336851
vt 0.511105 0.535623
vt 0.514231 0.432028
vt 0.687446 0.166890
vt 0.620863 0.021858
vt 0.630073 0.174336
vt 0.630073 0.174336
vt 0.526398 0.227104
vt 0.620863 0.021858
vt 0.620863 0.021858
vt 0.526398 0.227104
vt 0.581658 0.210594
vt 0.687446 0.166890
vt 0.630073 0.174336
vt 0.620863 0.021858
vt 0.556732 0.529472
vt 0.611232 0.450157
vt 0.511105 0.535623
vt 0.576335 0.430733
vt 0.528510 0.220630
vt 0.521498 0.251061
vt 0.670547 0.432028
vt 0.704345 0.331023
vt 0.670885 0.331023
vt 0.530876 0.550191
vt 0.553944 0.550191
vt 0.520145 0.522027
vt 0.566871 0.103115
vt 0.587319 0.103115
vt 0.615202 0.028008
vt 0.536707 0.331023
vt 0.521498 0.251061
vt 0.512118 0.331023
vt 0.569407 0.081101
vt 0.614019 0.029627
vt 0.589601 0.081101
vt 0.614019 0.028008
vt 0.652972 0.145847
vt 0.654239 0.081101
vt 0.508486 0.550839
vt 0.557070 0.454042
vt 0.556901 0.550839
vt 0.507894 0.454042
vt 0.557070 0.454042
vt 0.508486 0.550839
vt 0.701050 0.451776
vt 0.675617 0.547601
vt 0.671983 0.451776
vt 0.507894 0.454042
vt 0.556901 0.550839
vt 0.508486 0.550839
vt 0.664548 0.141638
vt 0.678067 0.141638
vt 0.624412 0.008584
vt 0.678067 0.141638
vt 0.633285 0.187609
vt 0.624412 0.008584
vt 0.575575 0.141638
vt 0.598473 0.141638
vt 0.624412 0.008584
vt 0.633285 0.187609
vt 0.575575 0.141638
vt 0.624412 0.008584
vt 0.546762 0.493861
vt 0.583010 0.493861
vt 0.578363 0.552134
vt 0.731812 0.213637
vt 0.792357 0.213637
vt 0.792357 0.156739
vt 0.614019 0.057791
vt 0.582334 0.140020
vt 0.550479 0.140020
vt 0.614019 0.057791
vt 0.578363 0.140020
vt 0.613766 0.140020
vt 0.614019 0.057791
vt 0.550479 0.140020
vt 0.578363 0.140020
vt 0.694375 0.495156
vt 0.674096 0.544040
vt 0.662858 0.494832
vt 0.992176 0.350743
vt 0.992176 0.431348
vt 0.945529 0.385909
vt 0.992176 0.097471
vt 0.945244 0.067442
vt 0.992176 0.022003
vt 0.578785 0.144552
vt 0.565858 0.228399
vt 0.545917 0.144552
vt 0.545917 0.144552
vt 0.565858 0.228399
vt 0.525215 0.228399
vt 0.986559 0.448733
vt 0.958857 0.448733
vt 0.986559 0.330197
vt 0.986559 0.330197
vt 0.958857 0.448733
vt 0.958857 0.330197
vt 0.818822 0.319134
vt 0.775031 0.342051
vt 0.775031 0.280017
vt 0.775031 0.280017
vt 0.775031 0.342051
vt 0.732002 0.228651
vt 0.818822 0.228651
vt 0.775031 0.228651
vt 0.819298 0.125525
vt 0.819298 0.125525
vt 0.775031 0.228651
vt 0.775507 0.160295
vt 0.859185 0.116832
vt 0.819298 0.125525
vt 0.859185 0.013311
vt 0.859185 0.013311
vt 0.819298 0.125525
vt 0.818822 0.021608
vt 0.958857 0.448733
vt 0.986559 0.448733
vt 0.958857 0.330197
vt 0.958857 0.330197
vt 0.986559 0.448733
vt 0.986559 0.330197
vt 0.958857 0.228651
vt 0.958857 0.330197
vt 0.986559 0.228651
vt 0.986559 0.228651
vt 0.958857 0.330197
vt 0.986559 0.330197
vt 0.985322 0.122364
vt 0.957905 0.117622
vt 0.985322 0.013311
vt 0.985322 0.013311
vt 0.957905 0.117622
vt 0.957905 0.013311
vt 0.664294 0.548896
vt 0.612668 0.548896
vt 0.664294 0.490301
vt 0.664294 0.490301
vt 0.612668 0.548896
vt 0.612668 0.490301
vt 0.674687 0.135164
vt 0.691924 0.241996
vt 0.646382 0.135164
vt 0.646382 0.135164
vt 0.691924 0.241996
vt 0.660070 0.241996
vt 0.525215 0.228399
vt 0.565858 0.228399
vt 0.545917 0.144552
vt 0.545917 0.144552
vt 0.565858 0.228399
vt 0.578785 0.144552
vt 0.612668 0.328109
vt 0.612668 0.228399
vt 0.664294 0.328109
vt 0.664294 0.328109
vt 0.612668 0.228399
vt 0.658549 0.228399
vt 0.664294 0.328109
vt 0.658549 0.228399
vt 0.703585 0.328109
vt 0.703585 0.328109
vt 0.658549 0.228399
vt 0.692769 0.228399
vt 0.513893 0.328109
vt 0.560197 0.328109
vt 0.525215 0.228399
vt 0.525215 0.228399
vt 0.560197 0.328109
vt 0.565858 0.228399
vt 0.612668 0.490301
vt 0.560197 0.490301
vt 0.612668 0.548896
vt 0.612668 0.548896
vt 0.560197 0.490301
vt 0.560197 0.548896
vt 0.603543 0.194731
vt 0.552592 0.191817
vt 0.604894 0.029303
vt 0.604894 0.029303
vt 0.552592 0.191817
vt 0.541860 0.109589
vt 0.604894 0.029303
vt 0.541860 0.109589
vt 0.605064 0.443682
vt 0.605064 0.443682
vt 0.541860 0.109589
vt 0.519723 0.227428
vt 0.604894 0.029303
vt 0.605064 0.443682
vt 0.669279 0.096640
vt 0.669279 0.096640
vt 0.605064 0.443682
vt 0.692600 0.214479
vt 0.648832 0.543392
vt 0.679335 0.543392
vt 0.648748 0.477351
vt 0.648748 0.477351
vt 0.679335 0.543392
vt 0.679335 0.506810
vt 0.644691 0.056496
vt 0.611232 0.028332
vt 0.665309 0.136136
vt 0.665309 0.136136
vt 0.611232 0.028332
vt 0.611232 0.138401
vt 0.530708 0.180163
vt 0.540762 0.140667
vt 0.582587 0.099553
vt 0.582587 0.099553
vt 0.540762 0.140667
vt 0.611147 0.088871
vt 0.580391 0.056496
vt 0.540762 0.140667
vt 0.567125 0.136136
vt 0.567125 0.136136
vt 0.540762 0.140667
vt 0.562478 0.188904
vt 0.697964 0.542195
vt 0.697332 0.413899
vt 0.680180 0.553752
vt 0.680180 0.553752
vt 0.697332 0.413899
vt 0.697247 0.358865
vt 0.680180 0.553752
vt 0.697247 0.358865
vt 0.678827 0.310951
vt 0.678827 0.310951
vt 0.697247 0.358865
vt 0.688460 0.185019
vt 0.627201 0.304154
vt 0.583264 0.336851
vt 0.629482 0.174012
vt 0.629482 0.174012
vt 0.583264 0.336851
vt 0.581658 0.210594
vt 0.615202 0.310951
vt 0.615202 0.523322
vt 0.570590 0.274046
vt 0.570590 0.274046
vt 0.615202 0.523322
vt 0.576335 0.430733
vt 0.587319 0.103115
vt 0.615540 0.103115
vt 0.615202 0.028008
vt 0.615202 0.028008
vt 0.615540 0.103115
vt 0.639283 0.103115
vt 0.571603 0.168833
vt 0.615202 0.028008
vt 0.615202 0.182106
vt 0.615202 0.182106
vt 0.615202 0.028008
vt 0.657620 0.163329
vt 0.663196 0.103115
vt 0.699360 0.220630
vt 0.657620 0.163329
vt 0.657620 0.163329
vt 0.699360 0.220630
vt 0.668013 0.266276
vt 0.569407 0.081101
vt 0.537467 0.163005
vt 0.564167 0.263039
vt 0.564167 0.263039
vt 0.537467 0.163005
vt 0.553774 0.412280
vt 0.564167 0.263039
vt 0.582249 0.154588
vt 0.569407 0.081101
vt 0.569407 0.081101
vt 0.582249 0.154588
vt 0.614019 0.028008
vt 0.668942 0.251061
vt 0.652972 0.145847
vt 0.614019 0.305449
vt 0.614019 0.305449
vt 0.652972 0.145847
vt 0.614019 0.184048
vt 0.702655 0.314836
vt 0.703780 0.555028
vt 0.669196 0.409690
vt 0.669196 0.409690
vt 0.703780 0.555028
vt 0.668942 0.251061
vt 0.672744 0.314836
vt 0.659394 0.163005
vt 0.702655 0.314836
vt 0.702655 0.314836
vt 0.659394 0.163005
vt 0.703780 0.555028
vt 0.529440 0.536595
vt 0.504429 0.499689
vt 0.521328 0.499689
vt 0.521328 0.499689
vt 0.504429 0.499689
vt 0.505950 0.411957
vt 0.557070 0.454042
vt 0.507894 0.454042
vt 0.556901 0.550839
vt 0.556901 0.550839
vt 0.507894 0.454042
vt 0.508486 0.550839
vt 0.614274 0.547601
vt 0.675617 0.547601
vt 0.614274 0.451776
vt 0.614274 0.451776
vt 0.675617 0.547601
vt 0.671983 0.451776
vt 0.584615 0.135164
vt 0.564167 0.241996
vt 0.552676 0.135164
vt 0.552676 0.135164
vt 0.564167 0.241996
vt 0.519892 0.241996
vt 0.552676 0.135164
vt 0.519892 0.241996
vt 0.584615 0.135164
vt 0.584615 0.135164
vt 0.519892 0.241996
vt 0.564167 0.241996
vt 0.674687 0.135164
vt 0.614274 0.021209
vt 0.646382 0.135164
vt 0.646382 0.135164
vt 0.614274 0.021209
vt 0.614274 0.135164
vt 0.584615 0.135164
vt 0.552676 0.135164
vt 0.564167 0.241996
vt 0.564167 0.241996
vt 0.552676 0.135164
vt 0.519892 0.241996
vt 0.614274 0.135164
vt 0.614274 0.241996
vt 0.646382 0.135164
vt 0.646382 0.135164
vt 0.614274 0.241996
vt 0.660070 0.241996
vt 0.552676 0.135164
vt 0.614274 0.021209
vt 0.584615 0.135164
vt 0.584615 0.135164
vt 0.614274 0.021209
vt 0.614274 0.135164
vt 0.613766 0.140020
vt 0.647480 0.140020
vt 0.614104 0.556019
vt 0.614104 0.556019
vt 0.647480 0.140020
vt 0.664971 0.408395
vt 0.731812 0.213637
vt 0.792357 0.053613
vt 0.812158 0.213637
vt 0.812158 0.213637
vt 0.792357 0.053613
vt 0.826152 0.121178
vt 0.858900 0.069813
vt 0.858900 0.139749
vt 0.907165 0.063886
vt 0.907165 0.063886
vt 0.858900 0.139749
vt 0.907165 0.136588
vt 0.907165 0.334148
vt 0.987702 0.334148
vt 0.907165 0.418704
vt 0.907165 0.418704
vt 0.987702 0.334148
vt 0.987702 0.418704
vt 0.907165 0.288709
vt 0.987987 0.288709
vt 0.907165 0.213637
vt 0.907165 0.213637
vt 0.987987 0.288709
vt 0.987987 0.213637
vt 0.907165 0.334148
vt 0.907165 0.213637
vt 0.987702 0.334148
vt 0.987702 0.334148
vt 0.907165 0.213637
vt 0.987702 0.213637
vt 0.665900 0.146171
vt 0.628637 0.146171
vt 0.622807 0.008908
vt 0.622807 0.008908
vt 0.628637 0.146171
vt 0.604049 0.146171
vt 0.588165 0.294117
vt 0.555211 0.255269
vt 0.586727 0.361130
vt 0.586727 0.361130
vt 0.555211 0.255269
vt 0.546339 0.327138
vt 0.664548 0.141638
vt 0.624412 0.008584
vt 0.633877 0.141638
vt 0.633877 0.141638
vt 0.624412 0.008584
vt 0.598473 0.141638
vt 0.638270 0.406777
vt 0.680602 0.429438
vt 0.637763 0.339764
vt 0.637763 0.339764
vt 0.680602 0.429438
vt 0.689052 0.386382
vt 0.612668 0.490301
vt 0.560197 0.490301
vt 0.560197 0.422640
vt 0.612668 0.422640
vt 0.612668 0.490301
vt 0.560197 0.422640
vt 0.612668 0.422640
vt 0.560197 0.422640
vt 0.560197 0.328109
vt 0.612668 0.328109
vt 0.612668 0.422640
vt 0.560197 0.328109
vt 0.565858 0.228399
vt 0.578785 0.144552
vt 0.612668 0.144552
vt 0.612668 0.228399
vt 0.565858 0.228399
vt 0.612668 0.144552
vt 0.612668 0.228399
vt 0.612668 0.144552
vt 0.645452 0.144552
vt 0.658549 0.228399
vt 0.612668 0.228399
vt 0.645452 0.144552
vt 0.658549 0.228399
vt 0.645452 0.144552
vt 0.674857 0.144552
vt 0.692769 0.228399
vt 0.658549 0.228399
vt 0.674857 0.144552
vt 0.612753 0.051641
vt 0.612668 0.144552
vt 0.645452 0.144552
vt 0.674857 0.144552
vt 0.612753 0.051641
vt 0.645452 0.144552
vt 0.674857 0.144552
vt 0.645452 0.144552
vt 0.658549 0.228399
vt 0.692769 0.228399
vt 0.674857 0.144552
vt 0.658549 0.228399
vt 0.692769 0.228399
vt 0.658549 0.228399
vt 0.664294 0.328109
vt 0.703585 0.328109
vt 0.692769 0.228399
vt 0.664294 0.328109
vt 0.612753 0.051641
vt 0.545917 0.144552
vt 0.578785 0.144552
vt 0.612668 0.144552
vt 0.612753 0.051641
vt 0.578785 0.144552
vt 0.612668 0.144552
vt 0.578785 0.144552
vt 0.565858 0.228399
vt 0.612668 0.228399
vt 0.612668 0.144552
vt 0.565858 0.228399
vt 0.612668 0.228399
vt 0.565858 0.228399
vt 0.560197 0.328109
vt 0.612668 0.328109
vt 0.612668 0.228399
vt 0.560197 0.328109
vt 0.612668 0.548896
vt 0.664294 0.548896
vt 0.664294 0.490301
vt 0.612668 0.490301
vt 0.612668 0.548896
vt 0.664294 0.490301
vt 0.612668 0.490301
vt 0.664294 0.490301
vt 0.664294 0.422640
vt 0.612668 0.422640
vt 0.612668 0.490301
vt 0.664294 0.422640
vt 0.612668 0.422640
vt 0.664294 0.422640
vt 0.664294 0.328109
vt 0.612668 0.328109
vt 0.612668 0.422640
vt 0.664294 0.328109
vt 0.513893 0.548896
vt 0.560197 0.548896
vt 0.560197 0.490301
vt 0.513893 0.490301
vt 0.513893 0.548896
vt 0.560197 0.490301
vt 0.513893 0.490301
vt 0.560197 0.490301
vt 0.560197 0.422640
vt 0.513893 0.422640
vt 0.513893 0.490301
vt 0.560197 0.422640
vt 0.513893 0.422640
vt 0.560197 0.422640
vt 0.560197 0.328109
vt 0.513893 0.328109
vt 0.513893 0.422640
vt 0.560197 0.328109
vt 0.603543 0.194731
vt 0.604894 0.473789
vt 0.517611 0.408395
vt 0.552592 0.191817
vt 0.603543 0.194731
vt 0.517611 0.408395
vt 0.552592 0.191817
vt 0.517611 0.408395
vt 0.519723 0.227428
vt 0.541860 0.109589
vt 0.552592 0.191817
vt 0.519723 0.227428
vt 0.604894 0.473789
vt 0.604894 0.548896
vt 0.530454 0.545659
vt 0.517611 0.408395
vt 0.604894 0.473789
vt 0.530454 0.545659
vt 0.517611 0.408395
vt 0.530454 0.545659
vt 0.509330 0.537566
vt 0.509584 0.420374
vt 0.517611 0.408395
vt 0.509330 0.537566
vt 0.673842 0.552134
vt 0.604894 0.548896
vt 0.604894 0.473789
vt 0.695135 0.463430
vt 0.673842 0.552134
vt 0.604894 0.473789
vt 0.695135 0.463430
vt 0.604894 0.473789
vt 0.603543 0.194731
vt 0.661084 0.304801
vt 0.695135 0.463430
vt 0.603543 0.194731
vt 0.698301 0.553526
vt 0.673842 0.552134
vt 0.695135 0.463430
vt 0.699613 0.362101
vt 0.698301 0.553526
vt 0.695135 0.463430
vt 0.699613 0.362101
vt 0.695135 0.463430
vt 0.692600 0.214479
vt 0.615794 0.113798
vt 0.615794 0.246529
vt 0.645959 0.245233
vt 0.637256 0.113798
vt 0.615794 0.113798
vt 0.645959 0.245233
vt 0.637256 0.113798
vt 0.645959 0.245233
vt 0.682714 0.269190
vt 0.676631 0.162358
vt 0.637256 0.113798
vt 0.682714 0.269190
vt 0.676631 0.162358
vt 0.682714 0.269190
vt 0.702149 0.205738
vt 0.683222 0.146171
vt 0.676631 0.162358
vt 0.702149 0.205738
vt 0.615794 0.246529
vt 0.615794 0.333289
vt 0.646889 0.340088
vt 0.645959 0.245233
vt 0.615794 0.246529
vt 0.646889 0.340088
vt 0.645959 0.245233
vt 0.646889 0.340088
vt 0.678067 0.366310
vt 0.682714 0.269190
vt 0.645959 0.245233
vt 0.678067 0.366310
vt 0.682714 0.269190
vt 0.678067 0.366310
vt 0.700966 0.342030
vt 0.702149 0.205738
vt 0.682714 0.269190
vt 0.700966 0.342030
vt 0.511358 0.325196
vt 0.551747 0.382173
vt 0.546508 0.237464
vt 0.520821 0.189551
vt 0.511358 0.325196
vt 0.546508 0.237464
vt 0.520821 0.189551
vt 0.546508 0.237464
vt 0.560534 0.113798
vt 0.549804 0.113798
vt 0.520821 0.189551
vt 0.560534 0.113798
vt 0.549804 0.113798
vt 0.560534 0.113798
vt 0.614104 0.020885
vt 0.551747 0.382173
vt 0.586221 0.340088
vt 0.587910 0.245233
vt 0.546508 0.237464
vt 0.551747 0.382173
vt 0.587910 0.245233
vt 0.546508 0.237464
vt 0.587910 0.245233
vt 0.596783 0.113798
vt 0.560534 0.113798
vt 0.546508 0.237464
vt 0.596783 0.113798
vt 0.583602 0.477351
vt 0.615794 0.467315
vt 0.615794 0.333289
vt 0.586221 0.340088
vt 0.583602 0.477351
vt 0.615794 0.333289
vt 0.586221 0.340088
vt 0.615794 0.333289
vt 0.615794 0.246529
vt 0.587910 0.245233
vt 0.586221 0.340088
vt 0.615794 0.246529
vt 0.587910 0.245233
vt 0.615794 0.246529
vt 0.615794 0.113798
vt 0.596783 0.113798
vt 0.587910 0.245233
vt 0.615794 0.113798
vt 0.611147 0.088871
vt 0.540762 0.140667
vt 0.580391 0.056496
vt 0.611570 0.056496
vt 0.611147 0.088871
vt 0.580391 0.056496
vt 0.611570 0.056496
vt 0.580391 0.056496
vt 0.611232 0.028332
vt 0.540762 0.140667
vt 0.530708 0.180163
vt 0.553774 0.294765
vt 0.562478 0.188904
vt 0.540762 0.140667
vt 0.553774 0.294765
vt 0.562478 0.188904
vt 0.553774 0.294765
vt 0.611232 0.241348
vt 0.611738 0.173041
vt 0.562478 0.188904
vt 0.611232 0.241348
vt 0.611738 0.173041
vt 0.611232 0.241348
vt 0.678827 0.310951
vt 0.670462 0.172718
vt 0.611738 0.173041
vt 0.678827 0.310951
vt 0.670462 0.172718
vt 0.678827 0.310951
vt 0.688460 0.185019
vt 0.680940 0.140667
vt 0.670462 0.172718
vt 0.688460 0.185019
vt 0.680940 0.140667
vt 0.688460 0.185019
vt 0.641819 0.099553
vt 0.611147 0.088871
vt 0.680940 0.140667
vt 0.641819 0.099553
vt 0.611232 0.138401
vt 0.611738 0.173041
vt 0.670462 0.172718
vt 0.665309 0.136136
vt 0.611232 0.138401
vt 0.670462 0.172718
vt 0.665309 0.136136
vt 0.670462 0.172718
vt 0.680940 0.140667
vt 0.644691 0.056496
vt 0.665309 0.136136
vt 0.680940 0.140667
vt 0.562478 0.188904
vt 0.611738 0.173041
vt 0.611232 0.138401
vt 0.567125 0.136136
vt 0.562478 0.188904
vt 0.611232 0.138401
vt 0.567125 0.136136
vt 0.611232 0.138401
vt 0.611232 0.028332
vt 0.580391 0.056496
vt 0.567125 0.136136
vt 0.611232 0.028332
vt 0.553774 0.294765
vt 0.530708 0.180163
vt 0.520230 0.373756
vt 0.535016 0.553752
vt 0.553774 0.294765
vt 0.520230 0.373756
vt 0.535016 0.553752
vt 0.520230 0.373756
vt 0.517864 0.422963
vt 0.519217 0.533681
vt 0.535016 0.553752
vt 0.517864 0.422963
vt 0.583264 0.336851
vt 0.514231 0.432028
vt 0.526398 0.227104
vt 0.581658 0.210594
vt 0.583264 0.336851
vt 0.526398 0.227104
vt 0.581658 0.210594
vt 0.526398 0.227104
vt 0.620863 0.021858
vt 0.583264 0.336851
vt 0.627201 0.304154
vt 0.611232 0.450157
vt 0.511105 0.535623
vt 0.583264 0.336851
vt 0.611232 0.450157
vt 0.511105 0.535623
vt 0.611232 0.450157
vt 0.556732 0.529472
vt 0.611232 0.450157
vt 0.627201 0.304154
vt 0.583264 0.336851
vt 0.511105 0.535623
vt 0.611232 0.450157
vt 0.583264 0.336851
vt 0.511105 0.535623
vt 0.583264 0.336851
vt 0.514231 0.432028
vt 0.576335 0.430733
vt 0.521498 0.251061
vt 0.528510 0.220630
vt 0.570590 0.274046
vt 0.576335 0.430733
vt 0.528510 0.220630
vt 0.570590 0.274046
vt 0.528510 0.220630
vt 0.566871 0.103115
vt 0.566871 0.103115
vt 0.615202 0.028008
vt 0.571603 0.168833
vt 0.570590 0.274046
vt 0.566871 0.103115
vt 0.571603 0.168833
vt 0.570590 0.274046
vt 0.571603 0.168833
vt 0.615202 0.182106
vt 0.615202 0.310951
vt 0.570590 0.274046
vt 0.615202 0.182106
vt 0.615202 0.310951
vt 0.615202 0.182106
vt 0.657620 0.163329
vt 0.668013 0.266276
vt 0.615202 0.310951
vt 0.657620 0.163329
vt 0.587319 0.103115
vt 0.566871 0.103115
vt 0.528510 0.220630
vt 0.559098 0.220630
vt 0.587319 0.103115
vt 0.528510 0.220630
vt 0.559098 0.220630
vt 0.528510 0.220630
vt 0.521498 0.251061
vt 0.536707 0.331023
vt 0.559098 0.220630
vt 0.521498 0.251061
vt 0.615202 0.523322
vt 0.615202 0.310951
vt 0.668013 0.266276
vt 0.669702 0.436561
vt 0.615202 0.523322
vt 0.668013 0.266276
vt 0.669702 0.436561
vt 0.668013 0.266276
vt 0.699360 0.220630
vt 0.704345 0.331023
vt 0.669702 0.436561
vt 0.699360 0.220630
vt 0.704345 0.331023
vt 0.699360 0.220630
vt 0.660577 0.220630
vt 0.670885 0.331023
vt 0.704345 0.331023
vt 0.660577 0.220630
vt 0.615540 0.103115
vt 0.587319 0.103115
vt 0.559098 0.220630
vt 0.615202 0.220630
vt 0.615540 0.103115
vt 0.559098 0.220630
vt 0.615202 0.220630
vt 0.559098 0.220630
vt 0.536707 0.331023
vt 0.615202 0.331023
vt 0.615202 0.220630
vt 0.536707 0.331023
vt 0.615202 0.331023
vt 0.536707 0.331023
vt 0.553859 0.432028
vt 0.615202 0.432028
vt 0.615202 0.331023
vt 0.553859 0.432028
vt 0.639283 0.103115
vt 0.615540 0.103115
vt 0.615202 0.220630
vt 0.660577 0.220630
vt 0.639283 0.103115
vt 0.615202 0.220630
vt 0.660577 0.220630
vt 0.615202 0.220630
vt 0.615202 0.331023
vt 0.670885 0.331023
vt 0.660577 0.220630
vt 0.615202 0.331023
vt 0.670885 0.331023
vt 0.615202 0.331023
vt 0.615202 0.432028
vt 0.670547 0.432028
vt 0.670885 0.331023
vt 0.615202 0.432028
vt 0.529440 0.432028
vt 0.545156 0.522027
vt 0.568224 0.522027
vt 0.553859 0.432028
vt 0.529440 0.432028
vt 0.568224 0.522027
vt 0.553859 0.432028
vt 0.568224 0.522027
vt 0.615202 0.522027
vt 0.615202 0.432028
vt 0.553859 0.432028
vt 0.615202 0.522027
vt 0.615202 0.432028
vt 0.615202 0.522027
vt 0.670547 0.432028
vt 0.545156 0.522027
vt 0.529440 0.432028
vt 0.507978 0.432028
vt 0.520145 0.522027
vt 0.545156 0.522027
vt 0.507978 0.432028
vt 0.520145 0.522027
vt 0.507978 0.432028
vt 0.505359 0.522027
vt 0.530876 0.550191
vt 0.520145 0.522027
vt 0.505359 0.522027
vt 0.537467 0.163005
vt 0.569407 0.081101
vt 0.589601 0.081101
vt 0.569407 0.163005
vt 0.537467 0.163005
vt 0.589601 0.081101
vt 0.569407 0.163005
vt 0.589601 0.081101
vt 0.614019 0.081101
vt 0.614019 0.163005
vt 0.569407 0.163005
vt 0.614019 0.081101
vt 0.614019 0.163005
vt 0.614019 0.081101
vt 0.637172 0.081101
vt 0.659394 0.163005
vt 0.614019 0.163005
vt 0.637172 0.081101
vt 0.652972 0.145847
vt 0.668942 0.251061
vt 0.703780 0.555028
vt 0.654239 0.081101
vt 0.652972 0.145847
vt 0.703780 0.555028
vt 0.654239 0.081101
vt 0.703780 0.555028
vt 0.659394 0.163005
vt 0.637172 0.081101
vt 0.654239 0.081101
vt 0.659394 0.163005
vt 0.519470 0.235198
vt 0.537467 0.163005
vt 0.569407 0.163005
vt 0.536960 0.314836
vt 0.519470 0.235198
vt 0.569407 0.163005
vt 0.536960 0.314836
vt 0.569407 0.163005
vt 0.614019 0.163005
vt 0.614019 0.314836
vt 0.536960 0.314836
vt 0.614019 0.163005
vt 0.614019 0.314836
vt 0.614019 0.163005
vt 0.659394 0.163005
vt 0.672744 0.314836
vt 0.614019 0.314836
vt 0.659394 0.163005
vt 0.554957 0.411957
vt 0.536960 0.314836
vt 0.614019 0.314836
vt 0.614019 0.411957
vt 0.554957 0.411957
vt 0.614019 0.314836
vt 0.614019 0.411957
vt 0.614019 0.314836
vt 0.672744 0.314836
vt 0.670800 0.411957
vt 0.614019 0.411957
vt 0.672744 0.314836
vt 0.670800 0.411957
vt 0.672744 0.314836
vt 0.702655 0.314836
vt 0.568561 0.499689
vt 0.542537 0.499689
vt 0.527666 0.411957
vt 0.554957 0.411957
vt 0.568561 0.499689
vt 0.527666 0.411957
vt 0.554957 0.411957
vt 0.527666 0.411957
vt 0.508992 0.314836
vt 0.536960 0.314836
vt 0.554957 0.411957
vt 0.508992 0.314836
vt 0.536960 0.314836
vt 0.508992 0.314836
vt 0.519470 0.235198
vt 0.564167 0.241996
vt 0.614274 0.241996
vt 0.614274 0.135164
vt 0.584615 0.135164
vt 0.564167 0.241996
vt 0.614274 0.135164
vt 0.584615 0.135164
vt 0.614274 0.135164
vt 0.614274 0.021209
vt 0.552676 0.135164
vt 0.584615 0.135164
vt 0.614274 0.021209
vt 0.674687 0.135164
vt 0.691924 0.241996
vt 0.660070 0.241996
vt 0.646382 0.135164
vt 0.674687 0.135164
vt 0.660070 0.241996
vt 0.646382 0.135164
vt 0.660070 0.241996
vt 0.614274 0.241996
vt 0.614274 0.135164
vt 0.646382 0.135164
vt 0.614274 0.241996
vt 0.614274 0.135164
vt 0.614274 0.241996
vt 0.564167 0.241996
vt 0.584615 0.135164
vt 0.614274 0.135164
vt 0.564167 0.241996
vt 0.614274 0.135164
vt 0.614274 0.241996
vt 0.660070 0.241996
vt 0.646382 0.135164
vt 0.614274 0.135164
vt 0.660070 0.241996
vt 0.646382 0.135164
vt 0.660070 0.241996
vt 0.691924 0.241996
vt 0.674687 0.135164
vt 0.646382 0.135164
vt 0.691924 0.241996
vt 0.519892 0.241996
vt 0.564167 0.241996
vt 0.558422 0.351419
vt 0.509077 0.351419
vt 0.519892 0.241996
vt 0.558422 0.351419
vt 0.509077 0.351419
vt 0.558422 0.351419
vt 0.557070 0.454042
vt 0.507894 0.454042
vt 0.509077 0.351419
vt 0.557070 0.454042
vt 0.564167 0.241996
vt 0.614274 0.241996
vt 0.614274 0.350447
vt 0.558422 0.351419
vt 0.564167 0.241996
vt 0.614274 0.350447
vt 0.558422 0.351419
vt 0.614274 0.350447
vt 0.614274 0.451776
vt 0.557070 0.454042
vt 0.558422 0.351419
vt 0.614274 0.451776
vt 0.564167 0.241996
vt 0.519892 0.241996
vt 0.509077 0.351419
vt 0.558422 0.351419
vt 0.564167 0.241996
vt 0.509077 0.351419
vt 0.558422 0.351419
vt 0.509077 0.351419
vt 0.507894 0.454042
vt 0.557070 0.454042
vt 0.558422 0.351419
vt 0.507894 0.454042
vt 0.614274 0.241996
vt 0.660070 0.241996
vt 0.666492 0.350447
vt 0.614274 0.350447
vt 0.614274 0.241996
vt 0.666492 0.350447
vt 0.614274 0.350447
vt 0.666492 0.350447
vt 0.671983 0.451776
vt 0.614274 0.451776
vt 0.614274 0.350447
vt 0.671983 0.451776
vt 0.614274 0.241996
vt 0.564167 0.241996
vt 0.558422 0.351419
vt 0.614274 0.350447
vt 0.614274 0.241996
vt 0.558422 0.351419
vt 0.614274 0.350447
vt 0.558422 0.351419
vt 0.557070 0.454042
vt 0.614274 0.451776
vt 0.614274 0.350447
vt 0.557070 0.454042
vt 0.614274 0.451776
vt 0.557070 0.454042
vt 0.556901 0.550839
vt 0.614274 0.547601
vt 0.614274 0.451776
vt 0.556901 0.550839
vt 0.660070 0.241996
vt 0.614274 0.241996
vt 0.614274 0.350447
vt 0.666492 0.350447
vt 0.660070 0.241996
vt 0.614274 0.350447
vt 0.666492 0.350447
vt 0.614274 0.350447
vt 0.614274 0.451776
vt 0.671983 0.451776
vt 0.666492 0.350447
vt 0.614274 0.451776
vt 0.660070 0.241996
vt 0.691924 0.241996
vt 0.698938 0.350447
vt 0.666492 0.350447
vt 0.660070 0.241996
vt 0.698938 0.350447
vt 0.666492 0.350447
vt 0.698938 0.350447
vt 0.701050 0.451776
vt 0.671983 0.451776
vt 0.666492 0.350447
vt 0.701050 0.451776
vt 0.691924 0.241996
vt 0.660070 0.241996
vt 0.666492 0.350447
vt 0.698938 0.350447
vt 0.691924 0.241996
vt 0.666492 0.350447
vt 0.698938 0.350447
vt 0.666492 0.350447
vt 0.671983 0.451776
vt 0.701050 0.451776
vt 0.698938 0.350447
vt 0.671983 0.451776
vt 0.701050 0.451776
vt 0.671983 0.451776
vt 0.675617 0.547601
vt 0.564167 0.241996
vt 0.614274 0.241996
vt 0.614274 0.135164
vt 0.584615 0.135164
vt 0.564167 0.241996
vt 0.614274 0.135164
vt 0.584615 0.135164
vt 0.614274 0.135164
vt 0.614274 0.021209
vt 0.614274 0.135164
vt 0.584615 0.135164
vt 0.614274 0.021209
vt 0.614274 0.135164
vt 0.614274 0.241996
vt 0.564167 0.241996
vt 0.584615 0.135164
vt 0.614274 0.135164
vt 0.564167 0.241996
vt 0.584615 0.135164
vt 0.564167 0.241996
vt 0.519892 0.241996
vt 0.552676 0.135164
vt 0.584615 0.135164
vt 0.519892 0.241996
vt 0.660070 0.241996
vt 0.691924 0.241996
vt 0.674687 0.135164
vt 0.646382 0.135164
vt 0.660070 0.241996
vt 0.674687 0.135164
vt 0.646382 0.135164
vt 0.674687 0.135164
vt 0.614274 0.021209
vt 0.614274 0.135164
vt 0.646382 0.135164
vt 0.614274 0.021209
vt 0.660070 0.241996
vt 0.614274 0.241996
vt 0.614274 0.135164
vt 0.646382 0.135164
vt 0.660070 0.241996
vt 0.614274 0.135164
vt 0.646382 0.135164
vt 0.614274 0.135164
vt 0.614274 0.021209
vt 0.674687 0.135164
vt 0.646382 0.135164
vt 0.614274 0.021209
vt 0.701050 0.451776
vt 0.698938 0.350447
vt 0.666492 0.350447
vt 0.671983 0.451776
vt 0.701050 0.451776
vt 0.666492 0.350447
vt 0.671983 0.451776
vt 0.666492 0.350447
vt 0.614274 0.350447
vt 0.614274 0.451776
vt 0.671983 0.451776
vt 0.614274 0.350447
vt 0.614274 0.451776
vt 0.614274 0.350447
vt 0.558422 0.351419
vt 0.557070 0.454042
vt 0.614274 0.451776
vt 0.558422 0.351419
vt 0.557070 0.454042
vt 0.558422 0.351419
vt 0.509077 0.351419
vt 0.507894 0.454042
vt 0.557070 0.454042
vt 0.509077 0.351419
vt 0.698938 0.350447
vt 0.691924 0.241996
vt 0.660070 0.241996
vt 0.666492 0.350447
vt 0.698938 0.350447
vt 0.660070 0.241996
vt 0.666492 0.350447
vt 0.660070 0.241996
vt 0.614274 0.241996
vt 0.614274 0.350447
vt 0.666492 0.350447
vt 0.614274 0.241996
vt 0.614274 0.350447
vt 0.614274 0.241996
vt 0.564167 0.241996
vt 0.558422 0.351419
vt 0.614274 0.350447
vt 0.564167 0.241996
vt 0.558422 0.351419
vt 0.564167 0.241996
vt 0.519892 0.241996
vt 0.509077 0.351419
vt 0.558422 0.351419
vt 0.519892 0.241996
vt 0.664294 0.490301
vt 0.703585 0.490301
vt 0.703585 0.422640
vt 0.664294 0.422640
vt 0.664294 0.490301
vt 0.703585 0.422640
vt 0.664294 0.422640
vt 0.703585 0.422640
vt 0.703585 0.328109
vt 0.664294 0.328109
vt 0.664294 0.422640
vt 0.703585 0.328109
vt 0.560197 0.490301
vt 0.612668 0.490301
vt 0.612668 0.422640
vt 0.560197 0.422640
vt 0.560197 0.490301
vt 0.612668 0.422640
vt 0.560197 0.422640
vt 0.612668 0.422640
vt 0.612668 0.328109
vt 0.560197 0.328109
vt 0.560197 0.422640
vt 0.612668 0.328109
vt 0.555211 0.255269
vt 0.631764 0.387353
vt 0.595684 0.443682
vt 0.546339 0.327138
vt 0.555211 0.255269
vt 0.595684 0.443682
vt 0.546339 0.327138
vt 0.595684 0.443682
vt 0.541016 0.475409
vt 0.680602 0.429438
vt 0.638270 0.406777
vt 0.631764 0.487711
vt 0.662520 0.496775
vt 0.680602 0.429438
vt 0.631764 0.487711
vt 0.662520 0.496775
vt 0.631764 0.487711
vt 0.624075 0.537242
vt 0.678067 0.141638
vt 0.698262 0.250414
vt 0.631764 0.387353
vt 0.633285 0.187609
vt 0.678067 0.141638
vt 0.631764 0.387353
vt 0.633285 0.187609
vt 0.631764 0.387353
vt 0.555211 0.255269
vt 0.575575 0.141638
vt 0.633285 0.187609
vt 0.555211 0.255269
vt 0.575575 0.141638
vt 0.555211 0.255269
vt 0.588165 0.294117
vt 0.598473 0.141638
vt 0.575575 0.141638
vt 0.588165 0.294117
vt 0.586727 0.361130
vt 0.638270 0.406777
vt 0.637763 0.339764
vt 0.588165 0.294117
vt 0.586727 0.361130
vt 0.637763 0.339764
vt 0.588165 0.294117
vt 0.637763 0.339764
vt 0.633877 0.141638
vt 0.598473 0.141638
vt 0.588165 0.294117
vt 0.633877 0.141638
vt 0.638270 0.406777
vt 0.586727 0.361130
vt 0.586221 0.474113
vt 0.631764 0.487711
vt 0.638270 0.406777
vt 0.586221 0.474113
vt 0.631764 0.487711
vt 0.586221 0.474113
vt 0.586812 0.537242
vt 0.624075 0.537242
vt 0.631764 0.487711
vt 0.586812 0.537242
vt 0.624075 0.537242
vt 0.586812 0.537242
vt 0.602951 0.559255
vt 0.586727 0.361130
vt 0.546339 0.327138
vt 0.541016 0.475409
vt 0.586221 0.474113
vt 0.586727 0.361130
vt 0.541016 0.475409
vt 0.586221 0.474113
vt 0.541016 0.475409
vt 0.586812 0.537242
vt 0.578363 0.552134
vt 0.583010 0.493861
vt 0.637932 0.493861
vt 0.624075 0.552134
vt 0.578363 0.552134
vt 0.637932 0.493861
vt 0.624075 0.552134
vt 0.637932 0.493861
vt 0.662773 0.516847
vt 0.698008 0.232932
vt 0.698600 0.361130
vt 0.665900 0.146171
vt 0.678067 0.146171
vt 0.698008 0.232932
vt 0.665900 0.146171
vt 0.678067 0.146171
vt 0.665900 0.146171
vt 0.622807 0.008908
vt 0.645959 0.397065
vt 0.698008 0.232932
vt 0.678067 0.146171
vt 0.636664 0.218040
vt 0.645959 0.397065
vt 0.678067 0.146171
vt 0.636664 0.218040
vt 0.678067 0.146171
vt 0.622807 0.008908
vt 0.665900 0.146171
vt 0.698600 0.361130
vt 0.635143 0.303182
vt 0.628637 0.146171
vt 0.665900 0.146171
vt 0.635143 0.303182
vt 0.628637 0.146171
vt 0.635143 0.303182
vt 0.592305 0.279873
vt 0.604049 0.146171
vt 0.628637 0.146171
vt 0.592305 0.279873
vt 0.552508 0.268219
vt 0.645959 0.397065
vt 0.636664 0.218040
vt 0.577687 0.146171
vt 0.552508 0.268219
vt 0.636664 0.218040
vt 0.577687 0.146171
vt 0.636664 0.218040
vt 0.622807 0.008908
vt 0.585799 0.373109
vt 0.542790 0.373109
vt 0.552508 0.268219
vt 0.592305 0.279873
vt 0.585799 0.373109
vt 0.552508 0.268219
vt 0.592305 0.279873
vt 0.552508 0.268219
vt 0.577687 0.146171
vt 0.604049 0.146171
vt 0.592305 0.279873
vt 0.577687 0.146171
vt 0.604049 0.146171
vt 0.577687 0.146171
vt 0.622807 0.008908
vt 0.542790 0.373109
vt 0.546762 0.493861
vt 0.615202 0.439150
vt 0.552508 0.268219
vt 0.542790 0.373109
vt 0.615202 0.439150
vt 0.552508 0.268219
vt 0.615202 0.439150
vt 0.645959 0.397065
vt 0.546762 0.493861
vt 0.542790 0.373109
vt 0.585799 0.373109
vt 0.583010 0.493861
vt 0.546762 0.493861
vt 0.585799 0.373109
vt 0.583010 0.493861
vt 0.585799 0.373109
vt 0.637932 0.396094
vt 0.637932 0.493861
vt 0.583010 0.493861
vt 0.637932 0.396094
vt 0.637932 0.493861
vt 0.637932 0.396094
vt 0.685165 0.454366
vt 0.662773 0.516847
vt 0.637932 0.493861
vt 0.685165 0.454366
vt 0.826152 0.121178
vt 0.792357 0.053613
vt 0.858900 0.027140
vt 0.858900 0.103398
vt 0.826152 0.121178
vt 0.858900 0.027140
vt 0.858900 0.103398
vt 0.858900 0.027140
vt 0.907165 0.027140
vt 0.907165 0.103398
vt 0.858900 0.103398
vt 0.907165 0.027140
vt 0.731812 0.213637
vt 0.792357 0.156739
vt 0.792357 0.103003
vt 0.792357 0.053613
vt 0.731812 0.213637
vt 0.792357 0.103003
vt 0.792357 0.053613
vt 0.792357 0.103003
vt 0.858900 0.069813
vt 0.858900 0.027140
vt 0.792357 0.053613
vt 0.858900 0.069813
vt 0.858900 0.027140
vt 0.858900 0.069813
vt 0.907165 0.063886
vt 0.907165 0.027140
vt 0.858900 0.027140
vt 0.907165 0.063886
vt 0.826152 0.121178
vt 0.858900 0.103398
vt 0.858900 0.213637
vt 0.812158 0.213637
vt 0.826152 0.121178
vt 0.858900 0.213637
vt 0.812158 0.213637
vt 0.858900 0.213637
vt 0.858900 0.334148
vt 0.823106 0.296217
vt 0.812158 0.213637
vt 0.858900 0.334148
vt 0.792357 0.213637
vt 0.858900 0.213637
vt 0.858900 0.139749
vt 0.792357 0.156739
vt 0.792357 0.213637
vt 0.858900 0.139749
vt 0.792357 0.156739
vt 0.858900 0.139749
vt 0.858900 0.069813
vt 0.792357 0.103003
vt 0.792357 0.156739
vt 0.858900 0.069813
vt 0.858900 0.285944
vt 0.858900 0.213637
vt 0.792357 0.213637
vt 0.792357 0.268953
vt 0.858900 0.285944
vt 0.792357 0.213637
vt 0.792357 0.268953
vt 0.792357 0.213637
vt 0.731812 0.213637
vt 0.907165 0.213637
vt 0.987987 0.213637
vt 0.987987 0.136588
vt 0.907165 0.136588
vt 0.907165 0.213637
vt 0.987987 0.136588
vt 0.907165 0.136588
vt 0.987987 0.136588
vt 0.987987 0.063886
vt 0.907165 0.063886
vt 0.907165 0.136588
vt 0.987987 0.063886
vt 0.907165 0.063886
vt 0.987987 0.063886
vt 0.987702 0.027140
vt 0.907165 0.027140
vt 0.907165 0.063886
vt 0.987702 0.027140
vt 0.907165 0.027140
vt 0.987702 0.027140
vt 0.987702 0.103398
vt 0.907165 0.103398
vt 0.907165 0.027140
vt 0.987702 0.103398
vt 0.907165 0.103398
vt 0.987702 0.103398
vt 0.987702 0.213637
vt 0.907165 0.213637
vt 0.907165 0.103398
vt 0.987702 0.213637
vt 0.987987 0.419889
vt 0.987987 0.363782
vt 0.907165 0.363782
vt 0.907165 0.419889
vt 0.987987 0.419889
vt 0.907165 0.363782
vt 0.907165 0.419889
vt 0.907165 0.363782
vt 0.858900 0.357855
vt 0.858900 0.418704
vt 0.907165 0.419889
vt 0.858900 0.357855
vt 0.858900 0.418704
vt 0.858900 0.357855
vt 0.792357 0.324270
vt 0.792357 0.382748
vt 0.858900 0.418704
vt 0.792357 0.324270
vt 0.858900 0.103398
vt 0.907165 0.103398
vt 0.907165 0.213637
vt 0.858900 0.213637
vt 0.858900 0.103398
vt 0.907165 0.213637
vt 0.858900 0.213637
vt 0.907165 0.213637
vt 0.907165 0.334148
vt 0.858900 0.334148
vt 0.858900 0.213637
vt 0.907165 0.334148
vt 0.858900 0.334148
vt 0.907165 0.334148
vt 0.907165 0.418704
vt 0.858900 0.418704
vt 0.858900 0.334148
vt 0.907165 0.418704
vt 0.697079 0.271780
vt 0.664971 0.408395
vt 0.647480 0.140020
vt 0.672913 0.140020
vt 0.697079 0.271780
vt 0.647480 0.140020
vt 0.672913 0.140020
vt 0.647480 0.140020
vt 0.614019 0.057791
vt 0.575997 0.557636
vt 0.540171 0.557636
vt 0.555211 0.408395
vt 0.614104 0.556019
vt 0.575997 0.557636
vt 0.555211 0.408395
vt 0.614104 0.556019
vt 0.555211 0.408395
vt 0.582334 0.140020
vt 0.613766 0.140020
vt 0.614104 0.556019
vt 0.582334 0.140020
vt 0.613766 0.140020
vt 0.582334 0.140020
vt 0.614019 0.057791
vt 0.647480 0.140020
vt 0.613766 0.140020
vt 0.614019 0.057791
vt 0.582334 0.140020
vt 0.555211 0.408395
vt 0.513132 0.270809
vt 0.550479 0.140020
vt 0.582334 0.140020
vt 0.513132 0.270809
vt 0.550479 0.140020
vt 0.513132 0.270809
vt 0.560619 0.270809
vt 0.578363 0.140020
vt 0.550479 0.140020
vt 0.560619 0.270809
vt 0.613766 0.140020
vt 0.578363 0.140020
vt 0.560619 0.270809
vt 0.613936 0.271780
vt 0.613766 0.140020
vt 0.560619 0.270809
vt 0.613936 0.271780
vt 0.560619 0.270809
vt 0.548367 0.377641
vt 0.614019 0.377641
vt 0.613936 0.271780
vt 0.548367 0.377641
vt 0.614019 0.377641
vt 0.548367 0.377641
vt 0.547184 0.557636
vt 0.614019 0.556019
vt 0.614019 0.377641
vt 0.547184 0.557636
vt 0.614019 0.556019
vt 0.671561 0.556019
vt 0.671308 0.377641
vt 0.614019 0.377641
vt 0.614019 0.556019
vt 0.671308 0.377641
vt 0.614019 0.377641
vt 0.671308 0.377641
vt 0.665730 0.271780
vt 0.613936 0.271780
vt 0.614019 0.377641
vt 0.665730 0.271780
vt 0.671308 0.377641
vt 0.671561 0.556019
vt 0.701979 0.489006
vt 0.702825 0.377641
vt 0.671308 0.377641
vt 0.701979 0.489006
vt 0.702825 0.377641
vt 0.701979 0.489006
vt 0.678659 0.556019
vt 0.560197 0.490301
vt 0.513893 0.490301
vt 0.513893 0.422640
vt 0.560197 0.422640
vt 0.560197 0.490301
vt 0.513893 0.422640
vt 0.560197 0.422640
vt 0.513893 0.422640
vt 0.513893 0.328109
vt 0.560197 0.328109
vt 0.560197 0.422640
vt 0.513893 0.328109
vt 0.664294 0.490301
vt 0.612668 0.490301
vt 0.612668 0.422640
vt 0.664294 0.422640
vt 0.664294 0.490301
vt 0.612668 0.422640
vt 0.664294 0.422640
vt 0.612668 0.422640
vt 0.612668 0.328109
vt 0.664294 0.328109
vt 0.664294 0.422640
vt 0.612668 0.328109
vt 0.671308 0.377641
vt 0.702825 0.377641
vt 0.697079 0.271780
vt 0.665730 0.271780
vt 0.671308 0.377641
vt 0.697079 0.271780
vt 0.665730 0.271780
vt 0.697079 0.271780
vt 0.672913 0.140020
vt 0.649846 0.140020
vt 0.665730 0.271780
vt 0.672913 0.140020
vt 0.649846 0.140020
vt 0.672913 0.140020
vt 0.614019 0.057791
vt 0.703585 0.490301
vt 0.664294 0.490301
vt 0.664294 0.422640
vt 0.703585 0.422640
vt 0.703585 0.490301
vt 0.664294 0.422640
vt 0.703585 0.422640
vt 0.664294 0.422640
vt 0.664294 0.328109
vt 0.703585 0.328109
vt 0.703585 0.422640
vt 0.664294 0.328109
vt 0.986559 0.330197
vt 0.958857 0.330197
vt 0.958857 0.228651
vt 0.986559 0.228651
vt 0.986559 0.330197
vt 0.958857 0.228651
vt 0.986559 0.228651
vt 0.958857 0.228651
vt 0.957905 0.117622
vt 0.985322 0.122364
vt 0.986559 0.228651
vt 0.957905 0.117622
vt 0.859185 0.318739
vt 0.818822 0.319134
vt 0.818822 0.423445
vt 0.859185 0.448733
vt 0.859185 0.318739
vt 0.818822 0.423445
vt 0.859185 0.448733
vt 0.818822 0.423445
vt 0.818822 0.319134
vt 0.859185 0.318739
vt 0.859185 0.448733
vt 0.818822 0.319134
vt 0.859185 0.318739
vt 0.818822 0.319134
vt 0.818822 0.228651
vt 0.859185 0.228651
vt 0.859185 0.318739
vt 0.818822 0.228651
vt 0.859185 0.228651
vt 0.818822 0.228651
vt 0.819298 0.125525
vt 0.859185 0.116832
vt 0.859185 0.228651
vt 0.819298 0.125525
vt 0.775031 0.091940
vt 0.775507 0.160295
vt 0.819298 0.125525
vt 0.818822 0.021608
vt 0.775031 0.091940
vt 0.819298 0.125525
vt 0.818822 0.021608
vt 0.819298 0.125525
vt 0.859185 0.116832
vt 0.859185 0.013311
vt 0.818822 0.021608
vt 0.859185 0.116832
vt 0.819298 0.125525
vt 0.775507 0.160295
vt 0.775031 0.228651
vt 0.818822 0.228651
vt 0.819298 0.125525
vt 0.775031 0.228651
vt 0.818822 0.228651
vt 0.775031 0.228651
vt 0.775031 0.280017
vt 0.818822 0.319134
vt 0.818822 0.228651
vt 0.775031 0.280017
vt 0.818822 0.319134
vt 0.775031 0.280017
vt 0.775031 0.342051
vt 0.818822 0.423445
vt 0.818822 0.319134
vt 0.775031 0.342051
vt 0.818822 0.423445
vt 0.775031 0.342051
vt 0.818822 0.319134
vt 0.732002 0.228651
vt 0.775507 0.160295
vt 0.775031 0.228651
vt 0.775031 0.280017
vt 0.732002 0.228651
vt 0.775031 0.228651
vt 0.775031 0.280017
vt 0.775031 0.228651
vt 0.818822 0.228651
vt 0.818822 0.319134
vt 0.775031 0.280017
vt 0.818822 0.228651
vt 0.775507 0.160295
vt 0.732002 0.228651
vt 0.775031 0.091940
vt 0.819298 0.125525
vt 0.775507 0.160295
vt 0.775031 0.091940
vt 0.819298 0.125525
vt 0.775031 0.091940
vt 0.818822 0.021608
vt 0.915257 0.325060
vt 0.958857 0.330197
vt 0.958857 0.228651
vt 0.915257 0.228651
vt 0.915257 0.325060
vt 0.958857 0.228651
vt 0.915257 0.228651
vt 0.958857 0.228651
vt 0.957905 0.117622
vt 0.914685 0.118808
vt 0.915257 0.228651
vt 0.957905 0.117622
vt 0.914685 0.118808
vt 0.957905 0.117622
vt 0.957905 0.013311
vt 0.914685 0.013311
vt 0.914685 0.118808
vt 0.957905 0.013311
vt 0.914685 0.013311
vt 0.957905 0.013311
vt 0.957905 0.117622
vt 0.914685 0.118808
vt 0.914685 0.013311
vt 0.957905 0.117622
vt 0.914685 0.118808
vt 0.957905 0.117622
vt 0.958857 0.228651
vt 0.915257 0.228651
vt 0.914685 0.118808
vt 0.958857 0.228651
vt 0.915257 0.228651
vt 0.958857 0.228651
vt 0.958857 0.330197
vt 0.915257 0.325060
vt 0.915257 0.228651
vt 0.958857 0.330197
vt 0.915257 0.325060
vt 0.958857 0.330197
vt 0.958857 0.448733
vt 0.915257 0.448733
vt 0.915257 0.325060
vt 0.958857 0.448733
vt 0.915257 0.448733
vt 0.958857 0.448733
vt 0.958857 0.330197
vt 0.915257 0.325060
vt 0.915257 0.448733
vt 0.958857 0.330197
vt 0.859185 0.448733
vt 0.915257 0.448733
vt 0.915257 0.325060
vt 0.859185 0.318739
vt 0.859185 0.448733
vt 0.915257 0.325060
vt 0.859185 0.318739
vt 0.915257 0.325060
vt 0.915257 0.228651
vt 0.859185 0.228651
vt 0.859185 0.318739
vt 0.915257 0.228651
vt 0.859185 0.228651
vt 0.915257 0.228651
vt 0.914685 0.118808
vt 0.859185 0.116832
vt 0.859185 0.228651
vt 0.914685 0.118808
vt 0.859185 0.116832
vt 0.914685 0.118808
vt 0.914685 0.013311
vt 0.859185 0.013311
vt 0.859185 0.116832
vt 0.914685 0.013311
vt 0.859185 0.013311
vt 0.914685 0.013311
vt 0.914685 0.118808
vt 0.859185 0.116832
vt 0.859185 0.013311
vt 0.914685 0.118808
vt 0.859185 0.116832
vt 0.914685 0.118808
vt 0.915257 0.228651
vt 0.859185 0.228651
vt 0.859185 0.116832
vt 0.915257 0.228651
vt 0.859185 0.228651
vt 0.915257 0.228651
vt 0.915257 0.325060
vt 0.859185 0.318739
vt 0.859185 0.228651
vt 0.915257 0.325060
vt 0.859185 0.318739
vt 0.915257 0.325060
vt 0.915257 0.448733
vt 0.859185 0.448733
vt 0.859185 0.318739
vt 0.915257 0.448733
vt 0.509077 0.351419
vt 0.519892 0.241996
vt 0.564167 0.241996
vt 0.558422 0.351419
vt 0.509077 0.351419
vt 0.564167 0.241996
vt 0.558422 0.351419
vt 0.564167 0.241996
vt 0.614274 0.241996
vt 0.614274 0.350447
vt 0.558422 0.351419
vt 0.614274 0.241996
vt 0.614274 0.350447
vt 0.614274 0.241996
vt 0.660070 0.241996
vt 0.666492 0.350447
vt 0.614274 0.350447
vt 0.660070 0.241996
vt 0.666492 0.350447
vt 0.660070 0.241996
vt 0.691924 0.241996
vt 0.698938 0.350447
vt 0.666492 0.350447
vt 0.691924 0.241996
vt 0.507894 0.454042
vt 0.509077 0.351419
vt 0.558422 0.351419
vt 0.557070 0.454042
vt 0.507894 0.454042
vt 0.558422 0.351419
vt 0.557070 0.454042
vt 0.558422 0.351419
vt 0.614274 0.350447
vt 0.614274 0.451776
vt 0.557070 0.454042
vt 0.614274 0.350447
vt 0.614274 0.451776
vt 0.614274 0.350447
vt 0.666492 0.350447
vt 0.671983 0.451776
vt 0.614274 0.451776
vt 0.666492 0.350447
vt 0.671983 0.451776
vt 0.666492 0.350447
vt 0.698938 0.350447
vt 0.701050 0.451776
vt 0.671983 0.451776
vt 0.698938 0.350447
vt 0.547184 0.557636
vt 0.548367 0.377641
vt 0.505866 0.489006
vt 0.505866 0.489006
vt 0.548367 0.377641
vt 0.506795 0.377641
vt 0.506795 0.377641
vt 0.548367 0.377641
vt 0.513132 0.270809
vt 0.513132 0.270809
vt 0.548367 0.377641
vt 0.560619 0.270809
vt 0.505866 0.489006
vt 0.506795 0.377641
vt 0.540171 0.557636
vt 0.540171 0.557636
vt 0.506795 0.377641
vt 0.555211 0.408395
vt 0.555211 0.408395
vt 0.506795 0.377641
vt 0.513132 0.270809
vt 0.614104 0.556019
vt 0.664971 0.408395
vt 0.650268 0.556019
vt 0.650268 0.556019
vt 0.664971 0.408395
vt 0.678659 0.556019
vt 0.678659 0.556019
vt 0.664971 0.408395
vt 0.702825 0.377641
vt 0.702825 0.377641
vt 0.664971 0.408395
vt 0.697079 0.271780
vt 0.614019 0.057791
vt 0.613766 0.140020
vt 0.649846 0.140020
vt 0.649846 0.140020
vt 0.613766 0.140020
vt 0.665730 0.271780
vt 0.665730 0.271780
vt 0.613766 0.140020
vt 0.613936 0.271780
vt 0.792357 0.382748
vt 0.792357 0.324270
vt 0.731812 0.213637
vt 0.731812 0.213637
vt 0.792357 0.324270
vt 0.792357 0.268953
vt 0.792357 0.268953
vt 0.792357 0.324270
vt 0.858900 0.285944
vt 0.858900 0.285944
vt 0.792357 0.324270
vt 0.858900 0.357855
vt 0.858900 0.139749
vt 0.858900 0.213637
vt 0.907165 0.136588
vt 0.907165 0.136588
vt 0.858900 0.213637
vt 0.907165 0.213637
vt 0.907165 0.213637
vt 0.858900 0.213637
vt 0.907165 0.288709
vt 0.907165 0.288709
vt 0.858900 0.213637
vt 0.858900 0.285944
vt 0.858900 0.418704
vt 0.792357 0.382748
vt 0.858900 0.334148
vt 0.858900 0.334148
vt 0.792357 0.382748
vt 0.823106 0.296217
vt 0.823106 0.296217
vt 0.792357 0.382748
vt 0.812158 0.213637
vt 0.812158 0.213637
vt 0.792357 0.382748
vt 0.731812 0.213637
vt 0.987987 0.288709
vt 0.907165 0.288709
vt 0.987987 0.363782
vt 0.987987 0.363782
vt 0.907165 0.288709
vt 0.907165 0.363782
vt 0.907165 0.363782
vt 0.907165 0.288709
vt 0.858900 0.357855
vt 0.858900 0.357855
vt 0.907165 0.288709
vt 0.858900 0.285944
vt 0.592305 0.279873
vt 0.635143 0.303182
vt 0.585799 0.373109
vt 0.585799 0.373109
vt 0.635143 0.303182
vt 0.637932 0.396094
vt 0.637932 0.396094
vt 0.635143 0.303182
vt 0.685165 0.454366
vt 0.685165 0.454366
vt 0.635143 0.303182
vt 0.698600 0.361130
vt 0.678067 0.141638
vt 0.664548 0.141638
vt 0.698262 0.250414
vt 0.698262 0.250414
vt 0.664548 0.141638
vt 0.689052 0.386382
vt 0.689052 0.386382
vt 0.664548 0.141638
vt 0.637763 0.339764
vt 0.637763 0.339764
vt 0.664548 0.141638
vt 0.633877 0.141638
vt 0.584615 0.135164
vt 0.614274 0.021209
vt 0.614274 0.135164
vt 0.614274 0.135164
vt 0.614274 0.021209
vt 0.646382 0.135164
vt 0.646382 0.135164
vt 0.614274 0.021209
vt 0.674687 0.135164
vt 0.557070 0.454042
vt 0.614274 0.451776
vt 0.556901 0.550839
vt 0.556901 0.550839
vt 0.614274 0.451776
vt 0.614274 0.547601
vt 0.614274 0.547601
vt 0.614274 0.451776
vt 0.675617 0.547601
vt 0.675617 0.547601
vt 0.614274 0.451776
vt 0.671983 0.451776
vt 0.521328 0.499689
vt 0.505950 0.411957
vt 0.542537 0.499689
vt 0.542537 0.499689
vt 0.505950 0.411957
vt 0.527666 0.411957
vt 0.527666 0.411957
vt 0.505950 0.411957
vt 0.508992 0.314836
vt 0.670800 0.411957
vt 0.614019 0.499689
vt 0.614019 0.411957
vt 0.614019 0.411957
vt 0.614019 0.499689
vt 0.554957 0.411957
vt 0.554957 0.411957
vt 0.614019 0.499689
vt 0.568561 0.499689
vt 0.553774 0.412280
vt 0.614019 0.497422
vt 0.564167 0.263039
vt 0.564167 0.263039
vt 0.614019 0.497422
vt 0.614019 0.305449
vt 0.614019 0.305449
vt 0.614019 0.497422
vt 0.668942 0.251061
vt 0.668942 0.251061
vt 0.614019 0.497422
vt 0.669196 0.409690
vt 0.614019 0.305449
vt 0.614019 0.184048
vt 0.564167 0.263039
vt 0.564167 0.263039
vt 0.614019 0.184048
vt 0.582249 0.154588
vt 0.582249 0.154588
vt 0.614019 0.184048
vt 0.614019 0.028008
vt 0.614019 0.028008
vt 0.614019 0.184048
vt 0.652972 0.145847
vt 0.589601 0.081101
vt 0.614019 0.029627
vt 0.614019 0.081101
vt 0.614019 0.081101
vt 0.614019 0.029627
vt 0.637172 0.081101
vt 0.637172 0.081101
vt 0.614019 0.029627
vt 0.654239 0.081101
vt 0.536707 0.331023
vt 0.512118 0.331023
vt 0.553859 0.432028
vt 0.553859 0.432028
vt 0.512118 0.331023
vt 0.529440 0.432028
vt 0.529440 0.432028
vt 0.512118 0.331023
vt 0.507978 0.432028
vt 0.699360 0.220630
vt 0.663196 0.103115
vt 0.660577 0.220630
vt 0.660577 0.220630
vt 0.663196 0.103115
vt 0.639283 0.103115
vt 0.639283 0.103115
vt 0.663196 0.103115
vt 0.615202 0.028008
vt 0.615202 0.028008
vt 0.663196 0.103115
vt 0.657620 0.163329
vt 0.526398 0.227104
vt 0.630073 0.174336
vt 0.514231 0.432028
vt 0.514231 0.432028
vt 0.630073 0.174336
vt 0.623061 0.303830
vt 0.623061 0.303830
vt 0.630073 0.174336
vt 0.699783 0.363396
vt 0.699783 0.363396
vt 0.630073 0.174336
vt 0.687446 0.166890
vt 0.581658 0.210594
vt 0.629482 0.174012
vt 0.620863 0.021858
vt 0.620863 0.021858
vt 0.629482 0.174012
vt 0.687446 0.166890
vt 0.687446 0.166890
vt 0.629482 0.174012
vt 0.699783 0.363396
vt 0.699783 0.363396
vt 0.629482 0.174012
vt 0.627201 0.304154
vt 0.514231 0.432028
vt 0.583264 0.336851
vt 0.526398 0.227104
vt 0.526398 0.227104
vt 0.583264 0.336851
vt 0.581658 0.210594
vt 0.581658 0.210594
vt 0.583264 0.336851
vt 0.629482 0.174012
vt 0.629482 0.174012
vt 0.583264 0.336851
vt 0.627201 0.304154
vt 0.687446 0.166890
vt 0.630073 0.174336
vt 0.699783 0.363396
vt 0.699783 0.363396
vt 0.630073 0.174336
vt 0.623061 0.303830
vt 0.623061 0.303830
vt 0.630073 0.174336
vt 0.514231 0.432028
vt 0.514231 0.432028
vt 0.630073 0.174336
vt 0.526398 0.227104
vt 0.627201 0.304154
vt 0.629482 0.174012
vt 0.699783 0.363396
vt 0.699783 0.363396
vt 0.629482 0.174012
vt 0.687446 0.166890
vt 0.687446 0.166890
vt 0.629482 0.174012
vt 0.620863 0.021858
vt 0.620863 0.021858
vt 0.629482 0.174012
vt 0.581658 0.210594
vt 0.678827 0.310951
vt 0.611232 0.241348
vt 0.680180 0.553752
vt 0.680180 0.553752
vt 0.611232 0.241348
vt 0.611147 0.558932
vt 0.611147 0.558932
vt 0.611232 0.241348
vt 0.535016 0.553752
vt 0.535016 0.553752
vt 0.611232 0.241348
vt 0.553774 0.294765
vt 0.676631 0.162358
vt 0.614104 0.020885
vt 0.637256 0.113798
vt 0.637256 0.113798
vt 0.614104 0.020885
vt 0.615794 0.113798
vt 0.615794 0.113798
vt 0.614104 0.020885
vt 0.596783 0.113798
vt 0.596783 0.113798
vt 0.614104 0.020885
vt 0.560534 0.113798
vt 0.583517 0.543392
vt 0.583602 0.477351
vt 0.552085 0.543392
vt 0.552085 0.543392
vt 0.583602 0.477351
vt 0.552085 0.506810
vt 0.552085 0.506810
vt 0.583602 0.477351
vt 0.551747 0.382173
vt 0.551747 0.382173
vt 0.583602 0.477351
vt 0.586221 0.340088
vt 0.583517 0.543392
vt 0.615794 0.543392
vt 0.583602 0.477351
vt 0.583602 0.477351
vt 0.615794 0.543392
vt 0.615794 0.467315
vt 0.615794 0.467315
vt 0.615794 0.543392
vt 0.648748 0.477351
vt 0.648748 0.477351
vt 0.615794 0.543392
vt 0.648832 0.543392
vt 0.615794 0.467315
vt 0.648748 0.477351
vt 0.615794 0.333289
vt 0.615794 0.333289
vt 0.648748 0.477351
vt 0.646889 0.340088
vt 0.646889 0.340088
vt 0.648748 0.477351
vt 0.678067 0.366310
vt 0.678067 0.366310
vt 0.648748 0.477351
vt 0.679335 0.506810
vt 0.695135 0.463430
vt 0.661084 0.304801
vt 0.692600 0.214479
vt 0.692600 0.214479
vt 0.661084 0.304801
vt 0.669279 0.096640
vt 0.669279 0.096640
vt 0.661084 0.304801
vt 0.604894 0.029303
vt 0.604894 0.029303
vt 0.661084 0.304801
vt 0.603543 0.194731
vt 0.513893 0.490301
vt 0.560197 0.490301
vt 0.513893 0.548896
vt 0.513893 0.548896
vt 0.560197 0.490301
vt 0.560197 0.548896
vt 0.560197 0.548896
vt 0.560197 0.490301
vt 0.612668 0.548896
vt 0.612668 0.548896
vt 0.560197 0.490301
vt 0.612668 0.490301
vt 0.525215 0.228399
vt 0.565858 0.228399
vt 0.513893 0.328109
vt 0.513893 0.328109
vt 0.565858 0.228399
vt 0.560197 0.328109
vt 0.560197 0.328109
vt 0.565858 0.228399
vt 0.612668 0.328109
vt 0.612668 0.328109
vt 0.565858 0.228399
vt 0.612668 0.228399
vt 0.612668 0.144552
vt 0.612668 0.228399
vt 0.645452 0.144552
vt 0.645452 0.144552
vt 0.612668 0.228399
vt 0.658549 0.228399
vt 0.658549 0.228399
vt 0.612668 0.228399
vt 0.664294 0.328109
vt 0.664294 0.328109
vt 0.612668 0.228399
vt 0.612668 0.328109
vt 0.545917 0.144552
vt 0.612753 0.051641
vt 0.578785 0.144552
vt 0.578785 0.144552
vt 0.612753 0.051641
vt 0.612668 0.144552
vt 0.612668 0.144552
vt 0.612753 0.051641
vt 0.645452 0.144552
vt 0.645452 0.144552
vt 0.612753 0.051641
vt 0.674857 0.144552
vt 0.957905 0.013311
vt 0.957905 0.117622
vt 0.985322 0.013311
vt 0.985322 0.013311
vt 0.957905 0.117622
vt 0.985322 0.122364
vt 0.985322 0.122364
vt 0.957905 0.117622
vt 0.986559 0.228651
vt 0.986559 0.228651
vt 0.957905 0.117622
vt 0.958857 0.228651
vt 0.819298 0.125525
vt 0.818822 0.228651
vt 0.859185 0.116832
vt 0.859185 0.116832
vt 0.818822 0.228651
vt 0.859185 0.228651
vt 0.859185 0.228651
vt 0.818822 0.228651
vt 0.859185 0.318739
vt 0.859185 0.318739
vt 0.818822 0.228651
vt 0.818822 0.319134
vt 0.611147 0.088871
vt 0.611570 0.056496
vt 0.680940 0.140667
vt 0.680940 0.140667
vt 0.611570 0.056496
vt 0.644691 0.056496
vt 0.644691 0.056496
vt 0.611570 0.056496
vt 0.611232 0.028332
vt 0.525891 0.253975
vt 0.615794 0.126423
vt 0.528088 0.210918
vt 0.528088 0.210918
vt 0.615794 0.126423
vt 0.614104 0.020885
vt 0.614104 0.020885
vt 0.615794 0.126423
vt 0.696149 0.210918
vt 0.696149 0.210918
vt 0.615794 0.126423
vt 0.697924 0.253975
vt 0.493975 0.757787
vt 0.393131 0.765578
vt 0.493975 0.778725
vt 0.493975 0.778725
vt 0.393131 0.765578
vt 0.393131 0.778725
vt 0.393131 0.778725
vt 0.393131 0.765578
vt 0.288267 0.778725
vt 0.288267 0.778725
vt 0.393131 0.765578
vt 0.288267 0.757787
vt 0.288267 0.757787
vt 0.393131 0.765578
vt 0.288267 0.778725
vt 0.288267 0.778725
vt 0.393131 0.765578
vt 0.393131 0.778725
vt 0.393131 0.778725
vt 0.393131 0.765578
vt 0.493975 0.778725
vt 0.493975 0.778725
vt 0.393131 0.765578
vt 0.493975 0.757787
vt 0.371138 0.728268
vt 0.366947 0.725091
vt 0.370926 0.724764
vt 0.366947 0.725091
vt 0.369339 0.741676
vt 0.368132 0.745375
vt 0.371138 0.728268
vt 0.369339 0.741676
vt 0.366947 0.725091
vt 0.059059 0.054137
vt 0.059059 0.054137
vt 0.059059 0.054137
vt 0.059059 0.054137
vt 0.059059 0.054137
vt 0.059059 0.054137
vt 0.664062 0.042969
vt 0.664062 0.042969
vt 0.664062 0.042969
vt 0.664062 0.042969
vt 0.664062 0.042969
vt 0.664062 0.042969
vt 0.664062 0.042969
vt 0.664062 0.042969
vt 0.664062 0.042969
vt 0.664062 0.042969
vt 0.664062 0.042969
vt 0.664062 0.042969
vt 0.664062 0.042969
vt 0.664062 0.042969
vt 0.664062 0.042969

vn -0.525300 -0.332000 0.783500
vn -0.914900 0.198300 0.351600
vn -0.461200 -0.072300 0.884300
vn 0.800600 0.595600 0.066000
vn 0.604800 0.784200 -0.138900
vn 0.917200 0.366100 0.157200
vn -0.800500 0.595600 0.065900
vn -0.566700 0.815600 -0.116800
vn -0.539800 0.841800 0.000200
vn 0.673300 -0.585300 0.451800
vn 0.840300 0.434700 0.324100
vn 0.844000 0.144000 0.516700
vn 0.673300 -0.585300 0.451800
vn 0.673300 -0.585300 0.451800
vn 0.958600 -0.098100 0.267200
vn 0.958600 -0.098100 0.267200
vn 0.673300 -0.585300 0.451800
vn 0.614700 0.036600 0.787900
vn 0.917700 0.153300 0.366500
vn 0.673300 -0.585300 0.451800
vn 0.844000 0.144000 0.516700
vn 0.844000 0.144000 0.516700
vn 0.673300 -0.585300 0.451800
vn 0.673300 -0.585300 0.451800
vn -0.958600 -0.098100 0.267200
vn -0.958600 -0.098200 0.267400
vn -0.855600 0.397400 0.331600
vn -0.855600 0.397400 0.331600
vn -0.958600 -0.098200 0.267400
vn -0.855600 0.397400 0.331600
vn 0.855700 0.397300 0.331600
vn 0.614700 0.036600 0.787900
vn 0.855700 0.397300 0.331600
vn 0.855700 0.397300 0.331600
vn 0.614700 0.036600 0.787900
vn 0.614700 0.036600 0.787900
vn -0.914900 0.198300 0.351600
vn -0.844000 0.144000 0.516700
vn -0.941600 0.154600 0.299200
vn -0.941600 0.154600 0.299200
vn -0.844000 0.144000 0.516700
vn -0.917700 0.153300 0.366600
vn 0.917200 0.366100 0.157200
vn 0.604800 0.784200 -0.138900
vn 0.601900 0.685300 0.409800
vn 0.601900 0.685300 0.409800
vn 0.604800 0.784200 -0.138900
vn 0.055100 0.769900 -0.635800
vn -0.941600 0.154600 0.299200
vn -0.917700 0.153300 0.366600
vn -0.963700 0.055300 0.261400
vn -0.963700 0.055300 0.261400
vn -0.917700 0.153300 0.366600
vn -0.917200 0.366100 0.157400
vn -0.673400 -0.585300 0.451700
vn -0.840300 0.434700 0.324000
vn -0.673300 -0.585300 0.451700
vn -0.673300 -0.585300 0.451700
vn -0.840300 0.434700 0.324000
vn -0.958600 -0.098100 0.267300
vn 0.525300 -0.331900 0.783500
vn 0.525300 -0.331900 0.783500
vn 0.436500 0.219100 0.872600
vn 0.436500 0.219100 0.872600
vn 0.525300 -0.331900 0.783500
vn 0.312600 -0.390200 0.866000
vn 0.917200 0.366100 0.157200
vn 0.601900 0.685400 0.409800
vn 0.917700 0.153300 0.366500
vn 0.917700 0.153300 0.366500
vn 0.601900 0.685400 0.409800
vn 0.673300 -0.585300 0.451800
vn 0.364000 0.931400 0.006100
vn 0.364100 0.931400 0.006100
vn 0.000000 0.999400 0.034200
vn 0.000000 0.999400 0.034200
vn 0.364100 0.931400 0.006100
vn 0.000000 0.999400 0.034300
vn 0.963600 0.055300 0.261400
vn 0.704000 -0.135300 0.697200
vn 0.800600 0.595600 0.066100
vn 0.800600 0.595600 0.066100
vn 0.704000 -0.135300 0.697200
vn 0.703900 -0.135200 0.697300
vn 0.963600 0.055300 0.261400
vn 0.704000 -0.135300 0.697200
vn 0.963600 0.055300 0.261400
vn 0.963600 0.055300 0.261400
vn 0.704000 -0.135300 0.697200
vn 0.704000 -0.135300 0.697200
vn 0.695400 0.695900 0.179300
vn 0.695400 0.695900 0.179400
vn 0.651900 0.602100 -0.461000
vn 0.651900 0.602100 -0.461000
vn 0.695400 0.695900 0.179400
vn 0.695300 0.696000 0.179300
vn 0.704000 -0.135300 0.697200
vn 0.963600 0.055300 0.261400
vn 0.348300 0.034100 0.936800
vn 0.348300 0.034100 0.936800
vn 0.963600 0.055300 0.261400
vn 0.941600 0.154600 0.299300
vn -0.673300 -0.585300 0.451700
vn -0.958600 -0.098100 0.267300
vn -0.958600 -0.098100 0.267200
vn -0.958600 -0.098100 0.267200
vn -0.958600 -0.098100 0.267300
vn -0.958600 -0.098200 0.267400
vn -0.844000 0.144000 0.516700
vn 0.188000 -0.838400 -0.511700
vn -0.673400 -0.585300 0.451700
vn -0.673400 -0.585300 0.451700
vn 0.188000 -0.838400 -0.511700
vn -0.840300 0.434700 0.324000
vn -0.673300 -0.585300 0.451700
vn -0.840300 0.434700 0.324000
vn 0.187900 -0.838200 -0.511900
vn 0.187900 -0.838200 -0.511900
vn -0.840300 0.434700 0.324000
vn 0.188000 -0.838400 -0.511700
vn -0.855600 0.397400 0.331800
vn -0.855600 0.397400 0.331600
vn -0.958600 -0.098200 0.267400
vn -0.958600 -0.098200 0.267400
vn -0.855600 0.397400 0.331600
vn -0.958600 -0.098200 0.267400
vn -0.614800 0.036600 0.787800
vn -0.855600 0.397400 0.331600
vn -0.602000 0.685300 0.409800
vn -0.602000 0.685300 0.409800
vn -0.855600 0.397400 0.331600
vn -0.602000 0.685300 0.409800
vn -0.614800 0.036600 0.787800
vn -0.614800 0.036600 0.787800
vn -0.673300 -0.585300 0.451800
vn -0.673300 -0.585300 0.451800
vn -0.614800 0.036600 0.787800
vn -0.614700 0.036600 0.787900
vn -0.917200 0.366100 0.157400
vn -0.601900 0.685400 0.409900
vn -0.604800 0.784200 -0.138800
vn -0.604800 0.784200 -0.138800
vn -0.601900 0.685400 0.409900
vn -0.601900 0.685300 0.409900
vn -0.673300 -0.585300 0.451800
vn -0.673300 -0.585300 0.451700
vn -0.614800 0.036600 0.787800
vn -0.614800 0.036600 0.787800
vn -0.673300 -0.585300 0.451700
vn -0.958600 -0.098100 0.267200
vn -0.614800 0.036600 0.787800
vn -0.958600 -0.098100 0.267200
vn -0.614800 0.036600 0.787800
vn -0.614800 0.036600 0.787800
vn -0.958600 -0.098100 0.267200
vn -0.855600 0.397400 0.331600
vn -0.673300 -0.585300 0.451800
vn -0.614700 0.036600 0.787900
vn -0.673400 -0.585300 0.451700
vn -0.673400 -0.585300 0.451700
vn -0.614700 0.036600 0.787900
vn -0.602000 0.685400 0.409800
vn 0.055000 0.769900 -0.635700
vn 0.604800 0.784200 -0.138900
vn -0.187100 -0.838100 -0.512400
vn -0.188000 -0.838200 -0.511900
vn 0.055000 0.769900 -0.635700
vn -0.187100 -0.838100 -0.512400
vn -0.188000 -0.838200 -0.511900
vn -0.187100 -0.838100 -0.512400
vn 0.114200 -0.679300 -0.724900
vn 0.114200 -0.679300 -0.724900
vn -0.188000 -0.838200 -0.511900
vn 0.114200 -0.679300 -0.724900
vn 0.114200 -0.679300 -0.724900
vn 0.114200 -0.679300 -0.724900
vn 0.114200 -0.679300 -0.724900
vn 0.793700 -0.131700 -0.593800
vn 0.114200 -0.679300 -0.724900
vn 0.114200 -0.679300 -0.724900
vn 0.793700 -0.131700 -0.593800
vn 0.114200 -0.679300 -0.724900
vn 0.793800 -0.131700 -0.593800
vn 0.793800 -0.131700 -0.593800
vn 0.793700 -0.131700 -0.593800
vn 0.793800 -0.131700 -0.593800
vn 0.793800 -0.131700 -0.593800
vn 0.793800 -0.131700 -0.593800
vn 0.527500 0.509700 -0.679600
vn 0.527500 0.509800 -0.679700
vn 0.793800 -0.131700 -0.593800
vn 0.527500 0.509700 -0.679600
vn 0.527500 0.509800 -0.679700
vn 0.527500 0.509700 -0.679600
vn 0.055100 0.770000 -0.635700
vn 0.055100 0.770000 -0.635600
vn 0.527500 0.509800 -0.679700
vn 0.055100 0.770000 -0.635700
vn 0.055100 0.770000 -0.635600
vn 0.055100 0.770000 -0.635700
vn 0.055100 0.769900 -0.635800
vn 0.055100 0.770000 -0.635600
vn 0.055100 0.770000 -0.635600
vn 0.055100 0.769900 -0.635800
vn 0.055100 0.769900 -0.635800
vn 0.604800 0.784200 -0.138900
vn 0.055000 0.769900 -0.635700
vn 0.055100 0.770000 -0.635600
vn 0.055100 0.769900 -0.635800
vn 0.055000 0.769900 -0.635700
vn 0.055100 0.770000 -0.635600
vn 0.055000 0.769900 -0.635700
vn -0.188000 -0.838200 -0.511900
vn 0.114200 -0.679300 -0.724900
vn 0.055100 0.770000 -0.635600
vn -0.188000 -0.838200 -0.511900
vn -0.601900 0.685400 0.409900
vn -0.602000 0.685300 0.409800
vn -0.855700 0.397300 0.331500
vn -0.601900 0.685300 0.409900
vn -0.601900 0.685400 0.409900
vn -0.855700 0.397300 0.331500
vn -0.601900 0.685300 0.409900
vn -0.855700 0.397300 0.331500
vn -0.055100 0.770000 -0.635700
vn -0.055100 0.770000 -0.635700
vn -0.601900 0.685300 0.409900
vn -0.055100 0.770000 -0.635700
vn -0.958600 -0.098100 0.267300
vn -0.840300 0.434700 0.324000
vn -0.673300 -0.585300 0.451700
vn -0.958600 -0.098000 0.267400
vn -0.958600 -0.098100 0.267300
vn -0.673300 -0.585300 0.451700
vn -0.958600 -0.098000 0.267400
vn -0.673300 -0.585300 0.451700
vn -0.055100 0.770000 -0.635700
vn -0.055100 0.770000 -0.635700
vn -0.958600 -0.098000 0.267400
vn -0.055100 0.770000 -0.635700
vn -0.000100 0.892100 0.451900
vn 0.695400 0.695900 0.179400
vn 0.695400 0.695900 0.179300
vn 0.000000 0.892100 0.451800
vn -0.000100 0.892100 0.451900
vn 0.695400 0.695900 0.179300
vn 0.000000 0.892100 0.451800
vn 0.695400 0.695900 0.179300
vn 0.364000 0.931400 0.006100
vn 0.000000 0.999400 0.034200
vn 0.000000 0.892100 0.451800
vn 0.364000 0.931400 0.006100
vn -0.844000 0.144000 0.516700
vn -0.673400 -0.585300 0.451700
vn -0.673400 -0.585300 0.451700
vn -0.917700 0.153300 0.366600
vn -0.844000 0.144000 0.516700
vn -0.673400 -0.585300 0.451700
vn -0.917700 0.153300 0.366600
vn -0.673400 -0.585300 0.451700
vn -0.602000 0.685400 0.409800
vn -0.917200 0.366000 0.157300
vn -0.917700 0.153300 0.366600
vn -0.602000 0.685400 0.409800
vn -0.602100 0.685300 0.409800
vn -0.602000 0.685400 0.409800
vn -0.614700 0.036600 0.787900
vn -0.602000 0.685300 0.409800
vn -0.602100 0.685300 0.409800
vn -0.614700 0.036600 0.787900
vn -0.602000 0.685300 0.409800
vn -0.614700 0.036600 0.787900
vn -0.614800 0.036600 0.787800
vn -0.614800 0.036600 0.787800
vn -0.602000 0.685300 0.409800
vn -0.614800 0.036600 0.787800
vn -0.614800 0.036600 0.787800
vn -0.614800 0.036600 0.787800
vn -0.614800 0.036600 0.787800
vn -0.614800 0.036600 0.787800
vn -0.614800 0.036600 0.787800
vn -0.614800 0.036600 0.787800
vn -0.614800 0.036600 0.787800
vn -0.614800 0.036600 0.787800
vn -0.673300 -0.585300 0.451800
vn -0.673300 -0.585300 0.451800
vn -0.614800 0.036600 0.787800
vn -0.673300 -0.585300 0.451800
vn -0.673300 -0.585300 0.451800
vn -0.673300 -0.585300 0.451800
vn -0.673400 -0.585300 0.451700
vn -0.673400 -0.585300 0.451700
vn -0.673300 -0.585300 0.451800
vn -0.673400 -0.585300 0.451700
vn 0.855700 0.397300 0.331600
vn 0.527500 0.509700 -0.679600
vn 0.793800 -0.131700 -0.593800
vn 0.958600 -0.098100 0.267200
vn 0.855700 0.397300 0.331600
vn 0.793800 -0.131700 -0.593800
vn 0.958600 -0.098100 0.267200
vn 0.793800 -0.131700 -0.593800
vn 0.114200 -0.679300 -0.724900
vn 0.673300 -0.585300 0.451800
vn 0.958600 -0.098100 0.267200
vn 0.114200 -0.679300 -0.724900
vn 0.673300 -0.585300 0.451800
vn 0.114200 -0.679300 -0.724900
vn 0.114200 -0.679300 -0.724900
vn 0.840300 0.434700 0.324100
vn 0.673300 -0.585300 0.451800
vn 0.114200 -0.679300 -0.724900
vn 0.840300 0.434700 0.324100
vn 0.114200 -0.679300 -0.724900
vn -0.187100 -0.838100 -0.512400
vn 0.844000 0.144000 0.516700
vn 0.840300 0.434700 0.324100
vn -0.187100 -0.838100 -0.512400
vn 0.527500 0.509700 -0.679600
vn 0.855700 0.397300 0.331600
vn 0.855700 0.397300 0.331600
vn 0.055100 0.770000 -0.635700
vn 0.527500 0.509700 -0.679600
vn 0.855700 0.397300 0.331600
vn 0.055100 0.770000 -0.635700
vn 0.855700 0.397300 0.331600
vn 0.601900 0.685300 0.409800
vn 0.055100 0.769900 -0.635800
vn 0.055100 0.770000 -0.635700
vn 0.601900 0.685300 0.409800
vn -0.602000 0.685300 0.409800
vn -0.855600 0.397400 0.331600
vn -0.855600 0.397400 0.331600
vn -0.855700 0.397300 0.331500
vn -0.602000 0.685300 0.409800
vn -0.855600 0.397400 0.331600
vn -0.855700 0.397300 0.331500
vn -0.855600 0.397400 0.331600
vn -0.855600 0.397400 0.331800
vn -0.055100 0.770000 -0.635700
vn -0.855700 0.397300 0.331500
vn -0.855600 0.397400 0.331800
vn -0.673300 -0.585300 0.451700
vn 0.187900 -0.838200 -0.511900
vn -0.055100 0.770000 -0.635700
vn -0.673300 -0.585300 0.451700
vn -0.673300 -0.585300 0.451800
vn -0.673400 -0.585300 0.451700
vn -0.673400 -0.585300 0.451700
vn -0.673300 -0.585300 0.451700
vn -0.673400 -0.585300 0.451700
vn -0.673400 -0.585300 0.451700
vn -0.673400 -0.585300 0.451700
vn -0.844000 0.144000 0.516700
vn -0.958600 -0.098200 0.267400
vn -0.958600 -0.098100 0.267300
vn -0.958600 -0.098000 0.267400
vn -0.958600 -0.098200 0.267400
vn -0.958600 -0.098200 0.267400
vn -0.958600 -0.098000 0.267400
vn -0.958600 -0.098200 0.267400
vn -0.958600 -0.098000 0.267400
vn -0.055100 0.770000 -0.635700
vn -0.855600 0.397400 0.331800
vn -0.958600 -0.098200 0.267400
vn -0.055100 0.770000 -0.635700
vn 0.000000 0.999400 0.034200
vn 0.000000 0.999400 0.034300
vn -0.364000 0.931400 0.006100
vn -0.364000 0.931400 0.006100
vn 0.000000 0.999400 0.034200
vn -0.364000 0.931400 0.006100
vn -0.364000 0.931400 0.006100
vn -0.364000 0.931400 0.006100
vn -0.539800 0.841800 0.000300
vn -0.539800 0.841800 0.000200
vn -0.364000 0.931400 0.006100
vn -0.539800 0.841800 0.000300
vn -0.539800 0.841800 0.000200
vn -0.566700 0.815600 -0.116800
vn -0.695400 0.695900 0.179300
vn -0.364000 0.931400 0.006100
vn -0.539800 0.841800 0.000200
vn -0.695400 0.695900 0.179300
vn -0.364000 0.931400 0.006100
vn -0.695400 0.695900 0.179300
vn 0.000000 0.892100 0.451800
vn 0.000000 0.999400 0.034200
vn -0.364000 0.931400 0.006100
vn 0.000000 0.892100 0.451800
vn 0.000000 0.265200 0.964200
vn -0.000100 -0.478000 0.878300
vn -0.312500 -0.390300 0.866000
vn -0.436600 0.219100 0.872600
vn 0.000000 0.265200 0.964200
vn -0.312500 -0.390300 0.866000
vn -0.436600 0.219100 0.872600
vn -0.312500 -0.390300 0.866000
vn -0.525300 -0.332000 0.783500
vn -0.525300 -0.332000 0.783500
vn -0.436600 0.219100 0.872600
vn -0.525300 -0.332000 0.783500
vn 0.673300 -0.585300 0.451800
vn 0.601900 0.685400 0.409800
vn 0.614700 0.036600 0.787900
vn 0.673300 -0.585300 0.451800
vn 0.673300 -0.585300 0.451800
vn 0.614700 0.036600 0.787900
vn 0.673300 -0.585300 0.451800
vn 0.614700 0.036600 0.787900
vn 0.614700 0.036600 0.787900
vn 0.614700 0.036600 0.787900
vn 0.673300 -0.585300 0.451800
vn 0.614700 0.036600 0.787900
vn 0.614700 0.036600 0.787900
vn 0.614700 0.036600 0.787900
vn 0.855700 0.397300 0.331600
vn 0.958600 -0.098100 0.267200
vn 0.614700 0.036600 0.787900
vn 0.855700 0.397300 0.331600
vn 0.941600 0.154600 0.299300
vn 0.917700 0.153300 0.366500
vn 0.844000 0.144000 0.516700
vn 0.914900 0.198300 0.351500
vn 0.941600 0.154600 0.299300
vn 0.844000 0.144000 0.516700
vn 0.914900 0.198300 0.351500
vn 0.844000 0.144000 0.516700
vn 0.784400 0.221100 0.579500
vn 0.525300 -0.331900 0.783500
vn 0.914900 0.198300 0.351500
vn 0.784400 0.221100 0.579500
vn 0.525300 -0.331900 0.783500
vn 0.784400 0.221100 0.579500
vn 0.525300 -0.331900 0.783500
vn 0.800600 0.595600 0.066100
vn 0.539800 0.841800 0.000200
vn 0.800600 0.595600 0.066000
vn 0.963600 0.055300 0.261400
vn 0.800600 0.595600 0.066100
vn 0.800600 0.595600 0.066000
vn 0.963600 0.055300 0.261400
vn 0.800600 0.595600 0.066000
vn 0.917200 0.366100 0.157200
vn 0.963600 0.055300 0.261400
vn 0.963600 0.055300 0.261400
vn 0.917200 0.366100 0.157200
vn 0.963600 0.055300 0.261400
vn 0.917200 0.366100 0.157200
vn 0.917700 0.153300 0.366500
vn 0.941600 0.154600 0.299300
vn 0.963600 0.055300 0.261400
vn 0.917700 0.153300 0.366500
vn -0.703900 -0.135200 0.697300
vn -0.703900 -0.135300 0.697300
vn -0.703900 -0.135300 0.697300
vn -0.963600 0.055300 0.261400
vn -0.703900 -0.135200 0.697300
vn -0.703900 -0.135300 0.697300
vn -0.963600 0.055300 0.261400
vn -0.703900 -0.135300 0.697300
vn -0.348300 0.034100 0.936700
vn -0.963700 0.055300 0.261400
vn -0.963600 0.055300 0.261400
vn -0.348300 0.034100 0.936700
vn -0.461200 -0.072300 0.884300
vn -0.914900 0.198300 0.351600
vn -0.941600 0.154600 0.299200
vn -0.461300 -0.072200 0.884300
vn -0.461200 -0.072300 0.884300
vn -0.941600 0.154600 0.299200
vn -0.461300 -0.072200 0.884300
vn -0.941600 0.154600 0.299200
vn -0.963700 0.055300 0.261400
vn -0.348300 0.034100 0.936700
vn -0.461300 -0.072200 0.884300
vn -0.963700 0.055300 0.261400
vn -0.652000 0.602100 -0.461000
vn -0.695400 0.695900 0.179500
vn -0.695400 0.695900 0.179300
vn -0.695400 0.695900 0.179300
vn -0.652000 0.602100 -0.461000
vn -0.695400 0.695900 0.179300
vn -0.695400 0.695900 0.179300
vn -0.695400 0.695900 0.179300
vn -0.000100 0.892100 0.451900
vn 0.000000 0.892100 0.451800
vn -0.695400 0.695900 0.179300
vn -0.000100 0.892100 0.451900
vn 0.055100 0.770000 -0.635600
vn 0.114200 -0.679300 -0.724900
vn 0.793700 -0.131700 -0.593800
vn 0.055100 0.770000 -0.635600
vn 0.055100 0.770000 -0.635600
vn 0.793700 -0.131700 -0.593800
vn 0.055100 0.770000 -0.635600
vn 0.793700 -0.131700 -0.593800
vn 0.793800 -0.131700 -0.593800
vn 0.527500 0.509800 -0.679700
vn 0.055100 0.770000 -0.635600
vn 0.793800 -0.131700 -0.593800
vn 0.601900 0.685300 0.409800
vn 0.601900 0.685300 0.409800
vn 0.855700 0.397300 0.331600
vn 0.855700 0.397300 0.331600
vn 0.601900 0.685300 0.409800
vn 0.855700 0.397300 0.331600
vn 0.855700 0.397300 0.331600
vn 0.855700 0.397300 0.331600
vn 0.855700 0.397300 0.331600
vn 0.855700 0.397300 0.331600
vn 0.855700 0.397300 0.331600
vn 0.855700 0.397300 0.331600
vn 0.855700 0.397300 0.331600
vn 0.855700 0.397300 0.331600
vn 0.958600 -0.098100 0.267200
vn 0.958600 -0.098100 0.267200
vn 0.855700 0.397300 0.331600
vn 0.958600 -0.098100 0.267200
vn 0.958600 -0.098100 0.267200
vn 0.958600 -0.098100 0.267200
vn 0.673300 -0.585300 0.451800
vn 0.673300 -0.585300 0.451800
vn 0.958600 -0.098100 0.267200
vn 0.673300 -0.585300 0.451800
vn 0.673300 -0.585300 0.451800
vn 0.673300 -0.585300 0.451800
vn 0.673300 -0.585300 0.451800
vn 0.673300 -0.585300 0.451800
vn 0.673300 -0.585300 0.451800
vn 0.673300 -0.585300 0.451800
vn 0.673300 -0.585300 0.451800
vn 0.673300 -0.585300 0.451800
vn 0.673300 -0.585300 0.451800
vn 0.840300 0.434700 0.324100
vn 0.673300 -0.585300 0.451800
vn 0.673300 -0.585300 0.451800
vn -0.695400 0.695900 0.179300
vn -0.566700 0.815600 -0.116800
vn -0.652000 0.602100 -0.461000
vn -0.652000 0.602100 -0.461000
vn -0.566700 0.815600 -0.116800
vn -0.652000 0.602100 -0.460900
vn -0.652000 0.602100 -0.460900
vn -0.566700 0.815600 -0.116800
vn -0.604800 0.784200 -0.138800
vn -0.604800 0.784200 -0.138800
vn -0.566700 0.815600 -0.116800
vn -0.800500 0.595600 0.065900
vn -0.602000 0.685400 0.409800
vn -0.602100 0.685300 0.409800
vn -0.917200 0.366000 0.157300
vn -0.917200 0.366000 0.157300
vn -0.602100 0.685300 0.409800
vn -0.601900 0.685400 0.409900
vn -0.601900 0.685400 0.409900
vn -0.602100 0.685300 0.409800
vn -0.602000 0.685300 0.409800
vn -0.602000 0.685300 0.409800
vn -0.602100 0.685300 0.409800
vn -0.602000 0.685300 0.409800
vn 0.652000 0.602000 -0.461000
vn 0.651900 0.602100 -0.461000
vn 0.000000 0.455800 -0.890100
vn 0.000000 0.455800 -0.890100
vn 0.651900 0.602100 -0.461000
vn 0.000000 0.455800 -0.890100
vn 0.000000 0.455800 -0.890100
vn 0.651900 0.602100 -0.461000
vn 0.000000 0.455900 -0.890000
vn 0.000000 0.455900 -0.890000
vn 0.651900 0.602100 -0.461000
vn 0.695300 0.696000 0.179300
vn 0.800600 0.595600 0.066000
vn 0.566700 0.815600 -0.116900
vn 0.604800 0.784200 -0.138900
vn 0.604800 0.784200 -0.138900
vn 0.566700 0.815600 -0.116900
vn 0.652000 0.602000 -0.461000
vn 0.652000 0.602000 -0.461000
vn 0.566700 0.815600 -0.116900
vn 0.651900 0.602100 -0.461000
vn 0.651900 0.602100 -0.461000
vn 0.566700 0.815600 -0.116900
vn 0.695400 0.695900 0.179300
vn 0.800600 0.595600 0.066000
vn 0.539800 0.841800 0.000200
vn 0.566700 0.815600 -0.116900
vn 0.566700 0.815600 -0.116900
vn 0.539800 0.841800 0.000200
vn 0.695400 0.695900 0.179300
vn 0.695400 0.695900 0.179300
vn 0.539800 0.841800 0.000200
vn 0.364000 0.931400 0.006100
vn 0.525300 -0.331900 0.783500
vn 0.461200 -0.072100 0.884400
vn 0.914900 0.198300 0.351500
vn 0.914900 0.198300 0.351500
vn 0.461200 -0.072100 0.884400
vn 0.941600 0.154600 0.299300
vn 0.941600 0.154600 0.299300
vn 0.461200 -0.072100 0.884400
vn 0.348300 0.034100 0.936800
vn 0.703900 -0.135200 0.697300
vn 0.539800 0.841800 0.000300
vn 0.800600 0.595600 0.066100
vn 0.800600 0.595600 0.066100
vn 0.539800 0.841800 0.000300
vn 0.539800 0.841800 0.000200
vn 0.539800 0.841800 0.000200
vn 0.539800 0.841800 0.000300
vn 0.364000 0.931400 0.006100
vn 0.364000 0.931400 0.006100
vn 0.539800 0.841800 0.000300
vn 0.364100 0.931400 0.006100
vn -0.695400 0.695900 0.179500
vn -0.652000 0.602100 -0.461000
vn 0.000000 0.455900 -0.890000
vn 0.000000 0.455900 -0.890000
vn -0.652000 0.602100 -0.461000
vn 0.000000 0.455800 -0.890100
vn 0.000000 0.455800 -0.890100
vn -0.652000 0.602100 -0.461000
vn 0.000000 0.455800 -0.890100
vn 0.000000 0.455800 -0.890100
vn -0.652000 0.602100 -0.461000
vn -0.652000 0.602100 -0.460900
vn 0.601900 0.685300 0.409800
vn 0.601900 0.685300 0.409800
vn 0.917200 0.366100 0.157200
vn 0.917200 0.366100 0.157200
vn 0.601900 0.685300 0.409800
vn 0.601900 0.685400 0.409800
vn 0.601900 0.685400 0.409800
vn 0.601900 0.685300 0.409800
vn 0.614700 0.036600 0.787900
vn 0.614700 0.036600 0.787900
vn 0.601900 0.685300 0.409800
vn 0.855700 0.397300 0.331600
vn -0.963700 0.055300 0.261400
vn -0.917200 0.366100 0.157400
vn -0.963600 0.055300 0.261400
vn -0.963600 0.055300 0.261400
vn -0.917200 0.366100 0.157400
vn -0.800500 0.595600 0.065900
vn -0.800500 0.595600 0.065900
vn -0.917200 0.366100 0.157400
vn -0.604800 0.784200 -0.138800
vn -0.703900 -0.135300 0.697300
vn -0.703900 -0.135200 0.697300
vn -0.539800 0.841800 0.000300
vn -0.539800 0.841800 0.000300
vn -0.703900 -0.135200 0.697300
vn -0.539800 0.841800 0.000200
vn -0.539800 0.841800 0.000200
vn -0.703900 -0.135200 0.697300
vn -0.800500 0.595600 0.065900
vn -0.800500 0.595600 0.065900
vn -0.703900 -0.135200 0.697300
vn -0.963600 0.055300 0.261400
vn 0.604800 0.784200 -0.138900
vn 0.652000 0.602000 -0.461000
vn 0.440900 0.892800 -0.091800
vn 0.440900 0.892800 -0.091800
vn 0.652000 0.602000 -0.461000
vn 0.000100 0.978100 -0.208200
vn 0.000100 0.978100 -0.208200
vn 0.652000 0.602000 -0.461000
vn 0.000000 0.978100 -0.208200
vn 0.000000 0.978100 -0.208200
vn 0.652000 0.602000 -0.461000
vn 0.000000 0.455800 -0.890100
vn 0.844000 0.144000 0.516700
vn 0.604800 0.784200 -0.138900
vn 0.527500 0.509800 -0.679600
vn 0.527500 0.509800 -0.679600
vn 0.604800 0.784200 -0.138900
vn 0.055200 0.769900 -0.635800
vn 0.055200 0.769900 -0.635800
vn 0.604800 0.784200 -0.138900
vn 0.440900 0.892800 -0.091800
vn -0.000100 -0.478000 0.878300
vn 0.000000 0.265200 0.964200
vn 0.000000 -0.477900 0.878400
vn 0.000000 -0.477900 0.878400
vn 0.000000 0.265200 0.964200
vn 0.312500 -0.390300 0.866000
vn 0.312500 -0.390300 0.866000
vn 0.000000 0.265200 0.964200
vn 0.312600 -0.390200 0.866000
vn 0.312600 -0.390200 0.866000
vn 0.000000 0.265200 0.964200
vn 0.436500 0.219100 0.872600
vn -0.525300 -0.332000 0.783500
vn -0.784400 0.221200 0.579500
vn -0.525300 -0.332000 0.783500
vn -0.525300 -0.332000 0.783500
vn -0.784400 0.221200 0.579500
vn -0.914900 0.198300 0.351600
vn -0.914900 0.198300 0.351600
vn -0.784400 0.221200 0.579500
vn -0.844000 0.144000 0.516700
vn 0.000000 0.455800 -0.890100
vn -0.652000 0.602100 -0.460900
vn 0.000000 0.978100 -0.208200
vn 0.000000 0.978100 -0.208200
vn -0.652000 0.602100 -0.460900
vn -0.000100 0.978100 -0.208200
vn -0.000100 0.978100 -0.208200
vn -0.652000 0.602100 -0.460900
vn -0.440900 0.892900 -0.091700
vn -0.440900 0.892900 -0.091700
vn -0.652000 0.602100 -0.460900
vn -0.604800 0.784200 -0.138800
vn -0.440900 0.892900 -0.091700
vn -0.604800 0.784200 -0.138800
vn -0.055000 0.769900 -0.635700
vn -0.055000 0.769900 -0.635700
vn -0.604800 0.784200 -0.138800
vn -0.527500 0.509800 -0.679600
vn -0.527500 0.509800 -0.679600
vn -0.604800 0.784200 -0.138800
vn -0.844000 0.144000 0.516700
vn -0.460800 -0.870300 -0.173800
vn -0.462400 -0.777600 0.426000
vn -0.264300 -0.964400 -0.011500
vn 0.462300 -0.777700 0.425900
vn 0.460800 -0.870300 -0.173800
vn 0.264300 -0.964400 -0.011500
vn -0.132700 -0.530000 0.837500
vn -0.132700 -0.530000 0.837500
vn -0.132600 -0.530000 0.837600
vn 0.312600 -0.390200 0.866000
vn -0.132700 -0.530000 0.837500
vn -0.132700 -0.530000 0.837500
vn 0.110100 -0.666900 0.737000
vn 0.312600 -0.390200 0.866000
vn -0.132700 -0.530000 0.837500
vn 0.312600 -0.390200 0.866000
vn 0.312600 -0.390200 0.866000
vn 0.110100 -0.666900 0.737000
vn -0.313100 -0.119800 0.942100
vn -0.000200 -0.092200 0.995700
vn -0.313000 -0.119700 0.942200
vn -0.313100 -0.119800 0.942100
vn -0.000200 -0.092200 0.995700
vn -0.313100 -0.119800 0.942100
vn -0.313100 -0.119600 0.942100
vn -0.000200 -0.092200 0.995700
vn -0.313100 -0.119800 0.942100
vn -0.000200 -0.092200 0.995700
vn -0.313100 -0.119600 0.942100
vn 0.000200 -0.092300 0.995700
vn 0.511400 0.212500 -0.832700
vn 0.463000 -0.003100 -0.886300
vn 0.290600 -0.594300 -0.749900
vn 0.463200 -0.003200 -0.886300
vn 0.463200 -0.003200 -0.886300
vn 0.789400 -0.144600 -0.596600
vn -0.463100 -0.003100 -0.886300
vn -0.789300 -0.144600 -0.596700
vn -0.641400 -0.043800 -0.765900
vn 0.463100 -0.003200 -0.886300
vn 0.000100 0.052000 -0.998600
vn 0.463100 -0.003200 -0.886300
vn 0.440900 0.892900 -0.091800
vn 0.652000 0.601900 -0.461000
vn 0.681300 0.714500 -0.159200
vn 0.545200 0.624500 0.559200
vn 0.527500 0.509800 -0.679600
vn 0.055200 0.769900 -0.635800
vn -0.000100 0.978100 -0.208100
vn 0.652000 0.601900 -0.461000
vn 0.440900 0.892900 -0.091800
vn -0.440900 0.892900 -0.091900
vn -0.681300 0.714500 -0.159100
vn -0.440900 0.892800 -0.091900
vn -0.440900 0.892800 -0.091900
vn -0.681300 0.714500 -0.159100
vn -0.681300 0.714500 -0.159100
vn 0.000100 0.978100 -0.208100
vn -0.440900 0.892900 -0.091900
vn -0.440900 0.892800 -0.091900
vn -0.852900 -0.239300 -0.464000
vn -0.040200 0.960500 0.275500
vn -0.527500 0.509800 -0.679600
vn 0.527500 0.509800 -0.679600
vn 0.793800 -0.131800 -0.593800
vn 0.844000 0.144000 0.516700
vn -0.909100 -0.361400 -0.207100
vn -0.789300 -0.144600 -0.596700
vn -0.909100 -0.361400 -0.207100
vn 0.132700 -0.530200 0.837400
vn -0.525300 -0.332000 0.783500
vn -0.525400 -0.331900 0.783500
vn -0.947900 0.317600 -0.025800
vn -0.947900 0.317600 -0.025800
vn -0.545200 0.624500 0.559200
vn -0.853100 -0.051600 0.519200
vn -0.844000 0.144000 0.516700
vn -0.784400 0.221200 0.579500
vn 0.947900 0.317400 -0.025800
vn 0.545200 0.624500 0.559300
vn 0.947900 0.317600 -0.026000
vn 0.545200 0.624500 0.559300
vn 0.852900 -0.239300 -0.464100
vn 0.852800 -0.239300 -0.464100
vn -0.132700 -0.530000 0.837500
vn -0.132600 -0.530100 0.837500
vn -0.084900 -0.292500 0.952500
vn 0.312600 -0.390200 0.866000
vn -0.132600 -0.530100 0.837500
vn -0.132700 -0.530000 0.837500
vn 0.462300 -0.777700 0.425900
vn 0.264300 -0.964400 -0.011500
vn 0.462300 -0.777700 0.426000
vn -0.110200 -0.666800 0.737100
vn 0.132700 -0.530200 0.837400
vn 0.085100 -0.292400 0.952500
vn -0.534400 -0.300000 -0.790200
vn -0.395400 -0.262200 -0.880300
vn -0.463100 -0.003100 -0.886300
vn -0.395400 -0.262200 -0.880300
vn -0.641400 -0.043800 -0.765900
vn -0.463100 -0.003100 -0.886300
vn -0.641400 -0.043800 -0.765900
vn -0.534300 -0.300100 -0.790300
vn -0.463100 -0.003100 -0.886300
vn -0.641400 -0.043800 -0.765900
vn -0.641400 -0.043800 -0.765900
vn -0.463100 -0.003100 -0.886300
vn 0.909200 -0.361300 -0.207000
vn 0.546400 -0.730600 -0.409500
vn 0.782400 -0.597600 0.175100
vn -0.264400 -0.964400 -0.011500
vn -0.264400 -0.964400 -0.011500
vn -0.264400 -0.964400 -0.011400
vn 0.000000 -0.866000 -0.500100
vn 0.000000 -0.866000 -0.500000
vn 0.000000 -0.866000 -0.500000
vn 0.000000 -0.866000 -0.500100
vn 0.000000 -0.866000 -0.500000
vn 0.000000 -0.866000 -0.500000
vn 0.000000 -0.866000 -0.500100
vn 0.000000 -0.866000 -0.500000
vn 0.000000 -0.866000 -0.500000
vn 0.782400 -0.597700 0.175100
vn 0.782400 -0.597600 0.175100
vn 0.462300 -0.777700 0.425900
vn 0.084900 -0.292500 0.952500
vn 0.085000 -0.292500 0.952500
vn 0.085100 -0.292400 0.952500
vn -0.085000 -0.292500 0.952500
vn -0.132700 -0.530000 0.837500
vn -0.084900 -0.292500 0.952500
vn 0.253300 -0.213500 0.943500
vn 0.253300 -0.213500 0.943500
vn 0.253300 -0.213500 0.943500
vn 0.253300 -0.213500 0.943500
vn 0.253300 -0.213500 0.943500
vn 0.253400 -0.213500 0.943500
vn 0.132700 -0.530200 0.837400
vn 0.132600 -0.530300 0.837400
vn 0.085100 -0.292400 0.952500
vn 0.085100 -0.292400 0.952500
vn 0.132600 -0.530300 0.837400
vn 0.132600 -0.530400 0.837300
vn -0.253400 -0.213600 0.943500
vn -0.313000 -0.119700 0.942200
vn -0.313000 -0.119900 0.942200
vn -0.313000 -0.119900 0.942200
vn -0.313000 -0.119700 0.942200
vn -0.000200 -0.092200 0.995700
vn -0.253300 -0.213500 0.943500
vn -0.313000 -0.119800 0.942200
vn 0.000000 -0.150000 0.988700
vn 0.000000 -0.150000 0.988700
vn -0.313000 -0.119800 0.942200
vn 0.000000 -0.092100 0.995700
vn 0.000000 -0.150100 0.988700
vn 0.000000 -0.150000 0.988700
vn 0.000000 -0.150000 0.988700
vn 0.000000 -0.150000 0.988700
vn 0.000000 -0.150000 0.988700
vn 0.000000 0.265100 0.964200
vn 0.132600 -0.530300 0.837400
vn 0.132700 -0.530200 0.837400
vn 0.132700 -0.530200 0.837400
vn 0.132700 -0.530200 0.837400
vn 0.132700 -0.530200 0.837400
vn -0.312500 -0.390300 0.866000
vn -0.312700 -0.390300 0.866000
vn 0.132700 -0.530200 0.837400
vn -0.000100 -0.478000 0.878300
vn -0.000100 -0.478000 0.878300
vn 0.132700 -0.530200 0.837400
vn -0.312500 -0.390300 0.866000
vn 0.000000 -0.478000 0.878400
vn 0.000000 -0.850000 0.526700
vn 0.000000 -0.478000 0.878400
vn 0.000000 -0.478000 0.878400
vn 0.000000 -0.850000 0.526700
vn 0.000000 -0.850000 0.526800
vn -0.132700 -0.530000 0.837500
vn -0.085000 -0.292500 0.952500
vn -0.132600 -0.530000 0.837600
vn -0.132600 -0.530000 0.837600
vn -0.085000 -0.292500 0.952500
vn -0.132500 -0.530100 0.837500
vn 0.784400 0.221200 0.579500
vn 0.853100 -0.051700 0.519200
vn 0.784400 0.221100 0.579500
vn 0.784400 0.221100 0.579500
vn 0.853100 -0.051700 0.519200
vn 0.853100 -0.051700 0.519200
vn 0.253400 -0.213500 0.943500
vn 0.253200 -0.213600 0.943600
vn 0.253300 -0.213500 0.943500
vn 0.253300 -0.213500 0.943500
vn 0.253200 -0.213600 0.943600
vn 0.253200 -0.213600 0.943600
vn 0.110100 -0.666700 0.737200
vn 0.253300 -0.213500 0.943500
vn 0.528300 -0.245700 0.812700
vn 0.528300 -0.245700 0.812700
vn 0.253300 -0.213500 0.943500
vn 0.528400 -0.245700 0.812700
vn 0.528300 -0.245700 0.812700
vn 0.528400 -0.245700 0.812700
vn 0.528300 -0.245800 0.812700
vn 0.528300 -0.245800 0.812700
vn 0.528400 -0.245700 0.812700
vn 0.528300 -0.245800 0.812700
vn 0.253300 -0.213500 0.943500
vn 0.253300 -0.213500 0.943500
vn 0.253400 -0.213500 0.943500
vn 0.253400 -0.213500 0.943500
vn 0.253300 -0.213500 0.943500
vn 0.253200 -0.213600 0.943600
vn 0.110200 -0.666700 0.737100
vn -0.000100 -0.850100 0.526600
vn 0.312500 -0.390300 0.866000
vn 0.312500 -0.390300 0.866000
vn -0.000100 -0.850100 0.526600
vn 0.000000 -0.477900 0.878400
vn -0.000100 -0.613400 -0.789700
vn 0.000000 -0.613500 -0.789700
vn -0.000100 0.729800 0.683600
vn -0.000100 0.729800 0.683600
vn 0.000000 -0.613500 -0.789700
vn -0.239800 0.686500 0.686400
vn -0.000100 0.729800 0.683600
vn -0.239800 0.686500 0.686400
vn 0.000000 0.478500 -0.878100
vn 0.000000 0.478500 -0.878100
vn -0.239800 0.686500 0.686400
vn 0.290600 -0.594300 -0.749900
vn -0.000100 0.729800 0.683600
vn 0.000000 0.478500 -0.878100
vn 0.239800 0.686500 0.686400
vn 0.239800 0.686500 0.686400
vn 0.000000 0.478500 -0.878100
vn -0.040100 0.960400 0.275600
vn 0.000100 -0.866100 -0.499900
vn 0.000000 -0.866000 -0.500000
vn 0.000000 -0.866000 -0.500000
vn 0.000000 -0.866000 -0.500000
vn 0.000000 -0.866000 -0.500000
vn 0.475900 -0.595700 -0.647000
vn 0.000000 0.978100 -0.208200
vn 0.000100 0.455900 -0.890000
vn 0.000000 0.978100 -0.208200
vn 0.000000 0.978100 -0.208200
vn 0.000100 0.455900 -0.890000
vn 0.000000 0.978100 -0.208200
vn -0.490300 0.566500 -0.662300
vn -0.490400 0.566300 -0.662400
vn -0.000100 0.978100 -0.208200
vn -0.000100 0.978100 -0.208200
vn -0.490400 0.566300 -0.662400
vn 0.000000 0.978100 -0.208200
vn 0.000000 0.978100 -0.208200
vn -0.490400 0.566300 -0.662400
vn 0.000100 0.978100 -0.208200
vn 0.000100 0.978100 -0.208200
vn -0.490400 0.566300 -0.662400
vn -0.490400 0.566500 -0.662300
vn 0.463000 -0.003100 -0.886300
vn 0.040200 0.960400 0.275800
vn 0.290600 -0.594300 -0.749900
vn 0.290600 -0.594300 -0.749900
vn 0.040200 0.960400 0.275800
vn 0.040200 0.960400 0.275600
vn 0.290600 -0.594300 -0.749900
vn 0.040200 0.960400 0.275600
vn -0.239800 0.686500 0.686400
vn -0.239800 0.686500 0.686400
vn 0.040200 0.960400 0.275600
vn 0.490400 0.566500 -0.662300
vn 0.490400 0.566500 -0.662300
vn 0.545200 0.624500 0.559200
vn 0.490300 0.566500 -0.662300
vn 0.490300 0.566500 -0.662300
vn 0.545200 0.624500 0.559200
vn 0.681300 0.714500 -0.159000
vn -0.706400 0.168500 -0.687400
vn -0.852900 -0.239300 -0.464000
vn -0.527500 0.509800 -0.679600
vn -0.527500 0.509800 -0.679600
vn -0.852900 -0.239300 -0.464000
vn -0.527500 0.509800 -0.679600
vn -0.947900 0.317600 -0.025800
vn -0.947900 0.317600 -0.025800
vn -0.545200 0.624500 0.559200
vn -0.545200 0.624500 0.559200
vn -0.947900 0.317600 -0.025800
vn -0.852900 -0.239300 -0.464100
vn -0.947900 0.317500 -0.025800
vn -0.545200 0.624500 0.559200
vn -0.852900 -0.239100 -0.464000
vn -0.852900 -0.239100 -0.464000
vn -0.545200 0.624500 0.559200
vn -0.852700 -0.239200 -0.464300
vn -0.852900 -0.239200 -0.464100
vn -0.641400 -0.043800 -0.765900
vn -0.852700 -0.239200 -0.464300
vn -0.852700 -0.239200 -0.464300
vn -0.641400 -0.043800 -0.765900
vn -0.706400 0.168400 -0.687400
vn 0.947900 0.317400 -0.025800
vn 0.793800 -0.131800 -0.593800
vn 0.947900 0.317500 -0.025800
vn 0.947900 0.317500 -0.025800
vn 0.793800 -0.131800 -0.593800
vn 0.527500 0.509800 -0.679600
vn 0.947900 0.317500 -0.025800
vn 0.947900 0.317600 -0.025700
vn 0.947900 0.317400 -0.025800
vn 0.947900 0.317400 -0.025800
vn 0.947900 0.317600 -0.025700
vn 0.545200 0.624500 0.559300
vn 0.484600 -0.132200 -0.864700
vn 0.852900 -0.239300 -0.464100
vn 0.706600 0.168400 -0.687300
vn 0.706600 0.168400 -0.687300
vn 0.852900 -0.239300 -0.464100
vn 0.852700 -0.239300 -0.464300
vn 0.789400 -0.144600 -0.596600
vn 0.641400 -0.043800 -0.765900
vn 0.463000 -0.003100 -0.886300
vn 0.463000 -0.003100 -0.886300
vn 0.641400 -0.043800 -0.765900
vn 0.484600 -0.132200 -0.864700
vn 0.909100 -0.361300 -0.207100
vn 0.641400 -0.043800 -0.766000
vn 0.789400 -0.144600 -0.596600
vn 0.789400 -0.144600 -0.596600
vn 0.641400 -0.043800 -0.766000
vn 0.641400 -0.043800 -0.765900
vn 0.312600 -0.390200 0.866000
vn 0.312600 -0.390200 0.866000
vn 0.525300 -0.331900 0.783500
vn 0.525300 -0.331900 0.783500
vn 0.312600 -0.390200 0.866000
vn 0.525300 -0.331900 0.783500
vn 0.132600 -0.530300 0.837400
vn -0.110200 -0.666800 0.737100
vn 0.085000 -0.292500 0.952500
vn 0.085000 -0.292500 0.952500
vn -0.110200 -0.666800 0.737100
vn 0.085100 -0.292400 0.952500
vn -0.462400 -0.777600 0.426000
vn -0.264300 -0.964400 -0.011500
vn -0.462400 -0.777600 0.425900
vn -0.462400 -0.777600 0.425900
vn -0.264300 -0.964400 -0.011500
vn -0.462400 -0.777700 0.426000
vn -0.461300 -0.072200 0.884300
vn -0.525400 -0.331900 0.783500
vn -0.461300 -0.072200 0.884300
vn -0.461300 -0.072200 0.884300
vn -0.525400 -0.331900 0.783500
vn -0.436500 0.219200 0.872600
vn -0.461300 -0.072200 0.884300
vn -0.436500 0.219200 0.872600
vn -0.461200 -0.072100 0.884300
vn -0.461200 -0.072100 0.884300
vn -0.436500 0.219200 0.872600
vn -0.528400 -0.245800 0.812700
vn -0.784400 0.221100 0.579500
vn -0.941500 0.154600 0.299300
vn -0.784400 0.221100 0.579500
vn -0.784400 0.221100 0.579500
vn -0.941500 0.154600 0.299300
vn -0.784500 0.221200 0.579400
vn 0.461400 -0.072100 0.884300
vn 0.461400 -0.072100 0.884300
vn 0.525300 -0.331800 0.783600
vn 0.525300 -0.331800 0.783600
vn 0.461400 -0.072100 0.884300
vn 0.436600 0.219000 0.872600
vn 0.784400 0.221000 0.579500
vn 0.853000 -0.051600 0.519300
vn 0.784400 0.221000 0.579500
vn 0.784400 0.221000 0.579500
vn 0.853000 -0.051600 0.519300
vn 0.853000 -0.051600 0.519300
vn 0.461400 -0.072100 0.884300
vn 0.941500 0.154700 0.299300
vn 0.461400 -0.072100 0.884300
vn 0.461400 -0.072100 0.884300
vn 0.941500 0.154700 0.299300
vn 0.784300 0.219300 0.580400
vn -0.000100 -0.866100 -0.499900
vn 0.000000 -0.866100 -0.499900
vn -0.000100 -0.866100 -0.499900
vn -0.000100 -0.866100 -0.499900
vn 0.000000 -0.866100 -0.499900
vn -0.000100 -0.866100 -0.499900
vn -0.264400 -0.964400 -0.011500
vn -0.264400 -0.964400 -0.011500
vn -0.264400 -0.964400 -0.011500
vn -0.264400 -0.964400 -0.011500
vn -0.264400 -0.964400 -0.011500
vn -0.264300 -0.964400 -0.011500
vn -0.000100 -0.999600 0.029000
vn -0.000100 -0.579600 0.814900
vn 0.000000 -0.579400 0.815000
vn 0.000000 -0.579400 0.815000
vn -0.000100 -0.579600 0.814900
vn 0.000000 -0.579500 0.815000
vn -0.264400 -0.964300 -0.011400
vn -0.264300 -0.964400 -0.011500
vn -0.462400 -0.777600 0.426000
vn -0.462400 -0.777600 0.426000
vn -0.264300 -0.964400 -0.011500
vn -0.462400 -0.777600 0.426000
vn 0.085000 -0.292600 0.952500
vn 0.084900 -0.292500 0.952500
vn -0.000100 -0.579600 0.814900
vn -0.000100 -0.579600 0.814900
vn 0.084900 -0.292500 0.952500
vn 0.000000 -0.478000 0.878400
vn -0.264400 -0.964300 -0.011400
vn -0.264400 -0.964300 -0.011600
vn -0.264300 -0.964400 -0.011500
vn -0.264300 -0.964400 -0.011500
vn -0.264400 -0.964300 -0.011600
vn -0.000100 -0.999600 0.028800
vn 0.395500 -0.262200 -0.880200
vn 0.534400 -0.300000 -0.790200
vn 0.463100 -0.003100 -0.886300
vn 0.463100 -0.003100 -0.886300
vn 0.534400 -0.300000 -0.790200
vn 0.534300 -0.300100 -0.790200
vn -0.534400 -0.299900 -0.790300
vn -0.641400 -0.043800 -0.766000
vn -0.546400 -0.730500 -0.409600
vn -0.546400 -0.730500 -0.409600
vn -0.641400 -0.043800 -0.766000
vn -0.789400 -0.144700 -0.596600
vn -0.534400 -0.300000 -0.790200
vn -0.463100 -0.003100 -0.886300
vn -0.534400 -0.300000 -0.790200
vn -0.534400 -0.300000 -0.790200
vn -0.463100 -0.003100 -0.886300
vn -0.534300 -0.300100 -0.790300
vn -0.546500 -0.730400 -0.409600
vn -0.460800 -0.870300 -0.173800
vn -0.475900 -0.595700 -0.647100
vn -0.475900 -0.595700 -0.647100
vn -0.460800 -0.870300 -0.173800
vn -0.476000 -0.595600 -0.647100
vn -0.132500 -0.530100 0.837500
vn -0.132600 -0.530200 0.837400
vn 0.110200 -0.666800 0.737100
vn 0.110100 -0.666800 0.737100
vn -0.132500 -0.530100 0.837500
vn 0.110200 -0.666800 0.737100
vn 0.110100 -0.666800 0.737100
vn 0.110200 -0.666800 0.737100
vn 0.253400 -0.213500 0.943500
vn 0.110100 -0.666700 0.737200
vn 0.110100 -0.666800 0.737100
vn 0.253400 -0.213500 0.943500
vn 0.253300 -0.213500 0.943500
vn 0.253300 -0.213500 0.943500
vn 0.436400 0.219100 0.872600
vn 0.253300 -0.213500 0.943500
vn 0.253300 -0.213500 0.943500
vn 0.436400 0.219100 0.872600
vn 0.253300 -0.213500 0.943500
vn 0.436400 0.219100 0.872600
vn 0.436500 0.219200 0.872600
vn 0.528400 -0.245700 0.812700
vn 0.253300 -0.213500 0.943500
vn 0.436500 0.219200 0.872600
vn 0.528400 -0.245700 0.812700
vn 0.436500 0.219200 0.872600
vn 0.436400 0.219300 0.872600
vn 0.528300 -0.245800 0.812700
vn 0.528400 -0.245700 0.812700
vn 0.436400 0.219300 0.872600
vn 0.313000 -0.119800 0.942200
vn 0.253500 -0.213300 0.943500
vn 0.436300 0.219100 0.872700
vn 0.436400 0.219300 0.872600
vn 0.313000 -0.119800 0.942200
vn 0.436300 0.219100 0.872700
vn 0.436400 0.219300 0.872600
vn 0.436300 0.219100 0.872700
vn 0.253400 -0.213500 0.943500
vn 0.528300 -0.245800 0.812700
vn 0.436400 0.219300 0.872600
vn 0.253400 -0.213500 0.943500
vn 0.528300 -0.245800 0.812700
vn 0.253400 -0.213500 0.943500
vn 0.110200 -0.666600 0.737200
vn 0.528300 -0.245800 0.812700
vn 0.528300 -0.245800 0.812700
vn 0.110200 -0.666600 0.737200
vn 0.313000 -0.119800 0.942200
vn 0.253300 -0.213500 0.943500
vn 0.253200 -0.213600 0.943600
vn 0.253500 -0.213300 0.943500
vn 0.313000 -0.119800 0.942200
vn 0.253200 -0.213600 0.943600
vn 0.253500 -0.213300 0.943500
vn 0.253200 -0.213600 0.943600
vn 0.253200 -0.213600 0.943600
vn 0.253200 -0.213400 0.943600
vn 0.253500 -0.213300 0.943500
vn 0.253200 -0.213600 0.943600
vn 0.253200 -0.213400 0.943600
vn 0.253200 -0.213600 0.943600
vn 0.253300 -0.213500 0.943500
vn 0.112000 -0.666900 0.736600
vn 0.253200 -0.213400 0.943600
vn 0.253300 -0.213500 0.943500
vn 0.312500 -0.390300 0.866000
vn 0.312600 -0.390200 0.866000
vn 0.110100 -0.666900 0.737000
vn 0.110200 -0.666700 0.737100
vn 0.312500 -0.390300 0.866000
vn 0.110100 -0.666900 0.737000
vn 0.110200 -0.666700 0.737100
vn 0.110100 -0.666900 0.737000
vn 0.110200 -0.666600 0.737200
vn 0.110000 -0.666800 0.737100
vn 0.110200 -0.666700 0.737100
vn 0.110200 -0.666600 0.737200
vn 0.110000 -0.666800 0.737100
vn 0.110200 -0.666600 0.737200
vn 0.110200 -0.666600 0.737200
vn 0.112000 -0.666900 0.736600
vn 0.110000 -0.666800 0.737100
vn 0.110200 -0.666600 0.737200
vn 0.000000 -0.478000 0.878400
vn 0.000000 -0.477900 0.878400
vn -0.000100 -0.850100 0.526600
vn -0.000100 -0.850100 0.526600
vn 0.000000 -0.478000 0.878400
vn -0.000100 -0.850100 0.526600
vn -0.000100 -0.850100 0.526600
vn -0.000100 -0.850100 0.526600
vn -0.000100 -0.850000 0.526700
vn -0.000100 -0.849900 0.526900
vn -0.000100 -0.850100 0.526600
vn -0.000100 -0.850000 0.526700
vn -0.000100 -0.849900 0.526900
vn -0.000100 -0.850000 0.526700
vn 0.253300 -0.213500 0.943500
vn 0.253300 -0.213500 0.943500
vn -0.000100 -0.849900 0.526900
vn 0.253300 -0.213500 0.943500
vn -0.000100 -0.613400 -0.789700
vn 0.000000 0.275000 -0.961400
vn 0.511400 0.212500 -0.832700
vn 0.000000 -0.613500 -0.789700
vn -0.000100 -0.613400 -0.789700
vn 0.511400 0.212500 -0.832700
vn 0.000000 -0.613500 -0.789700
vn 0.511400 0.212500 -0.832700
vn 0.290600 -0.594300 -0.749900
vn -0.239800 0.686500 0.686400
vn 0.000000 -0.613500 -0.789700
vn 0.290600 -0.594300 -0.749900
vn 0.000000 0.275000 -0.961400
vn -0.000500 0.050900 -0.998700
vn 0.463200 -0.003200 -0.886300
vn 0.511400 0.212500 -0.832700
vn 0.000000 0.275000 -0.961400
vn 0.463200 -0.003200 -0.886300
vn 0.511400 0.212500 -0.832700
vn 0.463200 -0.003200 -0.886300
vn 0.789400 -0.144600 -0.596600
vn 0.463000 -0.003100 -0.886300
vn 0.511400 0.212500 -0.832700
vn 0.789400 -0.144600 -0.596600
vn -0.463100 -0.003100 -0.886300
vn -0.000500 0.050900 -0.998700
vn 0.000000 0.275000 -0.961400
vn -0.511400 0.212500 -0.832600
vn -0.463100 -0.003100 -0.886300
vn 0.000000 0.275000 -0.961400
vn -0.511400 0.212500 -0.832600
vn 0.000000 0.275000 -0.961400
vn -0.000100 -0.613400 -0.789700
vn -0.290600 -0.594300 -0.749900
vn -0.511400 0.212500 -0.832600
vn -0.000100 -0.613400 -0.789700
vn -0.789300 -0.144600 -0.596700
vn -0.463100 -0.003100 -0.886300
vn -0.511400 0.212500 -0.832600
vn -0.641400 -0.043800 -0.765900
vn -0.789300 -0.144600 -0.596700
vn -0.511400 0.212500 -0.832600
vn -0.641400 -0.043800 -0.765900
vn -0.511400 0.212500 -0.832600
vn -0.040100 0.960400 0.275600
vn 0.000000 0.052100 -0.998600
vn 0.000100 -0.209500 -0.977800
vn 0.000100 -0.209500 -0.977800
vn 0.000000 0.052100 -0.998600
vn 0.000000 0.052100 -0.998600
vn 0.000100 -0.209500 -0.977800
vn 0.000000 0.052100 -0.998600
vn 0.000100 -0.209500 -0.977800
vn 0.395500 -0.262300 -0.880200
vn 0.463100 -0.003200 -0.886300
vn 0.000000 0.052100 -0.998600
vn 0.395500 -0.262300 -0.880200
vn 0.463100 -0.003200 -0.886300
vn 0.395500 -0.262300 -0.880200
vn 0.463200 -0.003200 -0.886300
vn 0.463100 -0.003200 -0.886300
vn 0.463100 -0.003200 -0.886300
vn 0.463200 -0.003200 -0.886300
vn 0.000100 -0.209500 -0.977800
vn 0.000000 -0.443600 -0.896200
vn 0.000000 -0.443600 -0.896200
vn 0.000100 -0.209500 -0.977800
vn 0.000100 -0.209500 -0.977800
vn 0.000000 -0.443600 -0.896200
vn 0.000100 -0.209500 -0.977800
vn 0.000000 -0.443600 -0.896200
vn 0.395400 -0.262300 -0.880200
vn 0.395500 -0.262300 -0.880200
vn 0.000100 -0.209500 -0.977800
vn 0.395400 -0.262300 -0.880200
vn 0.395500 -0.262300 -0.880200
vn 0.395400 -0.262300 -0.880200
vn 0.463200 -0.003200 -0.886300
vn 0.463200 -0.003200 -0.886300
vn 0.395500 -0.262300 -0.880200
vn 0.463200 -0.003200 -0.886300
vn -0.641400 -0.043800 -0.765900
vn -0.395400 -0.262300 -0.880300
vn -0.395400 -0.262300 -0.880300
vn -0.463100 -0.003100 -0.886300
vn -0.641400 -0.043800 -0.765900
vn -0.395400 -0.262300 -0.880300
vn -0.463100 -0.003100 -0.886300
vn -0.395400 -0.262300 -0.880300
vn -0.463100 -0.003200 -0.886300
vn -0.463200 -0.003100 -0.886300
vn -0.463100 -0.003100 -0.886300
vn -0.463100 -0.003200 -0.886300
vn -0.463200 -0.003100 -0.886300
vn -0.463100 -0.003200 -0.886300
vn 0.000100 0.052000 -0.998600
vn -0.395400 -0.262300 -0.880300
vn -0.395400 -0.262200 -0.880300
vn -0.395400 -0.262300 -0.880300
vn -0.395400 -0.262300 -0.880300
vn -0.395400 -0.262300 -0.880300
vn -0.395400 -0.262300 -0.880300
vn -0.395400 -0.262300 -0.880300
vn -0.395400 -0.262300 -0.880300
vn 0.000100 0.052000 -0.998600
vn -0.463100 -0.003200 -0.886300
vn -0.395400 -0.262300 -0.880300
vn 0.000100 0.052000 -0.998600
vn 0.000000 -0.866000 -0.500000
vn 0.000000 -0.866000 -0.500000
vn 0.000000 -0.443600 -0.896200
vn -0.395400 -0.262200 -0.880300
vn 0.000000 -0.866000 -0.500000
vn 0.000000 -0.443600 -0.896200
vn -0.395400 -0.262200 -0.880300
vn 0.000000 -0.443600 -0.896200
vn 0.000100 -0.209500 -0.977800
vn -0.395400 -0.262300 -0.880300
vn -0.395400 -0.262200 -0.880300
vn 0.000100 -0.209500 -0.977800
vn -0.395400 -0.262300 -0.880300
vn 0.000100 -0.209500 -0.977800
vn 0.000000 0.052100 -0.998600
vn 0.000100 0.052000 -0.998600
vn -0.395400 -0.262300 -0.880300
vn 0.000000 0.052100 -0.998600
vn 0.000000 0.978100 -0.208200
vn -0.490400 0.566300 -0.662400
vn 0.000000 0.978100 -0.208200
vn -0.000200 0.978100 -0.208200
vn 0.000000 0.978100 -0.208200
vn 0.000000 0.978100 -0.208200
vn -0.000200 0.978100 -0.208200
vn 0.000000 0.978100 -0.208200
vn 0.000100 0.455900 -0.890000
vn -0.490400 0.566300 -0.662400
vn -0.490300 0.566500 -0.662300
vn 0.239600 0.686700 0.686400
vn -0.490400 0.566500 -0.662300
vn -0.490400 0.566300 -0.662400
vn 0.239600 0.686700 0.686400
vn -0.490400 0.566500 -0.662300
vn 0.239600 0.686700 0.686400
vn -0.000100 0.478400 -0.878200
vn 0.000000 0.478300 -0.878200
vn -0.490400 0.566500 -0.662300
vn -0.000100 0.478400 -0.878200
vn 0.000000 0.478300 -0.878200
vn -0.000100 0.478400 -0.878200
vn -0.239800 0.686500 0.686400
vn 0.490300 0.566500 -0.662300
vn 0.000000 0.478300 -0.878200
vn -0.239800 0.686500 0.686400
vn 0.490300 0.566500 -0.662300
vn -0.239800 0.686500 0.686400
vn 0.490400 0.566500 -0.662300
vn 0.490300 0.566500 -0.662300
vn 0.490300 0.566500 -0.662300
vn 0.490400 0.566500 -0.662300
vn 0.490300 0.566500 -0.662300
vn 0.490400 0.566500 -0.662300
vn 0.000100 0.978100 -0.208200
vn 0.000000 0.978100 -0.208200
vn 0.490300 0.566500 -0.662300
vn 0.000100 0.978100 -0.208200
vn 0.000000 0.978100 -0.208200
vn 0.000000 0.478300 -0.878200
vn 0.490300 0.566500 -0.662300
vn 0.000000 0.978100 -0.208200
vn 0.000000 0.978100 -0.208200
vn 0.490300 0.566500 -0.662300
vn 0.000000 0.978100 -0.208200
vn 0.490300 0.566500 -0.662300
vn 0.490300 0.566500 -0.662300
vn 0.000000 0.978100 -0.208200
vn 0.000000 0.978100 -0.208200
vn 0.490300 0.566500 -0.662300
vn -0.490400 0.566500 -0.662300
vn 0.000000 0.478300 -0.878200
vn 0.000000 0.978100 -0.208200
vn 0.000100 0.978100 -0.208200
vn -0.490400 0.566500 -0.662300
vn 0.000000 0.978100 -0.208200
vn 0.000100 0.978100 -0.208200
vn 0.000000 0.978100 -0.208200
vn 0.000100 0.455900 -0.890000
vn 0.000000 0.978100 -0.208200
vn 0.000100 0.978100 -0.208200
vn 0.000100 0.455900 -0.890000
vn 0.239600 0.686700 0.686400
vn -0.490300 0.566500 -0.662300
vn -0.040200 0.960500 0.275500
vn -0.040100 0.960400 0.275600
vn 0.239600 0.686700 0.686400
vn -0.040200 0.960500 0.275500
vn -0.040100 0.960400 0.275600
vn -0.040200 0.960500 0.275500
vn -0.852900 -0.239300 -0.464000
vn -0.641400 -0.043800 -0.765900
vn -0.040100 0.960400 0.275600
vn -0.852900 -0.239300 -0.464000
vn 0.545200 0.624500 0.559200
vn 0.055200 0.769900 -0.635800
vn 0.681300 0.714500 -0.159200
vn 0.681300 0.714500 -0.159000
vn 0.545200 0.624500 0.559200
vn 0.681300 0.714500 -0.159200
vn 0.681300 0.714500 -0.159000
vn 0.681300 0.714500 -0.159200
vn 0.652000 0.601900 -0.461000
vn 0.545200 0.624500 0.559200
vn 0.490400 0.566500 -0.662300
vn 0.040200 0.960400 0.275600
vn 0.527500 0.509800 -0.679600
vn 0.545200 0.624500 0.559200
vn 0.040200 0.960400 0.275600
vn 0.527500 0.509800 -0.679600
vn 0.040200 0.960400 0.275600
vn 0.040200 0.960400 0.275800
vn -0.040200 0.960500 0.275500
vn -0.490300 0.566500 -0.662300
vn -0.545300 0.624600 0.559100
vn -0.527500 0.509800 -0.679600
vn -0.040200 0.960500 0.275500
vn -0.545300 0.624600 0.559100
vn -0.527500 0.509800 -0.679600
vn -0.545300 0.624600 0.559100
vn -0.055100 0.770000 -0.635700
vn -0.527500 0.509800 -0.679600
vn -0.844000 0.144000 0.516700
vn -0.793800 -0.132000 -0.593700
vn -0.527500 0.509800 -0.679600
vn -0.527500 0.509800 -0.679600
vn -0.793800 -0.132000 -0.593700
vn -0.527500 0.509800 -0.679600
vn -0.793800 -0.132000 -0.593700
vn -0.947900 0.317600 -0.025800
vn -0.947900 0.317600 -0.025800
vn -0.545200 0.624500 0.559200
vn -0.947900 0.317500 -0.025800
vn -0.527500 0.509800 -0.679600
vn -0.947900 0.317600 -0.025800
vn -0.947900 0.317500 -0.025800
vn -0.527500 0.509800 -0.679600
vn -0.947900 0.317500 -0.025800
vn -0.852900 -0.239100 -0.464000
vn -0.706400 0.168500 -0.687400
vn -0.527500 0.509800 -0.679600
vn -0.852900 -0.239100 -0.464000
vn -0.706400 0.168500 -0.687400
vn -0.852900 -0.239100 -0.464000
vn -0.852700 -0.239200 -0.464300
vn -0.706400 0.168400 -0.687400
vn -0.706400 0.168500 -0.687400
vn -0.852700 -0.239200 -0.464300
vn -0.947900 0.317600 -0.025800
vn -0.947900 0.317600 -0.025800
vn -0.793800 -0.132000 -0.593700
vn -0.114300 -0.679300 -0.724900
vn -0.947900 0.317600 -0.025800
vn -0.793800 -0.132000 -0.593700
vn -0.114300 -0.679300 -0.724900
vn -0.793800 -0.132000 -0.593700
vn -0.844000 0.144000 0.516700
vn -0.853100 -0.051600 0.519200
vn -0.114300 -0.679300 -0.724900
vn -0.844000 0.144000 0.516700
vn -0.852900 -0.239300 -0.464000
vn -0.706400 0.168500 -0.687400
vn -0.706400 0.168400 -0.687400
vn -0.641400 -0.043800 -0.765900
vn -0.852900 -0.239300 -0.464000
vn -0.706400 0.168400 -0.687400
vn -0.641400 -0.043800 -0.765900
vn -0.706400 0.168400 -0.687400
vn -0.641400 -0.043800 -0.765900
vn -0.789300 -0.144600 -0.596700
vn -0.641400 -0.043800 -0.765900
vn -0.641400 -0.043800 -0.765900
vn -0.789300 -0.144600 -0.596700
vn -0.641400 -0.043800 -0.765900
vn -0.641500 -0.043800 -0.765900
vn -0.909100 -0.361400 -0.207100
vn -0.789300 -0.144600 -0.596700
vn -0.641500 -0.043800 -0.765900
vn -0.947900 0.317600 -0.025800
vn -0.947900 0.317600 -0.025800
vn -0.114300 -0.679300 -0.724900
vn -0.114200 -0.679400 -0.724800
vn -0.947900 0.317600 -0.025800
vn -0.114300 -0.679300 -0.724900
vn -0.114200 -0.679400 -0.724800
vn -0.114300 -0.679300 -0.724900
vn -0.853100 -0.051600 0.519200
vn -0.909100 -0.361400 -0.207000
vn -0.114200 -0.679400 -0.724800
vn -0.853100 -0.051600 0.519200
vn -0.909100 -0.361400 -0.207000
vn -0.853100 -0.051600 0.519200
vn -0.782500 -0.597600 0.175100
vn -0.782400 -0.597700 0.175000
vn -0.909100 -0.361400 -0.207000
vn -0.782500 -0.597600 0.175100
vn -0.852900 -0.239300 -0.464100
vn -0.947900 0.317600 -0.025800
vn -0.114200 -0.679400 -0.724800
vn -0.641500 -0.043800 -0.765900
vn -0.852900 -0.239300 -0.464100
vn -0.114200 -0.679400 -0.724800
vn -0.641500 -0.043800 -0.765900
vn -0.114200 -0.679400 -0.724800
vn -0.909100 -0.361400 -0.207000
vn -0.909100 -0.361400 -0.207100
vn -0.641500 -0.043800 -0.765900
vn -0.909100 -0.361400 -0.207000
vn -0.909100 -0.361400 -0.207100
vn -0.909100 -0.361400 -0.207000
vn -0.782400 -0.597700 0.175000
vn -0.909100 -0.361400 -0.207100
vn -0.909100 -0.361400 -0.207100
vn -0.782400 -0.597700 0.175000
vn -0.853100 -0.051700 0.519200
vn -0.525300 -0.332000 0.783500
vn -0.782400 -0.597600 0.175100
vn -0.782500 -0.597600 0.175100
vn -0.853100 -0.051700 0.519200
vn -0.782400 -0.597600 0.175100
vn -0.782500 -0.597600 0.175100
vn -0.782400 -0.597600 0.175100
vn -0.782400 -0.597700 0.175100
vn -0.782400 -0.597700 0.175000
vn -0.782500 -0.597600 0.175100
vn -0.782400 -0.597700 0.175100
vn -0.782400 -0.597700 0.175000
vn -0.782400 -0.597700 0.175100
vn -0.909100 -0.361400 -0.207100
vn -0.525300 -0.332000 0.783500
vn -0.853100 -0.051700 0.519200
vn -0.525300 -0.332000 0.783500
vn -0.525400 -0.331900 0.783500
vn -0.525300 -0.332000 0.783500
vn -0.525300 -0.332000 0.783500
vn -0.525400 -0.331900 0.783500
vn -0.525300 -0.332000 0.783500
vn -0.312500 -0.390300 0.866000
vn 0.132700 -0.530200 0.837400
vn -0.525400 -0.331900 0.783500
vn -0.312500 -0.390300 0.866000
vn 0.793800 -0.131800 -0.593800
vn 0.947900 0.317400 -0.025800
vn 0.947900 0.317600 -0.026000
vn 0.114200 -0.679300 -0.724900
vn 0.793800 -0.131800 -0.593800
vn 0.947900 0.317600 -0.026000
vn 0.114200 -0.679300 -0.724900
vn 0.947900 0.317600 -0.026000
vn 0.852800 -0.239200 -0.464100
vn 0.927500 0.004600 -0.373700
vn 0.114200 -0.679300 -0.724900
vn 0.852800 -0.239200 -0.464100
vn 0.927500 0.004600 -0.373700
vn 0.852800 -0.239200 -0.464100
vn 0.852900 -0.239200 -0.464100
vn 0.641400 -0.043800 -0.766000
vn 0.927500 0.004600 -0.373700
vn 0.852900 -0.239200 -0.464100
vn 0.852900 -0.239300 -0.464100
vn 0.484600 -0.132200 -0.864700
vn 0.641400 -0.043800 -0.765900
vn 0.852800 -0.239300 -0.464100
vn 0.852900 -0.239300 -0.464100
vn 0.641400 -0.043800 -0.765900
vn 0.852800 -0.239300 -0.464100
vn 0.641400 -0.043800 -0.765900
vn 0.641400 -0.043800 -0.766000
vn 0.852900 -0.239200 -0.464100
vn 0.852800 -0.239300 -0.464100
vn 0.641400 -0.043800 -0.766000
vn 0.844000 0.144000 0.516700
vn 0.793800 -0.131800 -0.593800
vn 0.114200 -0.679300 -0.724900
vn 0.979800 0.172400 0.101000
vn 0.844000 0.144000 0.516700
vn 0.114200 -0.679300 -0.724900
vn 0.979800 0.172400 0.101000
vn 0.114200 -0.679300 -0.724900
vn 0.927500 0.004600 -0.373700
vn 0.909100 -0.361400 -0.207100
vn 0.979800 0.172400 0.101000
vn 0.927500 0.004600 -0.373700
vn 0.909100 -0.361400 -0.207100
vn 0.927500 0.004600 -0.373700
vn 0.641400 -0.043800 -0.766000
vn 0.909100 -0.361300 -0.207100
vn 0.909100 -0.361400 -0.207100
vn 0.641400 -0.043800 -0.766000
vn 0.782400 -0.597600 0.175200
vn 0.979800 0.172400 0.101000
vn 0.909100 -0.361400 -0.207100
vn 0.909200 -0.361300 -0.207100
vn 0.782400 -0.597600 0.175200
vn 0.909100 -0.361400 -0.207100
vn 0.909200 -0.361300 -0.207100
vn 0.909100 -0.361400 -0.207100
vn 0.909100 -0.361300 -0.207100
vn 0.909200 -0.361300 -0.207000
vn 0.909200 -0.361300 -0.207100
vn 0.909100 -0.361300 -0.207100
vn 0.909200 -0.361300 -0.207000
vn 0.909100 -0.361300 -0.207100
vn 0.789400 -0.144600 -0.596600
vn 0.782400 -0.597700 0.175100
vn 0.782400 -0.597600 0.175100
vn 0.853100 -0.051700 0.519200
vn 0.782400 -0.597600 0.175200
vn 0.782400 -0.597700 0.175100
vn 0.853100 -0.051700 0.519200
vn 0.782400 -0.597600 0.175200
vn 0.853100 -0.051700 0.519200
vn 0.784400 0.221100 0.579500
vn 0.979800 0.172400 0.101000
vn 0.782400 -0.597600 0.175200
vn 0.784400 0.221100 0.579500
vn 0.979800 0.172400 0.101000
vn 0.784400 0.221100 0.579500
vn 0.844000 0.144000 0.516700
vn -0.528400 -0.245800 0.812700
vn -0.853100 -0.051700 0.519200
vn -0.784500 0.221200 0.579400
vn -0.461200 -0.072100 0.884300
vn -0.528400 -0.245800 0.812700
vn -0.784500 0.221200 0.579400
vn -0.461200 -0.072100 0.884300
vn -0.784500 0.221200 0.579400
vn -0.941500 0.154600 0.299300
vn -0.461300 -0.072200 0.884300
vn -0.461200 -0.072100 0.884300
vn -0.941500 0.154600 0.299300
vn -0.784400 0.221100 0.579500
vn -0.853000 -0.051700 0.519300
vn -0.853000 -0.051700 0.519300
vn -0.784400 0.221100 0.579500
vn -0.784400 0.221100 0.579500
vn -0.853000 -0.051700 0.519300
vn -0.784400 0.221100 0.579500
vn -0.853000 -0.051700 0.519300
vn -0.853100 -0.051800 0.519200
vn -0.784400 0.221000 0.579500
vn -0.784400 0.221100 0.579500
vn -0.853100 -0.051800 0.519200
vn -0.784400 0.221000 0.579500
vn -0.853100 -0.051800 0.519200
vn -0.525400 -0.331900 0.783500
vn -0.461300 -0.072200 0.884300
vn -0.784400 0.221000 0.579500
vn -0.525400 -0.331900 0.783500
vn -0.784500 0.221200 0.579400
vn -0.853100 -0.051700 0.519200
vn -0.853100 -0.051600 0.519100
vn -0.784400 0.221100 0.579500
vn -0.784500 0.221200 0.579400
vn -0.853100 -0.051600 0.519100
vn -0.784400 0.221100 0.579500
vn -0.853100 -0.051600 0.519100
vn -0.853000 -0.051700 0.519300
vn -0.784400 0.221100 0.579500
vn -0.784400 0.221100 0.579500
vn -0.853000 -0.051700 0.519300
vn -0.436500 0.219200 0.872600
vn -0.525400 -0.331900 0.783500
vn -0.528500 -0.245900 0.812600
vn -0.110000 -0.666800 0.737100
vn -0.436500 0.219200 0.872600
vn -0.528500 -0.245900 0.812600
vn -0.110000 -0.666800 0.737100
vn -0.528500 -0.245900 0.812600
vn 0.132700 -0.530200 0.837400
vn -0.110200 -0.666800 0.737100
vn -0.110000 -0.666800 0.737100
vn 0.132700 -0.530200 0.837400
vn -0.525400 -0.331900 0.783500
vn -0.853100 -0.051800 0.519200
vn -0.525300 -0.331900 0.783500
vn -0.528500 -0.245900 0.812600
vn -0.525400 -0.331900 0.783500
vn -0.525300 -0.331900 0.783500
vn -0.528500 -0.245900 0.812600
vn -0.525300 -0.331900 0.783500
vn -0.525300 -0.332000 0.783500
vn 0.132700 -0.530200 0.837400
vn -0.528500 -0.245900 0.812600
vn -0.525300 -0.332000 0.783500
vn -0.528400 -0.245800 0.812700
vn -0.436500 0.219200 0.872600
vn -0.110000 -0.666800 0.737100
vn -0.528400 -0.245800 0.812600
vn -0.528400 -0.245800 0.812700
vn -0.110000 -0.666800 0.737100
vn -0.528400 -0.245800 0.812600
vn -0.110000 -0.666800 0.737100
vn -0.110200 -0.666800 0.737100
vn 0.132600 -0.530300 0.837400
vn -0.528400 -0.245800 0.812600
vn -0.110200 -0.666800 0.737100
vn -0.853100 -0.051800 0.519200
vn -0.853000 -0.051700 0.519300
vn -0.782400 -0.597600 0.175100
vn -0.525300 -0.331900 0.783500
vn -0.853100 -0.051800 0.519200
vn -0.782400 -0.597600 0.175100
vn -0.525300 -0.331900 0.783500
vn -0.782400 -0.597600 0.175100
vn -0.782400 -0.597600 0.175100
vn -0.525300 -0.332000 0.783500
vn -0.525300 -0.331900 0.783500
vn -0.782400 -0.597600 0.175100
vn -0.853100 -0.051700 0.519200
vn -0.528400 -0.245800 0.812700
vn -0.528400 -0.245800 0.812600
vn -0.462400 -0.777700 0.425900
vn -0.853100 -0.051700 0.519200
vn -0.528400 -0.245800 0.812600
vn -0.462400 -0.777700 0.425900
vn -0.528400 -0.245800 0.812600
vn 0.132600 -0.530300 0.837400
vn -0.462400 -0.777600 0.425900
vn -0.462400 -0.777700 0.425900
vn 0.132600 -0.530300 0.837400
vn -0.462400 -0.777600 0.425900
vn 0.132600 -0.530300 0.837400
vn 0.085000 -0.292500 0.952500
vn -0.462400 -0.777600 0.426000
vn -0.462400 -0.777600 0.425900
vn 0.085000 -0.292500 0.952500
vn -0.853100 -0.051600 0.519100
vn -0.853100 -0.051700 0.519200
vn -0.462400 -0.777700 0.425900
vn -0.782400 -0.597600 0.175200
vn -0.853100 -0.051600 0.519100
vn -0.462400 -0.777700 0.425900
vn -0.782400 -0.597600 0.175200
vn -0.462400 -0.777700 0.425900
vn -0.462400 -0.777600 0.425900
vn -0.462400 -0.777700 0.426000
vn -0.782400 -0.597600 0.175200
vn -0.462400 -0.777600 0.425900
vn -0.853000 -0.051700 0.519300
vn -0.853000 -0.051700 0.519300
vn -0.782500 -0.597600 0.174900
vn -0.782400 -0.597600 0.175100
vn -0.853000 -0.051700 0.519300
vn -0.782500 -0.597600 0.174900
vn -0.782400 -0.597600 0.175100
vn -0.782500 -0.597600 0.174900
vn -0.462400 -0.777600 0.426000
vn -0.782400 -0.597600 0.175100
vn -0.782400 -0.597600 0.175100
vn -0.462400 -0.777600 0.426000
vn -0.853000 -0.051700 0.519300
vn -0.853100 -0.051600 0.519100
vn -0.782400 -0.597600 0.175200
vn -0.782500 -0.597600 0.174900
vn -0.853000 -0.051700 0.519300
vn -0.782400 -0.597600 0.175200
vn -0.782500 -0.597600 0.174900
vn -0.782400 -0.597600 0.175200
vn -0.462400 -0.777700 0.426000
vn -0.462400 -0.777600 0.426000
vn -0.782500 -0.597600 0.174900
vn -0.462400 -0.777700 0.426000
vn -0.462400 -0.777600 0.426000
vn -0.462400 -0.777700 0.426000
vn -0.264300 -0.964400 -0.011500
vn 0.525300 -0.331800 0.783600
vn 0.853000 -0.051600 0.519300
vn 0.784400 0.221000 0.579500
vn 0.461400 -0.072100 0.884300
vn 0.525300 -0.331800 0.783600
vn 0.784400 0.221000 0.579500
vn 0.461400 -0.072100 0.884300
vn 0.784400 0.221000 0.579500
vn 0.941500 0.154700 0.299300
vn 0.461400 -0.072100 0.884300
vn 0.461400 -0.072100 0.884300
vn 0.941500 0.154700 0.299300
vn 0.784300 0.219300 0.580400
vn 0.852900 -0.052300 0.519400
vn 0.525300 -0.331900 0.783500
vn 0.461400 -0.072100 0.884300
vn 0.784300 0.219300 0.580400
vn 0.525300 -0.331900 0.783500
vn 0.461400 -0.072100 0.884300
vn 0.525300 -0.331900 0.783500
vn 0.436600 0.219000 0.872600
vn 0.461400 -0.072100 0.884300
vn 0.461400 -0.072100 0.884300
vn 0.436600 0.219000 0.872600
vn 0.853000 -0.051600 0.519300
vn 0.853100 -0.051700 0.519200
vn 0.784400 0.221200 0.579500
vn 0.784400 0.221000 0.579500
vn 0.853000 -0.051600 0.519300
vn 0.784400 0.221200 0.579500
vn 0.784400 0.221000 0.579500
vn 0.784400 0.221200 0.579500
vn 0.941500 0.154700 0.299300
vn 0.784400 0.221000 0.579500
vn 0.784400 0.221000 0.579500
vn 0.941500 0.154700 0.299300
vn 0.853100 -0.051700 0.519200
vn 0.852900 -0.052300 0.519400
vn 0.784300 0.219300 0.580400
vn 0.784400 0.221100 0.579500
vn 0.853100 -0.051700 0.519200
vn 0.784300 0.219300 0.580400
vn 0.784400 0.221100 0.579500
vn 0.784300 0.219300 0.580400
vn 0.941500 0.154700 0.299300
vn 0.784400 0.221200 0.579500
vn 0.784400 0.221100 0.579500
vn 0.941500 0.154700 0.299300
vn 0.462300 -0.777700 0.425900
vn 0.782400 -0.597600 0.175100
vn 0.782400 -0.597700 0.175100
vn 0.782400 -0.597700 0.175100
vn 0.462300 -0.777700 0.425900
vn 0.782400 -0.597700 0.175100
vn 0.782400 -0.597700 0.175100
vn 0.782400 -0.597700 0.175100
vn 0.525400 -0.332100 0.783400
vn 0.782400 -0.597600 0.175100
vn 0.782400 -0.597700 0.175100
vn 0.525400 -0.332100 0.783400
vn 0.782400 -0.597600 0.175100
vn 0.525400 -0.332100 0.783400
vn 0.525300 -0.331900 0.783500
vn 0.525300 -0.331900 0.783500
vn 0.782400 -0.597600 0.175100
vn 0.525300 -0.331900 0.783500
vn 0.525300 -0.331900 0.783500
vn 0.525300 -0.331900 0.783500
vn 0.528400 -0.245800 0.812700
vn 0.312600 -0.390200 0.866000
vn 0.525300 -0.331900 0.783500
vn 0.528400 -0.245800 0.812700
vn 0.782400 -0.597600 0.175100
vn 0.853100 -0.051700 0.519200
vn 0.853000 -0.051600 0.519300
vn 0.782400 -0.597700 0.175100
vn 0.782400 -0.597600 0.175100
vn 0.853000 -0.051600 0.519300
vn 0.782400 -0.597700 0.175100
vn 0.853000 -0.051600 0.519300
vn 0.853000 -0.051600 0.519300
vn 0.525400 -0.332100 0.783400
vn 0.782400 -0.597700 0.175100
vn 0.853000 -0.051600 0.519300
vn 0.525400 -0.332100 0.783400
vn 0.853000 -0.051600 0.519300
vn 0.525300 -0.331800 0.783600
vn 0.525300 -0.331900 0.783500
vn 0.525400 -0.332100 0.783400
vn 0.525300 -0.331800 0.783600
vn 0.525300 -0.331900 0.783500
vn 0.525300 -0.331800 0.783600
vn 0.436600 0.219000 0.872600
vn 0.528400 -0.245800 0.812700
vn 0.525300 -0.331900 0.783500
vn 0.436600 0.219000 0.872600
vn 0.110100 -0.666900 0.737000
vn -0.132700 -0.530000 0.837500
vn 0.528400 -0.245600 0.812700
vn 0.110200 -0.666600 0.737200
vn 0.110100 -0.666900 0.737000
vn 0.528400 -0.245600 0.812700
vn 0.110200 -0.666600 0.737200
vn 0.528400 -0.245600 0.812700
vn 0.528300 -0.245800 0.812700
vn 0.110200 -0.666600 0.737200
vn 0.110200 -0.666600 0.737200
vn 0.528300 -0.245800 0.812700
vn -0.000100 -0.850100 0.526600
vn 0.110200 -0.666700 0.737100
vn 0.110000 -0.666800 0.737100
vn -0.000100 -0.850000 0.526700
vn -0.000100 -0.850100 0.526600
vn 0.110000 -0.666800 0.737100
vn -0.000100 -0.850000 0.526700
vn 0.110000 -0.666800 0.737100
vn 0.112000 -0.666900 0.736600
vn 0.253300 -0.213500 0.943500
vn -0.000100 -0.850000 0.526700
vn 0.112000 -0.666900 0.736600
vn -0.641400 -0.043800 -0.766000
vn -0.641400 -0.043800 -0.765900
vn -0.789300 -0.144600 -0.596700
vn -0.789400 -0.144700 -0.596600
vn -0.641400 -0.043800 -0.766000
vn -0.789300 -0.144600 -0.596700
vn -0.789400 -0.144700 -0.596600
vn -0.789300 -0.144600 -0.596700
vn -0.909100 -0.361400 -0.207100
vn -0.460800 -0.870300 -0.173800
vn -0.546500 -0.730400 -0.409600
vn -0.460800 -0.870300 -0.173900
vn -0.460800 -0.870300 -0.173800
vn -0.460800 -0.870300 -0.173800
vn -0.460800 -0.870300 -0.173900
vn -0.460800 -0.870300 -0.173800
vn -0.460800 -0.870300 -0.173900
vn -0.462400 -0.777600 0.426000
vn -0.395400 -0.262200 -0.880300
vn -0.395400 -0.262300 -0.880300
vn -0.641400 -0.043800 -0.765900
vn -0.641400 -0.043800 -0.765900
vn -0.395400 -0.262200 -0.880300
vn -0.641400 -0.043800 -0.765900
vn -0.641400 -0.043800 -0.765900
vn -0.641400 -0.043800 -0.765900
vn -0.641400 -0.043800 -0.766000
vn -0.641400 -0.043800 -0.765900
vn -0.641400 -0.043800 -0.765900
vn -0.641400 -0.043800 -0.766000
vn -0.641400 -0.043800 -0.765900
vn -0.641400 -0.043800 -0.766000
vn -0.534400 -0.299900 -0.790300
vn -0.534300 -0.300100 -0.790300
vn -0.641400 -0.043800 -0.765900
vn -0.534400 -0.299900 -0.790300
vn -0.546400 -0.730500 -0.409600
vn -0.546500 -0.730400 -0.409600
vn -0.475900 -0.595700 -0.647100
vn -0.534400 -0.299900 -0.790300
vn -0.546400 -0.730500 -0.409600
vn -0.475900 -0.595700 -0.647100
vn -0.534400 -0.299900 -0.790300
vn -0.475900 -0.595700 -0.647100
vn -0.534400 -0.300000 -0.790200
vn -0.534300 -0.300100 -0.790300
vn -0.534400 -0.299900 -0.790300
vn -0.534400 -0.300000 -0.790200
vn -0.546500 -0.730400 -0.409600
vn -0.546400 -0.730500 -0.409600
vn -0.460800 -0.870300 -0.173900
vn -0.460800 -0.870300 -0.173900
vn -0.546500 -0.730400 -0.409600
vn -0.460800 -0.870300 -0.173900
vn -0.460800 -0.870300 -0.173900
vn -0.460800 -0.870300 -0.173900
vn -0.782400 -0.597700 0.175100
vn -0.462400 -0.777600 0.426000
vn -0.460800 -0.870300 -0.173900
vn -0.782400 -0.597700 0.175100
vn -0.462400 -0.777600 0.426000
vn -0.782400 -0.597700 0.175100
vn -0.782400 -0.597600 0.175100
vn -0.546400 -0.730500 -0.409600
vn -0.789400 -0.144700 -0.596600
vn -0.909100 -0.361400 -0.207100
vn -0.460800 -0.870300 -0.173900
vn -0.546400 -0.730500 -0.409600
vn -0.909100 -0.361400 -0.207100
vn -0.460800 -0.870300 -0.173900
vn -0.909100 -0.361400 -0.207100
vn -0.782400 -0.597700 0.175100
vn 0.782400 -0.597600 0.175100
vn 0.546400 -0.730600 -0.409500
vn 0.460800 -0.870300 -0.173800
vn 0.462300 -0.777700 0.425900
vn 0.782400 -0.597600 0.175100
vn 0.460800 -0.870300 -0.173800
vn 0.462300 -0.777700 0.425900
vn 0.460800 -0.870300 -0.173800
vn 0.460800 -0.870300 -0.173800
vn 0.395400 -0.262300 -0.880200
vn 0.475900 -0.595700 -0.647000
vn 0.395500 -0.262200 -0.880200
vn 0.395500 -0.262200 -0.880300
vn 0.395400 -0.262300 -0.880200
vn 0.395500 -0.262200 -0.880200
vn 0.395500 -0.262200 -0.880300
vn 0.395500 -0.262200 -0.880200
vn 0.463100 -0.003100 -0.886300
vn 0.463200 -0.003200 -0.886300
vn 0.395400 -0.262300 -0.880200
vn 0.395500 -0.262200 -0.880300
vn 0.463200 -0.003200 -0.886300
vn 0.463200 -0.003200 -0.886300
vn 0.395500 -0.262200 -0.880300
vn 0.463200 -0.003200 -0.886300
vn 0.395500 -0.262200 -0.880300
vn 0.463100 -0.003100 -0.886300
vn 0.395500 -0.262200 -0.880200
vn 0.475900 -0.595700 -0.647000
vn 0.476000 -0.595700 -0.647000
vn 0.534400 -0.300000 -0.790200
vn 0.395500 -0.262200 -0.880200
vn 0.476000 -0.595700 -0.647000
vn 0.534400 -0.300000 -0.790200
vn 0.476000 -0.595700 -0.647000
vn 0.534300 -0.300100 -0.790200
vn 0.534300 -0.300100 -0.790200
vn 0.534400 -0.300000 -0.790200
vn 0.534300 -0.300100 -0.790200
vn 0.534400 -0.300100 -0.790100
vn 0.463200 -0.003200 -0.886300
vn 0.463200 -0.003200 -0.886300
vn 0.534300 -0.300200 -0.790200
vn 0.534400 -0.300100 -0.790100
vn 0.463200 -0.003200 -0.886300
vn 0.534300 -0.300200 -0.790200
vn 0.463200 -0.003200 -0.886300
vn 0.463100 -0.003100 -0.886300
vn 0.546500 -0.730500 -0.409600
vn 0.534300 -0.300000 -0.790200
vn 0.534400 -0.300100 -0.790100
vn 0.534300 -0.300100 -0.790200
vn 0.546500 -0.730500 -0.409600
vn 0.534400 -0.300100 -0.790100
vn 0.534300 -0.300100 -0.790200
vn 0.534400 -0.300100 -0.790100
vn 0.534300 -0.300200 -0.790200
vn 0.534300 -0.300100 -0.790200
vn 0.534300 -0.300100 -0.790200
vn 0.534300 -0.300200 -0.790200
vn 0.534300 -0.300100 -0.790200
vn 0.534300 -0.300200 -0.790200
vn 0.463100 -0.003100 -0.886300
vn 0.534300 -0.300000 -0.790200
vn 0.909200 -0.361300 -0.207000
vn 0.789400 -0.144600 -0.596600
vn 0.534400 -0.300100 -0.790100
vn 0.534300 -0.300000 -0.790200
vn 0.789400 -0.144600 -0.596600
vn 0.534400 -0.300100 -0.790100
vn 0.789400 -0.144600 -0.596600
vn 0.463200 -0.003200 -0.886300
vn 0.909200 -0.361300 -0.207000
vn 0.534300 -0.300000 -0.790200
vn 0.546500 -0.730500 -0.409600
vn 0.546400 -0.730600 -0.409500
vn 0.909200 -0.361300 -0.207000
vn 0.546500 -0.730500 -0.409600
vn 0.546400 -0.730600 -0.409500
vn 0.546500 -0.730500 -0.409600
vn 0.546500 -0.730500 -0.409500
vn 0.460800 -0.870300 -0.173800
vn 0.546400 -0.730600 -0.409500
vn 0.546500 -0.730500 -0.409500
vn 0.460800 -0.870300 -0.173800
vn 0.546500 -0.730500 -0.409500
vn 0.000000 -0.866000 -0.500000
vn 0.460800 -0.870300 -0.173800
vn 0.460800 -0.870300 -0.173800
vn 0.000000 -0.866000 -0.500000
vn -0.264300 -0.964400 -0.011500
vn -0.264400 -0.964400 -0.011500
vn 0.000000 -0.999600 0.029000
vn 0.000000 -0.999600 0.029000
vn -0.264300 -0.964400 -0.011500
vn 0.000000 -0.999600 0.029000
vn 0.000000 -0.999600 0.029000
vn 0.000000 -0.999600 0.029000
vn 0.000100 -0.579600 0.814900
vn 0.000000 -0.999600 0.029000
vn 0.000000 -0.999600 0.029000
vn 0.000100 -0.579600 0.814900
vn -0.264400 -0.964400 -0.011500
vn -0.264400 -0.964400 -0.011400
vn -0.264400 -0.964400 -0.011400
vn -0.264400 -0.964400 -0.011500
vn -0.264400 -0.964400 -0.011500
vn -0.264400 -0.964400 -0.011400
vn -0.264400 -0.964400 -0.011500
vn -0.264400 -0.964400 -0.011400
vn -0.000100 -0.999600 0.029000
vn 0.000000 -0.999600 0.029000
vn -0.264400 -0.964400 -0.011500
vn -0.000100 -0.999600 0.029000
vn 0.000000 -0.999600 0.029000
vn -0.000100 -0.999600 0.029000
vn 0.000000 -0.579400 0.815000
vn 0.000100 -0.579600 0.814900
vn 0.000000 -0.999600 0.029000
vn 0.000000 -0.579400 0.815000
vn -0.264300 -0.964400 -0.011500
vn 0.000000 -0.999600 0.029000
vn -0.264300 -0.964400 -0.011500
vn -0.264400 -0.964400 -0.011500
vn -0.264300 -0.964400 -0.011500
vn -0.264300 -0.964400 -0.011500
vn -0.264400 -0.964400 -0.011500
vn -0.264300 -0.964400 -0.011500
vn -0.264200 -0.964400 -0.011400
vn -0.264600 -0.964300 -0.011400
vn -0.264400 -0.964400 -0.011500
vn -0.264200 -0.964400 -0.011400
vn -0.264400 -0.964400 -0.011500
vn 0.000000 -0.579500 0.815000
vn -0.000100 -0.579600 0.814900
vn -0.264400 -0.964400 -0.011400
vn -0.264400 -0.964400 -0.011500
vn -0.000100 -0.579600 0.814900
vn -0.264400 -0.964400 -0.011400
vn -0.000100 -0.579600 0.814900
vn -0.000100 -0.999600 0.029000
vn -0.264400 -0.964400 -0.011400
vn -0.264400 -0.964400 -0.011400
vn -0.000100 -0.999600 0.029000
vn -0.462400 -0.777700 0.426000
vn 0.000000 -0.579500 0.815000
vn -0.264400 -0.964400 -0.011500
vn -0.264400 -0.964300 -0.011600
vn -0.462400 -0.777700 0.426000
vn -0.264400 -0.964400 -0.011500
vn -0.264400 -0.964300 -0.011600
vn -0.264400 -0.964400 -0.011500
vn -0.264400 -0.964400 -0.011500
vn -0.000100 -0.579600 0.814900
vn 0.000000 -0.478000 0.878400
vn -0.085000 -0.292500 0.952500
vn 0.000000 -0.579500 0.815000
vn -0.000100 -0.579600 0.814900
vn -0.085000 -0.292500 0.952500
vn 0.000000 -0.579500 0.815000
vn -0.085000 -0.292500 0.952500
vn -0.084900 -0.292500 0.952500
vn 0.000000 -0.579400 0.815000
vn 0.000000 -0.579500 0.815000
vn -0.084900 -0.292500 0.952500
vn 0.000000 -0.579400 0.815000
vn -0.084900 -0.292500 0.952500
vn 0.462400 -0.777700 0.426000
vn 0.000100 -0.579600 0.814900
vn 0.000000 -0.579400 0.815000
vn 0.462400 -0.777700 0.426000
vn 0.000100 -0.579600 0.814900
vn 0.462400 -0.777700 0.426000
vn 0.264300 -0.964400 -0.011500
vn 0.000000 -0.999600 0.029000
vn 0.000100 -0.579600 0.814900
vn 0.264300 -0.964400 -0.011500
vn 0.000000 -0.999600 0.029000
vn 0.264300 -0.964400 -0.011500
vn -0.000100 -0.999600 0.028800
vn -0.264400 -0.964300 -0.011600
vn 0.000000 -0.999600 0.029000
vn -0.000100 -0.999600 0.028800
vn -0.462400 -0.777600 0.426000
vn 0.085000 -0.292500 0.952500
vn -0.462400 -0.777700 0.425800
vn -0.462400 -0.777600 0.426000
vn -0.462400 -0.777600 0.426000
vn -0.462400 -0.777700 0.425800
vn -0.462400 -0.777600 0.426000
vn -0.462400 -0.777700 0.425800
vn -0.462500 -0.777600 0.426000
vn -0.264300 -0.964400 -0.011600
vn -0.462400 -0.777600 0.426000
vn -0.462500 -0.777600 0.426000
vn -0.264300 -0.964400 -0.011600
vn -0.462500 -0.777600 0.426000
vn -0.264600 -0.964300 -0.011400
vn -0.264600 -0.964300 -0.011400
vn -0.264300 -0.964400 -0.011600
vn -0.264600 -0.964300 -0.011400
vn 0.000000 -0.999600 0.029000
vn 0.000000 -0.999600 0.029000
vn -0.264400 -0.964300 -0.011600
vn -0.264300 -0.964400 -0.011500
vn 0.000000 -0.999600 0.029000
vn -0.264400 -0.964300 -0.011600
vn -0.264300 -0.964400 -0.011500
vn -0.264400 -0.964300 -0.011600
vn -0.264400 -0.964300 -0.011400
vn -0.264200 -0.964400 -0.011400
vn -0.264300 -0.964400 -0.011500
vn -0.264400 -0.964300 -0.011400
vn -0.264200 -0.964400 -0.011400
vn -0.264400 -0.964300 -0.011400
vn -0.462400 -0.777600 0.426000
vn -0.264300 -0.964400 -0.011600
vn -0.264200 -0.964400 -0.011400
vn -0.462400 -0.777600 0.426000
vn 0.000100 -0.866000 -0.500000
vn -0.000100 -0.866100 -0.499900
vn 0.000000 -0.866100 -0.499900
vn 0.000100 -0.866000 -0.500100
vn 0.000100 -0.866000 -0.500000
vn 0.000000 -0.866100 -0.499900
vn 0.000100 -0.866000 -0.500100
vn 0.000000 -0.866100 -0.499900
vn 0.000000 -0.866000 -0.500100
vn 0.000000 -0.866000 -0.500000
vn -0.460800 -0.870300 -0.173800
vn 0.000000 -0.866000 -0.500000
vn -0.000100 -0.866100 -0.499900
vn 0.000000 -0.866000 -0.500000
vn 0.000000 -0.866000 -0.500000
vn -0.000100 -0.866100 -0.499900
vn 0.000000 -0.866000 -0.500000
vn 0.000000 -0.866000 -0.500000
vn -0.000100 -0.866100 -0.499900
vn -0.000100 -0.866100 -0.499900
vn 0.000000 -0.866000 -0.500000
vn -0.000100 -0.866100 -0.499900
vn 0.000000 -0.866000 -0.500000
vn 0.000000 -0.866000 -0.500100
vn 0.000000 -0.866100 -0.499900
vn -0.000100 -0.866100 -0.499900
vn 0.000000 -0.866000 -0.500100
vn 0.000000 -0.866000 -0.500000
vn 0.000000 -0.866000 -0.500000
vn -0.460900 -0.870300 -0.173800
vn 0.000000 -0.866000 -0.500000
vn 0.000000 -0.866000 -0.500000
vn -0.460900 -0.870300 -0.173800
vn 0.000000 -0.866000 -0.500000
vn -0.460900 -0.870300 -0.173800
vn -0.264400 -0.964400 -0.011500
vn 0.000000 -0.866000 -0.500000
vn 0.000000 -0.866000 -0.500000
vn -0.264400 -0.964400 -0.011500
vn 0.000000 -0.866000 -0.500000
vn 0.000000 -0.866000 -0.500000
vn -0.264400 -0.964400 -0.011500
vn -0.000100 -0.999600 0.028900
vn 0.000000 -0.866000 -0.500000
vn -0.264400 -0.964400 -0.011500
vn -0.000100 -0.999600 0.028900
vn -0.264400 -0.964400 -0.011500
vn -0.264300 -0.964400 -0.011500
vn 0.000000 -0.999600 0.029100
vn -0.000100 -0.999600 0.028900
vn -0.264300 -0.964400 -0.011500
vn 0.000000 -0.999600 0.029100
vn -0.264300 -0.964400 -0.011500
vn -0.264300 -0.964400 -0.011500
vn -0.000100 -0.999600 0.028800
vn 0.000000 -0.999600 0.029100
vn -0.264300 -0.964400 -0.011500
vn -0.000100 -0.999600 0.028800
vn 0.264300 -0.964400 -0.011500
vn 0.264400 -0.964300 -0.011600
vn 0.000000 -0.999600 0.029100
vn -0.000100 -0.999600 0.028800
vn 0.264400 -0.964300 -0.011600
vn 0.000000 -0.999600 0.029100
vn 0.264400 -0.964300 -0.011600
vn 0.264300 -0.964400 -0.011500
vn -0.000100 -0.999600 0.028900
vn 0.000000 -0.999600 0.029100
vn 0.264300 -0.964400 -0.011500
vn 0.264400 -0.964300 -0.011600
vn 0.264300 -0.964400 -0.011500
vn 0.460800 -0.870300 -0.173800
vn 0.264400 -0.964300 -0.011500
vn 0.264400 -0.964300 -0.011600
vn 0.460800 -0.870300 -0.173800
vn 0.264400 -0.964300 -0.011500
vn 0.460800 -0.870300 -0.173800
vn 0.000000 -0.866000 -0.500000
vn -0.132600 -0.530200 0.837400
vn -0.000100 -0.850100 0.526600
vn -0.000100 -0.849900 0.526900
vn 0.110200 -0.666800 0.737100
vn -0.132600 -0.530200 0.837400
vn -0.000100 -0.849900 0.526900
vn 0.110200 -0.666800 0.737100
vn -0.000100 -0.849900 0.526900
vn 0.253300 -0.213500 0.943500
vn 0.253400 -0.213500 0.943500
vn 0.110200 -0.666800 0.737100
vn 0.253300 -0.213500 0.943500
vn -0.132600 -0.530000 0.837600
vn -0.132500 -0.530100 0.837500
vn 0.110100 -0.666800 0.737100
vn 0.110200 -0.666800 0.737100
vn -0.132600 -0.530000 0.837600
vn 0.110100 -0.666800 0.737100
vn 0.110200 -0.666800 0.737100
vn 0.110100 -0.666800 0.737100
vn 0.110100 -0.666700 0.737200
vn 0.528300 -0.245700 0.812700
vn 0.110200 -0.666800 0.737100
vn 0.110100 -0.666700 0.737200
vn 0.264400 -0.964300 -0.011600
vn 0.264400 -0.964300 -0.011500
vn 0.000100 -0.866000 -0.500000
vn 0.264300 -0.964400 -0.011500
vn 0.264400 -0.964300 -0.011600
vn 0.000100 -0.866000 -0.500000
vn 0.264300 -0.964400 -0.011500
vn 0.000100 -0.866000 -0.500000
vn 0.000100 -0.866000 -0.500100
vn 0.000100 -0.866000 -0.500100
vn 0.264300 -0.964400 -0.011500
vn 0.000100 -0.866000 -0.500100
vn 0.000100 -0.866000 -0.500100
vn 0.000100 -0.866000 -0.500100
vn 0.000000 -0.866000 -0.500100
vn -0.132700 -0.530000 0.837500
vn -0.132600 -0.530000 0.837600
vn 0.110200 -0.666800 0.737100
vn 0.528400 -0.245600 0.812700
vn -0.132700 -0.530000 0.837500
vn 0.110200 -0.666800 0.737100
vn 0.528400 -0.245600 0.812700
vn 0.110200 -0.666800 0.737100
vn 0.528300 -0.245700 0.812700
vn 0.528300 -0.245800 0.812700
vn 0.528400 -0.245600 0.812700
vn 0.528300 -0.245700 0.812700
vn 0.085100 -0.292400 0.952500
vn 0.132600 -0.530400 0.837300
vn 0.085000 -0.292400 0.952500
vn 0.084900 -0.292500 0.952500
vn 0.085100 -0.292400 0.952500
vn 0.085000 -0.292400 0.952500
vn 0.084900 -0.292500 0.952500
vn 0.085000 -0.292400 0.952500
vn 0.000000 -0.850000 0.526700
vn 0.000000 -0.478000 0.878400
vn 0.084900 -0.292500 0.952500
vn 0.000000 -0.850000 0.526700
vn -0.110300 -0.666800 0.737000
vn -0.253300 -0.213500 0.943500
vn -0.253300 -0.213600 0.943500
vn -0.253500 -0.213500 0.943500
vn -0.110300 -0.666800 0.737000
vn -0.253300 -0.213600 0.943500
vn -0.253500 -0.213500 0.943500
vn -0.253300 -0.213600 0.943500
vn -0.253400 -0.213600 0.943500
vn -0.110200 -0.666600 0.737200
vn -0.253500 -0.213500 0.943500
vn -0.253400 -0.213600 0.943500
vn -0.110200 -0.666600 0.737200
vn -0.253400 -0.213600 0.943500
vn -0.253300 -0.213500 0.943500
vn -0.253300 -0.213500 0.943500
vn -0.110200 -0.666600 0.737200
vn -0.253300 -0.213500 0.943500
vn -0.253300 -0.213500 0.943500
vn -0.253300 -0.213500 0.943500
vn 0.000000 -0.150000 0.988700
vn 0.000000 -0.150100 0.988700
vn -0.253300 -0.213500 0.943500
vn 0.000000 -0.150000 0.988700
vn 0.000200 -0.092300 0.995700
vn -0.313100 -0.119600 0.942100
vn 0.000200 0.265200 0.964200
vn 0.000000 0.265100 0.964200
vn 0.000200 -0.092300 0.995700
vn 0.000200 0.265200 0.964200
vn 0.000000 0.265100 0.964200
vn 0.000200 0.265200 0.964200
vn 0.000200 -0.150100 0.988700
vn 0.000000 -0.150000 0.988700
vn 0.000000 0.265100 0.964200
vn 0.000200 -0.150100 0.988700
vn 0.000200 0.265200 0.964200
vn -0.313100 -0.119600 0.942100
vn -0.313100 -0.119800 0.942100
vn -0.253500 -0.213500 0.943500
vn 0.000200 0.265200 0.964200
vn -0.313100 -0.119800 0.942100
vn -0.253500 -0.213500 0.943500
vn -0.313100 -0.119800 0.942100
vn -0.313100 -0.119800 0.942100
vn -0.253300 -0.213500 0.943500
vn -0.253500 -0.213500 0.943500
vn -0.313100 -0.119800 0.942100
vn -0.253300 -0.213500 0.943500
vn -0.313100 -0.119800 0.942100
vn -0.313000 -0.119700 0.942200
vn -0.253300 -0.213600 0.943500
vn -0.253300 -0.213500 0.943500
vn -0.313000 -0.119700 0.942200
vn -0.253300 -0.213600 0.943500
vn -0.313000 -0.119700 0.942200
vn -0.253400 -0.213600 0.943500
vn -0.000200 -0.092200 0.995700
vn 0.000000 -0.092100 0.995700
vn -0.313000 -0.119800 0.942200
vn -0.313000 -0.119900 0.942200
vn -0.000200 -0.092200 0.995700
vn -0.313000 -0.119800 0.942200
vn -0.313000 -0.119900 0.942200
vn -0.313000 -0.119800 0.942200
vn -0.253300 -0.213500 0.943500
vn -0.253400 -0.213600 0.943500
vn -0.313000 -0.119900 0.942200
vn -0.253300 -0.213500 0.943500
vn 0.000000 -0.092100 0.995700
vn -0.000200 -0.092200 0.995700
vn 0.000200 -0.092300 0.995700
vn 0.000000 -0.150000 0.988700
vn 0.000000 -0.092100 0.995700
vn 0.000200 -0.092300 0.995700
vn 0.000000 -0.150000 0.988700
vn 0.000200 -0.092300 0.995700
vn 0.000000 0.265100 0.964200
vn -0.110200 -0.666800 0.737100
vn 0.132700 -0.530200 0.837400
vn -0.312700 -0.390300 0.866000
vn -0.110300 -0.666800 0.737000
vn -0.110200 -0.666800 0.737100
vn -0.312700 -0.390300 0.866000
vn -0.110300 -0.666800 0.737000
vn -0.312700 -0.390300 0.866000
vn -0.000200 -0.850100 0.526700
vn -0.000100 -0.850100 0.526600
vn -0.110300 -0.666800 0.737000
vn -0.000200 -0.850100 0.526700
vn -0.000100 -0.850100 0.526600
vn -0.000200 -0.850100 0.526700
vn 0.000000 -0.850000 0.526800
vn 0.000100 -0.850100 0.526600
vn -0.000100 -0.850100 0.526600
vn 0.000000 -0.850000 0.526800
vn 0.000100 -0.850100 0.526600
vn 0.000000 -0.850000 0.526800
vn 0.000000 -0.850000 0.526700
vn 0.000000 -0.850000 0.526800
vn 0.000100 -0.850100 0.526600
vn 0.000000 -0.850000 0.526700
vn 0.000000 -0.850000 0.526800
vn 0.000000 -0.850000 0.526700
vn 0.085000 -0.292400 0.952500
vn 0.000000 -0.850000 0.526700
vn 0.000000 -0.850000 0.526800
vn 0.085000 -0.292400 0.952500
vn 0.000000 -0.850000 0.526700
vn 0.085000 -0.292400 0.952500
vn 0.132600 -0.530400 0.837300
vn -0.110200 -0.666800 0.737100
vn 0.000000 -0.850000 0.526700
vn 0.132600 -0.530400 0.837300
vn -0.110200 -0.666800 0.737100
vn 0.132600 -0.530400 0.837300
vn 0.132600 -0.530300 0.837400
vn -0.110200 -0.666800 0.737100
vn -0.110200 -0.666800 0.737100
vn 0.132600 -0.530300 0.837400
vn -0.110200 -0.666800 0.737100
vn 0.132600 -0.530300 0.837400
vn 0.132700 -0.530200 0.837400
vn -0.110200 -0.666800 0.737100
vn -0.110200 -0.666800 0.737100
vn 0.132700 -0.530200 0.837400
vn -0.253500 -0.213500 0.943500
vn -0.110200 -0.666800 0.737100
vn -0.110200 -0.666800 0.737100
vn -0.110300 -0.666800 0.737000
vn -0.253500 -0.213500 0.943500
vn -0.110200 -0.666800 0.737100
vn -0.110300 -0.666800 0.737000
vn -0.110200 -0.666800 0.737100
vn -0.110300 -0.666800 0.737000
vn -0.253400 -0.213400 0.943500
vn -0.110300 -0.666800 0.737000
vn -0.110300 -0.666800 0.737000
vn -0.253400 -0.213400 0.943500
vn -0.110300 -0.666800 0.737000
vn -0.000100 -0.850100 0.526600
vn 0.000200 -0.150100 0.988700
vn -0.253400 -0.213400 0.943500
vn -0.000100 -0.850100 0.526600
vn 0.000200 -0.150100 0.988700
vn -0.000100 -0.850100 0.526600
vn 0.000100 -0.850100 0.526600
vn 0.000000 -0.150000 0.988700
vn 0.000200 -0.150100 0.988700
vn 0.000100 -0.850100 0.526600
vn 0.000000 -0.150000 0.988700
vn 0.000100 -0.850100 0.526600
vn 0.000000 -0.850000 0.526800
vn 0.000000 -0.150100 0.988700
vn 0.000000 -0.150000 0.988700
vn 0.000000 -0.850000 0.526800
vn 0.000000 -0.150100 0.988700
vn 0.000000 -0.850000 0.526800
vn 0.000000 -0.850000 0.526700
vn -0.253300 -0.213500 0.943500
vn 0.000000 -0.150100 0.988700
vn 0.000000 -0.850000 0.526700
vn -0.253300 -0.213500 0.943500
vn 0.000000 -0.850000 0.526700
vn -0.110200 -0.666800 0.737100
vn -0.110200 -0.666600 0.737200
vn -0.253300 -0.213500 0.943500
vn -0.110200 -0.666800 0.737100
vn -0.110200 -0.666600 0.737200
vn -0.110200 -0.666800 0.737100
vn -0.110200 -0.666800 0.737100
vn -0.253500 -0.213500 0.943500
vn -0.110200 -0.666600 0.737200
vn -0.110200 -0.666800 0.737100
vn 0.528400 -0.245800 0.812700
vn 0.436600 0.219000 0.872600
vn 0.525300 -0.331900 0.783500
vn 0.528500 -0.245800 0.812600
vn 0.528400 -0.245800 0.812700
vn 0.525300 -0.331900 0.783500
vn 0.528500 -0.245800 0.812600
vn 0.525300 -0.331900 0.783500
vn 0.852900 -0.052300 0.519400
vn 0.462400 -0.777700 0.426000
vn 0.528500 -0.245800 0.812600
vn 0.852900 -0.052300 0.519400
vn 0.462400 -0.777700 0.426000
vn 0.852900 -0.052300 0.519400
vn 0.853100 -0.051700 0.519200
vn 0.782500 -0.597600 0.175100
vn 0.462400 -0.777700 0.426000
vn 0.853100 -0.051700 0.519200
vn 0.782500 -0.597600 0.175100
vn 0.853100 -0.051700 0.519200
vn 0.853100 -0.051700 0.519200
vn 0.782400 -0.597600 0.175100
vn 0.782500 -0.597600 0.175100
vn 0.853100 -0.051700 0.519200
vn 0.312600 -0.390200 0.866000
vn 0.528400 -0.245800 0.812700
vn 0.528500 -0.245800 0.812600
vn -0.132600 -0.530100 0.837500
vn 0.312600 -0.390200 0.866000
vn 0.528500 -0.245800 0.812600
vn -0.132600 -0.530100 0.837500
vn 0.528500 -0.245800 0.812600
vn 0.462400 -0.777700 0.426000
vn 0.462400 -0.777700 0.426000
vn -0.132600 -0.530100 0.837500
vn 0.462400 -0.777700 0.426000
vn 0.462400 -0.777700 0.426000
vn 0.462400 -0.777700 0.426000
vn 0.782500 -0.597600 0.175100
vn 0.462300 -0.777700 0.426000
vn 0.462400 -0.777700 0.426000
vn 0.782500 -0.597600 0.175100
vn 0.462300 -0.777700 0.426000
vn 0.782500 -0.597600 0.175100
vn 0.782400 -0.597600 0.175100
vn 0.462300 -0.777700 0.425900
vn 0.462300 -0.777700 0.426000
vn 0.782400 -0.597600 0.175100
vn -0.264300 -0.964400 -0.011500
vn -0.264300 -0.964400 -0.011500
vn -0.460800 -0.870300 -0.173800
vn -0.460800 -0.870300 -0.173800
vn -0.264300 -0.964400 -0.011500
vn -0.460800 -0.870300 -0.173900
vn -0.460800 -0.870300 -0.173900
vn -0.264300 -0.964400 -0.011500
vn -0.460900 -0.870300 -0.173800
vn -0.460900 -0.870300 -0.173800
vn -0.264300 -0.964400 -0.011500
vn -0.264400 -0.964400 -0.011500
vn -0.460800 -0.870300 -0.173800
vn -0.460800 -0.870300 -0.173900
vn -0.460800 -0.870300 -0.173800
vn -0.460800 -0.870300 -0.173800
vn -0.460800 -0.870300 -0.173900
vn 0.000000 -0.866000 -0.500000
vn 0.000000 -0.866000 -0.500000
vn -0.460800 -0.870300 -0.173900
vn -0.460900 -0.870300 -0.173800
vn -0.000100 -0.866100 -0.499900
vn -0.000100 -0.866100 -0.499900
vn 0.000100 -0.866100 -0.499900
vn 0.000100 -0.866100 -0.499900
vn -0.000100 -0.866100 -0.499900
vn 0.000000 -0.866000 -0.500000
vn 0.000000 -0.866000 -0.500000
vn -0.000100 -0.866100 -0.499900
vn 0.264400 -0.964300 -0.011500
vn 0.264400 -0.964300 -0.011500
vn -0.000100 -0.866100 -0.499900
vn 0.000100 -0.866000 -0.500000
vn 0.000000 -0.866000 -0.500100
vn 0.000000 -0.866000 -0.500000
vn 0.000100 -0.866000 -0.500100
vn 0.000100 -0.866000 -0.500100
vn 0.000000 -0.866000 -0.500000
vn 0.264300 -0.964400 -0.011500
vn 0.264300 -0.964400 -0.011500
vn 0.000000 -0.866000 -0.500000
vn -0.000100 -0.999600 0.028900
vn -0.264600 -0.964300 -0.011400
vn -0.264600 -0.964300 -0.011400
vn -0.264400 -0.964400 -0.011500
vn -0.264400 -0.964400 -0.011500
vn -0.264600 -0.964300 -0.011400
vn -0.264400 -0.964300 -0.011600
vn -0.264400 -0.964300 -0.011600
vn -0.264600 -0.964300 -0.011400
vn -0.462400 -0.777700 0.426000
vn -0.462400 -0.777700 0.426000
vn -0.264600 -0.964300 -0.011400
vn -0.462500 -0.777600 0.426000
vn -0.000100 -0.579600 0.814900
vn 0.000000 -0.579500 0.815000
vn 0.000000 -0.579500 0.815000
vn 0.000000 -0.579500 0.815000
vn 0.000000 -0.579500 0.815000
vn -0.000100 -0.579600 0.814900
vn -0.000100 -0.579600 0.814900
vn 0.000000 -0.579500 0.815000
vn 0.085000 -0.292600 0.952500
vn 0.085000 -0.292600 0.952500
vn 0.000000 -0.579500 0.815000
vn -0.462400 -0.777700 0.426000
vn -0.264300 -0.964400 -0.011600
vn -0.264600 -0.964300 -0.011400
vn -0.264200 -0.964400 -0.011400
vn -0.264200 -0.964400 -0.011400
vn -0.264600 -0.964300 -0.011400
vn -0.264600 -0.964300 -0.011400
vn -0.264600 -0.964300 -0.011400
vn -0.264600 -0.964300 -0.011400
vn -0.264400 -0.964400 -0.011500
vn -0.264400 -0.964400 -0.011500
vn -0.264600 -0.964300 -0.011400
vn -0.264400 -0.964400 -0.011500
vn 0.084900 -0.292500 0.952500
vn 0.085000 -0.292600 0.952500
vn 0.085000 -0.292500 0.952500
vn 0.085000 -0.292500 0.952500
vn 0.085000 -0.292600 0.952500
vn -0.462400 -0.777700 0.425800
vn -0.462400 -0.777700 0.425800
vn 0.085000 -0.292600 0.952500
vn -0.462500 -0.777600 0.426000
vn -0.462500 -0.777600 0.426000
vn 0.085000 -0.292600 0.952500
vn -0.462400 -0.777700 0.426000
vn 0.534300 -0.300100 -0.790200
vn 0.476000 -0.595700 -0.647000
vn 0.546500 -0.730500 -0.409600
vn 0.546500 -0.730500 -0.409600
vn 0.476000 -0.595700 -0.647000
vn 0.546500 -0.730500 -0.409500
vn 0.546500 -0.730500 -0.409500
vn 0.476000 -0.595700 -0.647000
vn 0.000000 -0.866000 -0.500000
vn 0.000000 -0.866000 -0.500000
vn 0.476000 -0.595700 -0.647000
vn 0.475900 -0.595700 -0.647000
vn -0.395400 -0.262200 -0.880300
vn -0.534400 -0.300000 -0.790200
vn -0.395400 -0.262300 -0.880300
vn -0.395400 -0.262300 -0.880300
vn -0.534400 -0.300000 -0.790200
vn -0.476000 -0.595600 -0.647100
vn -0.476000 -0.595600 -0.647100
vn -0.534400 -0.300000 -0.790200
vn -0.475900 -0.595700 -0.647100
vn -0.475900 -0.595700 -0.647100
vn -0.534400 -0.300000 -0.790200
vn -0.534400 -0.300000 -0.790200
vn -0.461300 -0.072200 0.884300
vn -0.941500 0.154600 0.299300
vn -0.784400 0.221000 0.579500
vn -0.784400 0.221000 0.579500
vn -0.941500 0.154600 0.299300
vn -0.784400 0.221100 0.579500
vn -0.784400 0.221100 0.579500
vn -0.941500 0.154600 0.299300
vn -0.784400 0.221100 0.579500
vn -0.132600 -0.530100 0.837500
vn 0.462400 -0.777700 0.426000
vn -0.084900 -0.292500 0.952500
vn -0.084900 -0.292500 0.952500
vn 0.462400 -0.777700 0.426000
vn 0.462400 -0.777700 0.426000
vn 0.462400 -0.777700 0.426000
vn 0.462400 -0.777700 0.426000
vn 0.264300 -0.964400 -0.011500
vn 0.264300 -0.964400 -0.011500
vn 0.462400 -0.777700 0.426000
vn 0.462300 -0.777700 0.426000
vn 0.525300 -0.331900 0.783500
vn 0.525300 -0.331900 0.783500
vn 0.782400 -0.597600 0.175100
vn 0.782400 -0.597600 0.175100
vn 0.525300 -0.331900 0.783500
vn 0.853100 -0.051700 0.519200
vn 0.853100 -0.051700 0.519200
vn 0.525300 -0.331900 0.783500
vn 0.784400 0.221100 0.579500
vn 0.909200 -0.361300 -0.207000
vn 0.782400 -0.597600 0.175100
vn 0.909200 -0.361300 -0.207100
vn 0.909200 -0.361300 -0.207100
vn 0.782400 -0.597600 0.175100
vn 0.782400 -0.597600 0.175200
vn 0.782400 -0.597600 0.175200
vn 0.782400 -0.597600 0.175100
vn 0.782400 -0.597700 0.175100
vn 0.527500 0.509800 -0.679600
vn 0.040200 0.960400 0.275800
vn 0.947900 0.317500 -0.025800
vn 0.947900 0.317500 -0.025800
vn 0.040200 0.960400 0.275800
vn 0.706600 0.168400 -0.687300
vn 0.706600 0.168400 -0.687300
vn 0.040200 0.960400 0.275800
vn 0.484600 -0.132200 -0.864700
vn 0.484600 -0.132200 -0.864700
vn 0.040200 0.960400 0.275800
vn 0.463000 -0.003100 -0.886300
vn 0.706600 0.168400 -0.687300
vn 0.852700 -0.239300 -0.464300
vn 0.947900 0.317500 -0.025800
vn 0.947900 0.317500 -0.025800
vn 0.852700 -0.239300 -0.464300
vn 0.947900 0.317600 -0.025700
vn 0.947900 0.317600 -0.025700
vn 0.852700 -0.239300 -0.464300
vn 0.545200 0.624500 0.559300
vn 0.545200 0.624500 0.559300
vn 0.852700 -0.239300 -0.464300
vn 0.852900 -0.239300 -0.464100
vn 0.947900 0.317600 -0.026000
vn 0.545200 0.624500 0.559300
vn 0.852800 -0.239200 -0.464100
vn 0.852800 -0.239200 -0.464100
vn 0.545200 0.624500 0.559300
vn 0.852900 -0.239200 -0.464100
vn 0.852900 -0.239200 -0.464100
vn 0.545200 0.624500 0.559300
vn 0.852800 -0.239300 -0.464100
vn -0.853100 -0.051600 0.519200
vn -0.784400 0.221200 0.579500
vn -0.782500 -0.597600 0.175100
vn -0.782500 -0.597600 0.175100
vn -0.784400 0.221200 0.579500
vn -0.853100 -0.051700 0.519200
vn -0.853100 -0.051700 0.519200
vn -0.784400 0.221200 0.579500
vn -0.525300 -0.332000 0.783500
vn -0.641400 -0.043800 -0.765900
vn -0.852900 -0.239200 -0.464100
vn -0.641500 -0.043800 -0.765900
vn -0.641500 -0.043800 -0.765900
vn -0.852900 -0.239200 -0.464100
vn -0.852900 -0.239300 -0.464100
vn -0.852900 -0.239300 -0.464100
vn -0.852900 -0.239200 -0.464100
vn -0.545200 0.624500 0.559200
vn -0.545200 0.624500 0.559200
vn -0.852900 -0.239200 -0.464100
vn -0.852700 -0.239200 -0.464300
vn -0.681300 0.714500 -0.159100
vn -0.440900 0.892900 -0.091900
vn -0.055100 0.770000 -0.635700
vn -0.055100 0.770000 -0.635700
vn -0.440900 0.892900 -0.091900
vn -0.440900 0.892900 -0.091800
vn -0.440900 0.892900 -0.091800
vn -0.440900 0.892900 -0.091900
vn -0.000100 0.978100 -0.208200
vn -0.000100 0.978100 -0.208200
vn -0.440900 0.892900 -0.091900
vn 0.000100 0.978100 -0.208100
vn -0.681300 0.714500 -0.159100
vn -0.490400 0.566500 -0.662300
vn -0.440900 0.892800 -0.091900
vn -0.440900 0.892800 -0.091900
vn -0.490400 0.566500 -0.662300
vn 0.000100 0.978100 -0.208100
vn 0.000100 0.978100 -0.208100
vn -0.490400 0.566500 -0.662300
vn -0.000100 0.978100 -0.208200
vn -0.000100 0.978100 -0.208200
vn -0.490400 0.566500 -0.662300
vn -0.490300 0.566500 -0.662300
vn -0.055100 0.770000 -0.635700
vn -0.545300 0.624600 0.559100
vn -0.681300 0.714500 -0.159100
vn -0.681300 0.714500 -0.159100
vn -0.545300 0.624600 0.559100
vn -0.681300 0.714500 -0.159100
vn -0.681300 0.714500 -0.159100
vn -0.545300 0.624600 0.559100
vn -0.490400 0.566500 -0.662300
vn -0.490400 0.566500 -0.662300
vn -0.545300 0.624600 0.559100
vn -0.490300 0.566500 -0.662300
vn -0.000100 0.978100 -0.208100
vn 0.440900 0.892900 -0.091800
vn 0.000100 0.978100 -0.208200
vn 0.000100 0.978100 -0.208200
vn 0.440900 0.892900 -0.091800
vn 0.440900 0.892800 -0.091800
vn 0.440900 0.892800 -0.091800
vn 0.440900 0.892900 -0.091800
vn 0.055200 0.769900 -0.635800
vn 0.055200 0.769900 -0.635800
vn 0.440900 0.892900 -0.091800
vn 0.681300 0.714500 -0.159200
vn 0.490400 0.566500 -0.662300
vn 0.490300 0.566500 -0.662300
vn 0.000100 0.978100 -0.208200
vn 0.000100 0.978100 -0.208200
vn 0.490300 0.566500 -0.662300
vn -0.000100 0.978100 -0.208100
vn -0.000100 0.978100 -0.208100
vn 0.490300 0.566500 -0.662300
vn 0.652000 0.601900 -0.461000
vn 0.652000 0.601900 -0.461000
vn 0.490300 0.566500 -0.662300
vn 0.681300 0.714500 -0.159000
vn -0.239800 0.686500 0.686400
vn -0.000100 0.478400 -0.878200
vn 0.290600 -0.594300 -0.749900
vn 0.290600 -0.594300 -0.749900
vn -0.000100 0.478400 -0.878200
vn 0.000000 0.478500 -0.878100
vn 0.000000 0.478500 -0.878100
vn -0.000100 0.478400 -0.878200
vn -0.040100 0.960400 0.275600
vn -0.040100 0.960400 0.275600
vn -0.000100 0.478400 -0.878200
vn 0.239600 0.686700 0.686400
vn 0.463100 -0.003200 -0.886300
vn 0.000100 0.052000 -0.998600
vn 0.000000 0.052100 -0.998600
vn 0.000000 0.052100 -0.998600
vn 0.000100 0.052000 -0.998600
vn 0.000000 0.052100 -0.998600
vn 0.000000 0.052100 -0.998600
vn 0.000100 0.052000 -0.998600
vn 0.000100 0.052000 -0.998600
vn 0.000100 0.052000 -0.998600
vn 0.000100 0.052000 -0.998600
vn -0.463100 -0.003200 -0.886300
vn 0.000000 -0.866000 -0.500000
vn 0.000000 -0.866000 -0.500000
vn -0.460800 -0.870300 -0.173800
vn -0.460800 -0.870300 -0.173800
vn 0.000000 -0.866000 -0.500000
vn -0.476000 -0.595600 -0.647100
vn -0.476000 -0.595600 -0.647100
vn 0.000000 -0.866000 -0.500000
vn -0.395400 -0.262300 -0.880300
vn -0.395400 -0.262300 -0.880300
vn 0.000000 -0.866000 -0.500000
vn -0.395400 -0.262200 -0.880300
vn 0.000000 -0.866000 -0.500000
vn -0.000100 -0.866100 -0.499900
vn 0.000000 -0.866000 -0.500000
vn 0.000000 -0.866000 -0.500000
vn -0.000100 -0.866100 -0.499900
vn 0.000000 -0.866000 -0.500000
vn 0.000000 -0.866000 -0.500000
vn -0.000100 -0.866100 -0.499900
vn 0.000000 -0.866000 -0.500000
vn 0.000000 -0.866000 -0.500000
vn -0.000100 -0.866100 -0.499900
vn 0.000100 -0.866100 -0.499900
vn 0.000000 -0.866000 -0.500000
vn 0.000000 -0.866000 -0.500000
vn 0.000000 -0.443600 -0.896200
vn 0.000000 -0.443600 -0.896200
vn 0.000000 -0.866000 -0.500000
vn 0.000000 -0.443600 -0.896200
vn 0.000000 -0.443600 -0.896200
vn 0.000000 -0.866000 -0.500000
vn 0.395400 -0.262300 -0.880200
vn 0.395400 -0.262300 -0.880200
vn 0.000000 -0.866000 -0.500000
vn 0.475900 -0.595700 -0.647000
vn -0.511400 0.212500 -0.832600
vn -0.290600 -0.594300 -0.749900
vn -0.040100 0.960400 0.275600
vn -0.040100 0.960400 0.275600
vn -0.290600 -0.594300 -0.749900
vn 0.239800 0.686500 0.686400
vn 0.239800 0.686500 0.686400
vn -0.290600 -0.594300 -0.749900
vn -0.000100 0.729800 0.683600
vn -0.000100 0.729800 0.683600
vn -0.290600 -0.594300 -0.749900
vn -0.000100 -0.613400 -0.789700
vn -0.000100 -0.850100 0.526600
vn -0.132600 -0.530200 0.837400
vn 0.000000 -0.478000 0.878400
vn 0.000000 -0.478000 0.878400
vn -0.132600 -0.530200 0.837400
vn 0.000000 -0.478000 0.878400
vn 0.000000 -0.478000 0.878400
vn -0.132600 -0.530200 0.837400
vn -0.085000 -0.292500 0.952500
vn -0.085000 -0.292500 0.952500
vn -0.132600 -0.530200 0.837400
vn -0.132500 -0.530100 0.837500
vn 0.253400 -0.213500 0.943500
vn 0.253300 -0.213500 0.943500
vn 0.253300 -0.213500 0.943500
vn 0.253300 -0.213500 0.943500
vn 0.253300 -0.213500 0.943500
vn 0.253400 -0.213500 0.943500
vn 0.253400 -0.213500 0.943500
vn 0.253300 -0.213500 0.943500
vn 0.110100 -0.666700 0.737200
vn 0.110100 -0.666700 0.737200
vn 0.253300 -0.213500 0.943500
vn 0.253300 -0.213500 0.943500
vn 0.253500 -0.213300 0.943500
vn 0.253200 -0.213400 0.943600
vn 0.436300 0.219100 0.872700
vn 0.436300 0.219100 0.872700
vn 0.253200 -0.213400 0.943600
vn 0.253400 -0.213500 0.943500
vn 0.253400 -0.213500 0.943500
vn 0.253200 -0.213400 0.943600
vn 0.110200 -0.666600 0.737200
vn 0.110200 -0.666600 0.737200
vn 0.253200 -0.213400 0.943600
vn 0.112000 -0.666900 0.736600
vn 0.253300 -0.213500 0.943500
vn 0.313000 -0.119800 0.942200
vn 0.253300 -0.213500 0.943500
vn 0.253300 -0.213500 0.943500
vn 0.313000 -0.119800 0.942200
vn 0.436400 0.219100 0.872600
vn 0.436400 0.219100 0.872600
vn 0.313000 -0.119800 0.942200
vn 0.436500 0.219200 0.872600
vn 0.436500 0.219200 0.872600
vn 0.313000 -0.119800 0.942200
vn 0.436400 0.219300 0.872600
vn 0.000000 -0.850000 0.526800
vn -0.000200 -0.850100 0.526700
vn 0.000000 -0.478000 0.878400
vn 0.000000 -0.478000 0.878400
vn -0.000200 -0.850100 0.526700
vn 0.000000 -0.477900 0.878400
vn 0.000000 -0.477900 0.878400
vn -0.000200 -0.850100 0.526700
vn -0.000100 -0.478000 0.878300
vn -0.000100 -0.478000 0.878300
vn -0.000200 -0.850100 0.526700
vn -0.312700 -0.390300 0.866000
vn 0.000200 0.265200 0.964200
vn -0.253500 -0.213500 0.943500
vn 0.000200 -0.150100 0.988700
vn 0.000200 -0.150100 0.988700
vn -0.253500 -0.213500 0.943500
vn -0.253400 -0.213400 0.943500
vn -0.253400 -0.213400 0.943500
vn -0.253500 -0.213500 0.943500
vn -0.110300 -0.666800 0.737000
vn -0.110300 -0.666800 0.737000
vn -0.253500 -0.213500 0.943500
vn -0.253300 -0.213500 0.943500
vn 0.000000 0.978100 -0.208200
vn -0.000200 0.978100 -0.208200
vn 0.490300 0.566500 -0.662300
vn 0.490300 0.566500 -0.662300
vn -0.000200 0.978100 -0.208200
vn 0.000000 0.978100 -0.208200
vn 0.000000 0.978100 -0.208200
vn -0.000200 0.978100 -0.208200
vn 0.000100 0.455900 -0.890000
vn 0.463200 -0.003200 -0.886300
vn -0.000500 0.050900 -0.998700
vn 0.463100 -0.003200 -0.886300
vn 0.463100 -0.003200 -0.886300
vn -0.000500 0.050900 -0.998700
vn 0.000100 0.052000 -0.998600
vn 0.000100 0.052000 -0.998600
vn -0.000500 0.050900 -0.998700
vn -0.463200 -0.003100 -0.886300
vn -0.463200 -0.003100 -0.886300
vn -0.000500 0.050900 -0.998700
vn -0.463100 -0.003100 -0.886300
vn -0.461200 -0.072300 0.884300
vn -0.313100 -0.119800 0.942100
vn -0.525300 -0.332000 0.783500
vn -0.525300 -0.332000 0.783500
vn -0.313100 -0.119800 0.942100
vn -0.436600 0.219100 0.872600
vn -0.436600 0.219100 0.872600
vn -0.313100 -0.119800 0.942100
vn 0.000000 0.265200 0.964200
vn 0.000000 0.265200 0.964200
vn -0.313100 -0.119800 0.942100
vn -0.000100 -0.092200 0.995700
vn -0.000100 -0.092200 0.995700
vn 0.313000 -0.119800 0.942200
vn 0.000000 0.265200 0.964200
vn 0.000000 0.265200 0.964200
vn 0.313000 -0.119800 0.942200
vn 0.436500 0.219100 0.872600
vn 0.436500 0.219100 0.872600
vn 0.313000 -0.119800 0.942200
vn 0.525300 -0.331900 0.783500
vn 0.525300 -0.331900 0.783500
vn 0.313000 -0.119800 0.942200
vn 0.461200 -0.072100 0.884400
vn -0.055100 0.770000 -0.635700
vn -0.604800 0.784200 -0.138800
vn -0.601900 0.685300 0.409900
vn -0.604800 0.784200 -0.138800
vn 0.187900 -0.838200 -0.511900
vn 0.188000 -0.838400 -0.511700
vn -0.055100 0.770000 -0.635700
vn 0.187900 -0.838200 -0.511900
vn -0.604800 0.784200 -0.138800
vn -0.917200 0.366100 0.157400
vn -0.602100 0.685300 0.409800
vn -0.601900 0.685400 0.409900
vn -0.917200 0.366100 0.157400
vn -0.917200 0.366000 0.157300
vn -0.602100 0.685300 0.409800
vn -0.000100 0.892100 0.451900
vn -0.695400 0.695900 0.179500
vn 0.695300 0.696000 0.179300
vn 0.695300 0.696000 0.179300
vn 0.695400 0.695900 0.179400
vn -0.000100 0.892100 0.451900
vn -0.000100 0.892100 0.451900
vn -0.695400 0.695900 0.179300
vn -0.695400 0.695900 0.179500
vn -0.695400 0.695900 0.179500
vn 0.000000 0.455900 -0.890000
vn 0.695300 0.696000 0.179300
vn -0.461300 -0.072200 0.884300
vn -0.941500 0.154600 0.299300
vn -0.461300 -0.072200 0.884300

g batch_0005
usemtl batch_0005
f 1/1/1 2/2/2 3/3/3
f 4/4/4 5/5/5 6/6/6
f 7/7/7 8/8/8 9/9/9
f 10/10/10 11/11/11 12/12/12
f 13/13/13 14/14/14 15/15/15
f 16/16/16 17/17/17 18/18/18
f 19/19/19 20/20/20 21/21/21
f 22/22/22 23/23/23 24/24/24
f 25/25/25 26/26/26 27/27/27
f 28/28/28 29/29/29 30/30/30
f 31/31/31 32/32/32 33/33/33
f 34/34/34 35/35/35 36/36/36
f 37/37/37 38/38/38 39/39/39
f 40/40/40 41/41/41 42/42/42
f 43/43/43 44/44/44 45/45/45
f 46/46/46 47/47/47 48/48/48
f 49/49/49 50/50/50 51/51/51
f 52/52/52 53/53/53 54/54/54
f 55/55/55 56/56/56 57/57/57
f 58/58/58 59/59/59 60/60/60
f 61/61/61 62/62/62 63/63/63
f 64/64/64 65/65/65 66/66/66
f 67/67/67 68/68/68 69/69/69
f 70/70/70 71/71/71 72/72/72
f 73/73/73 74/74/74 75/75/75
f 76/76/76 77/77/77 78/78/78
f 79/79/79 80/80/80 81/81/81
f 82/82/82 83/83/83 84/84/84
f 85/85/85 86/86/86 87/87/87
f 88/88/88 89/89/89 90/90/90
f 91/91/91 92/92/92 93/93/93
f 94/94/94 95/95/95 96/96/96
f 97/97/97 98/98/98 99/99/99
f 100/100/100 101/101/101 102/102/102
f 103/103/103 104/104/104 105/105/105
f 106/106/106 107/107/107 108/108/108
f 109/109/109 110/110/110 111/111/111
f 112/112/112 113/113/113 114/114/114
f 115/115/115 116/116/116 117/117/117
f 118/118/118 119/119/119 120/120/120
f 121/121/121 122/122/122 123/123/123
f 124/124/124 125/125/125 126/126/126
f 127/127/127 128/128/128 129/129/129
f 130/130/130 131/131/131 132/132/132
f 133/133/133 134/134/134 135/135/135
f 136/136/136 137/137/137 138/138/138
f 139/139/139 140/140/140 141/141/141
f 142/142/142 143/143/143 144/144/144
f 145/145/145 146/146/146 147/147/147
f 148/148/148 149/149/149 150/150/150
f 151/151/151 152/152/152 153/153/153
f 154/154/154 155/155/155 156/156/156
f 157/157/157 158/158/158 159/159/159
f 160/160/160 161/161/161 162/162/162
f 163/163/163 164/164/164 165/165/165
f 166/166/166 167/167/167 168/168/168
f 169/169/169 170/170/170 171/171/171
f 172/172/172 173/173/173 174/174/174
f 175/175/175 176/176/176 177/177/177
f 178/178/178 179/179/179 180/180/180
f 181/181/181 182/182/182 183/183/183
f 184/184/184 185/185/185 186/186/186
f 187/187/187 188/188/188 189/189/189
f 190/190/190 191/191/191 192/192/192
f 193/193/193 194/194/194 195/195/195
f 196/196/196 197/197/197 198/198/198
f 199/199/199 200/200/200 201/201/201
f 202/202/202 203/203/203 204/204/204
f 205/205/205 206/206/206 207/207/207
f 208/208/208 209/209/209 210/210/210
f 211/211/211 212/212/212 213/213/213
f 214/214/214 215/215/215 216/216/216
f 217/217/217 218/218/218 219/219/219
f 220/220/220 221/221/221 222/222/222
f 223/223/223 224/224/224 225/225/225
f 226/226/226 227/227/227 228/228/228
f 229/229/229 230/230/230 231/231/231
f 232/232/232 233/233/233 234/234/234
f 235/235/235 236/236/236 237/237/237
f 238/238/238 239/239/239 240/240/240
f 241/241/241 242/242/242 243/243/243
f 244/244/244 245/245/245 246/246/246
f 247/247/247 248/248/248 249/249/249
f 250/250/250 251/251/251 252/252/252
f 253/253/253 254/254/254 255/255/255
f 256/256/256 257/257/257 258/258/258
f 259/259/259 260/260/260 261/261/261
f 262/262/262 263/263/263 264/264/264
f 265/265/265 266/266/266 267/267/267
f 268/268/268 269/269/269 270/270/270
f 271/271/271 272/272/272 273/273/273
f 274/274/274 275/275/275 276/276/276
f 277/277/277 278/278/278 279/279/279
f 280/280/280 281/281/281 282/282/282
f 283/283/283 284/284/284 285/285/285
f 286/286/286 287/287/287 288/288/288
f 289/289/289 290/290/290 291/291/291
f 292/292/292 293/293/293 294/294/294
f 295/295/295 296/296/296 297/297/297
f 298/298/298 299/299/299 300/300/300
f 301/301/301 302/302/302 303/303/303
f 304/304/304 305/305/305 306/306/306
f 307/307/307 308/308/308 309/309/309
f 310/310/310 311/311/311 312/312/312
f 313/313/313 314/314/314 315/315/315
f 316/316/316 317/317/317 318/318/318
f 319/319/319 320/320/320 321/321/321
f 322/322/322 323/323/323 324/324/324
f 325/325/325 326/326/326 327/327/327
f 328/328/328 329/329/329 330/330/330
f 331/331/331 332/332/332 333/333/333
f 334/334/334 335/335/335 336/336/336
f 337/337/337 338/338/338 339/339/339
f 340/340/340 341/341/341 342/342/342
f 343/343/343 344/344/344 345/345/345
f 346/346/346 347/347/347 348/348/348
f 349/349/349 350/350/350 351/351/351
f 352/352/352 353/353/353 354/354/354
f 355/355/355 356/356/356 357/357/357
f 358/358/358 359/359/359 360/360/360
f 361/361/361 362/362/362 363/363/363
f 364/364/364 365/365/365 366/366/366
f 367/367/367 368/368/368 369/369/369
f 370/370/370 371/371/371 372/372/372
f 373/373/373 374/374/374 375/375/375
f 376/376/376 377/377/377 378/378/378
f 379/379/379 380/380/380 381/381/381
f 382/382/382 383/383/383 384/384/384
f 385/385/385 386/386/386 387/387/387
f 388/388/388 389/389/389 390/390/390
f 391/391/391 392/392/392 393/393/393
f 394/394/394 395/395/395 396/396/396
f 397/397/397 398/398/398 399/399/399
f 400/400/400 401/401/401 402/402/402
f 403/403/403 404/404/404 405/405/405
f 406/406/406 407/407/407 408/408/408
f 409/409/409 410/410/410 411/411/411
f 412/412/412 413/413/413 414/414/414
f 415/415/415 416/416/416 417/417/417
f 418/418/418 419/419/419 420/420/420
f 421/421/421 422/422/422 423/423/423
f 424/424/424 425/425/425 426/426/426
f 427/427/427 428/428/428 429/429/429
f 430/430/430 431/431/431 432/432/432
f 433/433/433 434/434/434 435/435/435
f 436/436/436 437/437/437 438/438/438
f 439/439/439 440/440/440 441/441/441
f 442/442/442 443/443/443 444/444/444
f 445/445/445 446/446/446 447/447/447
f 448/448/448 449/449/449 450/450/450
f 451/451/451 452/452/452 453/453/453
f 454/454/454 455/455/455 456/456/456
f 457/457/457 458/458/458 459/459/459
f 460/460/460 461/461/461 462/462/462
f 463/463/463 464/464/464 465/465/465
f 466/466/466 467/467/467 468/468/468
f 469/469/469 470/470/470 471/471/471
f 472/472/472 473/473/473 474/474/474
f 475/475/475 476/476/476 477/477/477
f 478/478/478 479/479/479 480/480/480
f 481/481/481 482/482/482 483/483/483
f 484/484/484 485/485/485 486/486/486
f 487/487/487 488/488/488 489/489/489
f 490/490/490 491/491/491 492/492/492
f 493/493/493 494/494/494 495/495/495
f 496/496/496 497/497/497 498/498/498
f 499/499/499 500/500/500 501/501/501
f 502/502/502 503/503/503 504/504/504
f 505/505/505 506/506/506 507/507/507
f 508/508/508 509/509/509 510/510/510
f 511/511/511 512/512/512 513/513/513
f 514/514/514 515/515/515 516/516/516
f 517/517/517 518/518/518 519/519/519
f 520/520/520 521/521/521 522/522/522
f 523/523/523 524/524/524 525/525/525
f 526/526/526 527/527/527 528/528/528
f 529/529/529 530/530/530 531/531/531
f 532/532/532 533/533/533 534/534/534
f 535/535/535 536/536/536 537/537/537
f 538/538/538 539/539/539 540/540/540
f 541/541/541 542/542/542 543/543/543
f 544/544/544 545/545/545 546/546/546
f 547/547/547 548/548/548 549/549/549
f 550/550/550 551/551/551 552/552/552
f 553/553/553 554/554/554 555/555/555
f 556/556/556 557/557/557 558/558/558
f 559/559/559 560/560/560 561/561/561
f 562/562/562 563/563/563 564/564/564
f 565/565/565 566/566/566 567/567/567
f 568/568/568 569/569/569 570/570/570
f 571/571/571 572/572/572 573/573/573
f 574/574/574 575/575/575 576/576/576
f 577/577/577 578/578/578 579/579/579
f 580/580/580 581/581/581 582/582/582
f 583/583/583 584/584/584 585/585/585
f 586/586/586 587/587/587 588/588/588
f 589/589/589 590/590/590 591/591/591
f 592/592/592 593/593/593 594/594/594
f 595/595/595 596/596/596 597/597/597
f 598/598/598 599/599/599 600/600/600
f 601/601/601 602/602/602 603/603/603
f 604/604/604 605/605/605 606/606/606
f 607/607/607 608/608/608 609/609/609
f 610/610/610 611/611/611 612/612/612
f 613/613/613 614/614/614 615/615/615
f 616/616/616 617/617/617 618/618/618
f 619/619/619 620/620/620 621/621/621
f 622/622/622 623/623/623 624/624/624
f 625/625/625 626/626/626 627/627/627
f 628/628/628 629/629/629 630/630/630
f 631/631/631 632/632/632 633/633/633
f 634/634/634 635/635/635 636/636/636
f 637/637/637 638/638/638 639/639/639
f 640/640/640 641/641/641 642/642/642
f 643/643/643 644/644/644 645/645/645
f 646/646/646 647/647/647 648/648/648
f 649/649/649 650/650/650 651/651/651
f 652/652/652 653/653/653 654/654/654
f 655/655/655 656/656/656 657/657/657
f 658/658/658 659/659/659 660/660/660
f 661/661/661 662/662/662 663/663/663
f 664/664/664 665/665/665 666/666/666
f 667/667/667 668/668/668 669/669/669
f 670/670/670 671/671/671 672/672/672
f 673/673/673 674/674/674 675/675/675
f 676/676/676 677/677/677 678/678/678
f 679/679/679 680/680/680 681/681/681
f 682/682/682 683/683/683 684/684/684
f 685/685/685 686/686/686 687/687/687
f 688/688/688 689/689/689 690/690/690
f 691/691/691 692/692/692 693/693/693
f 694/694/694 695/695/695 696/696/696
f 697/697/697 698/698/698 699/699/699
f 700/700/700 701/701/701 702/702/702
f 703/703/703 704/704/704 705/705/705
f 706/706/706 707/707/707 708/708/708
f 709/709/709 710/710/710 711/711/711
f 712/712/712 713/713/713 714/714/714
f 715/715/715 716/716/716 717/717/717
f 718/718/718 719/719/719 720/720/720
f 721/721/721 722/722/722 723/723/723
f 724/724/724 725/725/725 726/726/726
f 727/727/727 728/728/728 729/729/729
f 730/730/730 731/731/731 732/732/732
f 733/733/733 734/734/734 735/735/735
f 736/736/736 737/737/737 738/738/738
f 739/739/739 740/740/740 741/741/741
f 742/742/742 743/743/743 744/744/744
f 745/745/745 746/746/746 747/747/747
f 748/748/748 749/749/749 750/750/750
f 751/751/751 752/752/752 753/753/753
f 754/754/754 755/755/755 756/756/756
f 757/757/757 758/758/758 759/759/759
f 760/760/760 761/761/761 762/762/762
f 763/763/763 764/764/764 765/765/765
f 766/766/766 767/767/767 768/768/768
f 769/769/769 770/770/770 771/771/771
f 772/772/772 773/773/773 774/774/774
f 775/775/775 776/776/776 777/777/777
f 778/778/778 779/779/779 780/780/780
f 781/781/781 782/782/782 783/783/783
f 784/784/784 785/785/785 786/786/786
f 787/787/787 788/788/788 789/789/789
f 790/790/790 791/791/791 792/792/792
f 793/793/793 794/794/794 795/795/795
f 796/796/796 797/797/797 798/798/798
f 799/799/799 800/800/800 801/801/801
f 802/802/802 803/803/803 804/804/804
f 805/805/805 806/806/806 807/807/807
f 808/808/808 809/809/809 810/810/810
f 811/811/811 812/812/812 813/813/813
f 814/814/814 815/815/815 816/816/816
f 817/817/817 818/818/818 819/819/819
f 820/820/820 821/821/821 822/822/822
f 823/823/823 824/824/824 825/825/825
f 826/826/826 827/827/827 828/828/828
f 829/829/829 830/830/830 831/831/831
f 832/832/832 833/833/833 834/834/834
f 835/835/835 836/836/836 837/837/837
f 838/838/838 839/839/839 840/840/840
f 841/841/841 842/842/842 843/843/843
f 844/844/844 845/845/845 846/846/846
f 847/847/847 848/848/848 849/849/849
f 850/850/850 851/851/851 852/852/852
f 853/853/853 854/854/854 855/855/855
f 856/856/856 857/857/857 858/858/858
f 859/859/859 860/860/860 861/861/861
f 862/862/862 863/863/863 864/864/864
f 865/865/865 866/866/866 867/867/867
f 868/868/868 869/869/869 870/870/870
f 871/871/871 872/872/872 873/873/873
f 874/874/874 875/875/875 876/876/876
f 877/877/877 878/878/878 879/879/879
f 880/880/880 881/881/881 882/882/882
f 883/883/883 884/884/884 885/885/885
f 886/886/886 887/887/887 888/888/888
f 889/889/889 890/890/890 891/891/891
f 892/892/892 893/893/893 894/894/894
f 895/895/895 896/896/896 897/897/897
f 898/898/898 899/899/899 900/900/900
f 901/901/901 902/902/902 903/903/903
f 904/904/904 905/905/905 906/906/906
f 907/907/907 908/908/908 909/909/909
f 910/910/910 911/911/911 912/912/912
f 913/913/913 914/914/914 915/915/915
f 916/916/916 917/917/917 918/918/918
f 919/919/919 920/920/920 921/921/921
f 922/922/922 923/923/923 924/924/924
f 925/925/925 926/926/926 927/927/927
f 928/928/928 929/929/929 930/930/930
f 931/931/931 932/932/932 933/933/933
f 934/934/934 935/935/935 936/936/936
f 937/937/937 938/938/938 939/939/939
f 940/940/940 941/941/941 942/942/942
f 943/943/943 944/944/944 945/945/945
f 946/946/946 947/947/947 948/948/948
f 949/949/949 950/950/950 951/951/951
f 952/952/952 953/953/953 954/954/954
f 955/955/955 956/956/956 957/957/957
f 958/958/958 959/959/959 960/960/960
f 961/961/961 962/962/962 963/963/963
f 964/964/964 965/965/965 966/966/966
f 967/967/967 968/968/968 969/969/969
f 970/970/970 971/971/971 972/972/972
f 973/973/973 974/974/974 975/975/975
f 976/976/976 977/977/977 978/978/978
f 979/979/979 980/980/980 981/981/981
f 982/982/982 983/983/983 984/984/984
f 985/985/985 986/986/986 987/987/987
f 988/988/988 989/989/989 990/990/990
f 991/991/991 992/992/992 993/993/993
f 994/994/994 995/995/995 996/996/996
f 997/997/997 998/998/998 999/999/999
f 1000/1000/1000 1001/1001/1001 1002/1002/1002
f 1003/1003/1003 1004/1004/1004 1005/1005/1005
f 1006/1006/1006 1007/1007/1007 1008/1008/1008
f 1009/1009/1009 1010/1010/1010 1011/1011/1011
f 1012/1012/1012 1013/1013/1013 1014/1014/1014
f 1015/1015/1015 1016/1016/1016 1017/1017/1017
f 1018/1018/1018 1019/1019/1019 1020/1020/1020
f 1021/1021/1021 1022/1022/1022 1023/1023/1023
f 1024/1024/1024 1025/1025/1025 1026/1026/1026
f 1027/1027/1027 1028/1028/1028 1029/1029/1029
f 1030/1030/1030 1031/1031/1031 1032/1032/1032
f 1033/1033/1033 1034/1034/1034 1035/1035/1035
f 1036/1036/1036 1037/1037/1037 1038/1038/1038
f 1039/1039/1039 1040/1040/1040 1041/1041/1041
f 1042/1042/1042 1043/1043/1043 1044/1044/1044
f 1045/1045/1045 1046/1046/1046 1047/1047/1047
f 1048/1048/1048 1049/1049/1049 1050/1050/1050
f 1051/1051/1051 1052/1052/1052 1053/1053/1053
f 1054/1054/1054 1055/1055/1055 1056/1056/1056
f 1057/1057/1057 1058/1058/1058 1059/1059/1059
f 1060/1060/1060 1061/1061/1061 1062/1062/1062
f 1063/1063/1063 1064/1064/1064 1065/1065/1065
f 1066/1066/1066 1067/1067/1067 1068/1068/1068
f 1069/1069/1069 1070/1070/1070 1071/1071/1071
f 1072/1072/1072 1073/1073/1073 1074/1074/1074
f 1075/1075/1075 1076/1076/1076 1077/1077/1077
f 1078/1078/1078 1079/1079/1079 1080/1080/1080
f 1081/1081/1081 1082/1082/1082 1083/1083/1083
f 1084/1084/1084 1085/1085/1085 1086/1086/1086
f 1087/1087/1087 1088/1088/1088 1089/1089/1089
f 1090/1090/1090 1091/1091/1091 1092/1092/1092
f 1093/1093/1093 1094/1094/1094 1095/1095/1095
f 1096/1096/1096 1097/1097/1097 1098/1098/1098
f 1099/1099/1099 1100/1100/1100 1101/1101/1101
f 1102/1102/1102 1103/1103/1103 1104/1104/1104
f 1105/1105/1105 1106/1106/1106 1107/1107/1107
f 1108/1108/1108 1109/1109/1109 1110/1110/1110
f 1111/1111/1111 1112/1112/1112 1113/1113/1113
f 1114/1114/1114 1115/1115/1115 1116/1116/1116
f 1117/1117/1117 1118/1118/1118 1119/1119/1119
f 1120/1120/1120 1121/1121/1121 1122/1122/1122
f 1123/1123/1123 1124/1124/1124 1125/1125/1125
f 1126/1126/1126 1127/1127/1127 1128/1128/1128
f 1129/1129/1129 1130/1130/1130 1131/1131/1131
f 1132/1132/1132 1133/1133/1133 1134/1134/1134
f 1135/1135/1135 1136/1136/1136 1137/1137/1137
f 1138/1138/1138 1139/1139/1139 1140/1140/1140
f 1141/1141/1141 1142/1142/1142 1143/1143/1143
f 1144/1144/1144 1145/1145/1145 1146/1146/1146
f 1147/1147/1147 1148/1148/1148 1149/1149/1149
f 1150/1150/1150 1151/1151/1151 1152/1152/1152
f 1153/1153/1153 1154/1154/1154 1155/1155/1155
f 1156/1156/1156 1157/1157/1157 1158/1158/1158
f 1159/1159/1159 1160/1160/1160 1161/1161/1161
f 1162/1162/1162 1163/1163/1163 1164/1164/1164
f 1165/1165/1165 1166/1166/1166 1167/1167/1167
f 1168/1168/1168 1169/1169/1169 1170/1170/1170
f 1171/1171/1171 1172/1172/1172 1173/1173/1173
f 1174/1174/1174 1175/1175/1175 1176/1176/1176
f 1177/1177/1177 1178/1178/1178 1179/1179/1179
f 1180/1180/1180 1181/1181/1181 1182/1182/1182
f 1183/1183/1183 1184/1184/1184 1185/1185/1185
f 1186/1186/1186 1187/1187/1187 1188/1188/1188
f 1189/1189/1189 1190/1190/1190 1191/1191/1191
f 1192/1192/1192 1193/1193/1193 1194/1194/1194
f 1195/1195/1195 1196/1196/1196 1197/1197/1197
f 1198/1198/1198 1199/1199/1199 1200/1200/1200
f 1201/1201/1201 1202/1202/1202 1203/1203/1203
f 1204/1204/1204 1205/1205/1205 1206/1206/1206
f 1207/1207/1207 1208/1208/1208 1209/1209/1209
f 1210/1210/1210 1211/1211/1211 1212/1212/1212
f 1213/1213/1213 1214/1214/1214 1215/1215/1215
f 1216/1216/1216 1217/1217/1217 1218/1218/1218
f 1219/1219/1219 1220/1220/1220 1221/1221/1221
f 1222/1222/1222 1223/1223/1223 1224/1224/1224
f 1225/1225/1225 1226/1226/1226 1227/1227/1227
f 1228/1228/1228 1229/1229/1229 1230/1230/1230
f 1231/1231/1231 1232/1232/1232 1233/1233/1233
f 1234/1234/1234 1235/1235/1235 1236/1236/1236
f 1237/1237/1237 1238/1238/1238 1239/1239/1239
f 1240/1240/1240 1241/1241/1241 1242/1242/1242
f 1243/1243/1243 1244/1244/1244 1245/1245/1245
f 1246/1246/1246 1247/1247/1247 1248/1248/1248
f 1249/1249/1249 1250/1250/1250 1251/1251/1251
f 1252/1252/1252 1253/1253/1253 1254/1254/1254
f 1255/1255/1255 1256/1256/1256 1257/1257/1257
f 1258/1258/1258 1259/1259/1259 1260/1260/1260
f 1261/1261/1261 1262/1262/1262 1263/1263/1263
f 1264/1264/1264 1265/1265/1265 1266/1266/1266
f 1267/1267/1267 1268/1268/1268 1269/1269/1269
f 1270/1270/1270 1271/1271/1271 1272/1272/1272
f 1273/1273/1273 1274/1274/1274 1275/1275/1275
f 1276/1276/1276 1277/1277/1277 1278/1278/1278
f 1279/1279/1279 1280/1280/1280 1281/1281/1281
f 1282/1282/1282 1283/1283/1283 1284/1284/1284
f 1285/1285/1285 1286/1286/1286 1287/1287/1287
f 1288/1288/1288 1289/1289/1289 1290/1290/1290
f 1291/1291/1291 1292/1292/1292 1293/1293/1293
f 1294/1294/1294 1295/1295/1295 1296/1296/1296
f 1297/1297/1297 1298/1298/1298 1299/1299/1299
f 1300/1300/1300 1301/1301/1301 1302/1302/1302
f 1303/1303/1303 1304/1304/1304 1305/1305/1305
f 1306/1306/1306 1307/1307/1307 1308/1308/1308
f 1309/1309/1309 1310/1310/1310 1311/1311/1311
f 1312/1312/1312 1313/1313/1313 1314/1314/1314
f 1315/1315/1315 1316/1316/1316 1317/1317/1317
f 1318/1318/1318 1319/1319/1319 1320/1320/1320
f 1321/1321/1321 1322/1322/1322 1323/1323/1323
f 1324/1324/1324 1325/1325/1325 1326/1326/1326
f 1327/1327/1327 1328/1328/1328 1329/1329/1329
f 1330/1330/1330 1331/1331/1331 1332/1332/1332
f 1333/1333/1333 1334/1334/1334 1335/1335/1335
f 1336/1336/1336 1337/1337/1337 1338/1338/1338
f 1339/1339/1339 1340/1340/1340 1341/1341/1341
f 1342/1342/1342 1343/1343/1343 1344/1344/1344
f 1345/1345/1345 1346/1346/1346 1347/1347/1347
f 1348/1348/1348 1349/1349/1349 1350/1350/1350
f 1351/1351/1351 1352/1352/1352 1353/1353/1353
f 1354/1354/1354 1355/1355/1355 1356/1356/1356
f 1357/1357/1357 1358/1358/1358 1359/1359/1359
f 1360/1360/1360 1361/1361/1361 1362/1362/1362
f 1363/1363/1363 1364/1364/1364 1365/1365/1365
f 1366/1366/1366 1367/1367/1367 1368/1368/1368
f 1369/1369/1369 1370/1370/1370 1371/1371/1371
f 1372/1372/1372 1373/1373/1373 1374/1374/1374
f 1375/1375/1375 1376/1376/1376 1377/1377/1377
f 1378/1378/1378 1379/1379/1379 1380/1380/1380
f 1381/1381/1381 1382/1382/1382 1383/1383/1383
f 1384/1384/1384 1385/1385/1385 1386/1386/1386
f 1387/1387/1387 1388/1388/1388 1389/1389/1389
f 1390/1390/1390 1391/1391/1391 1392/1392/1392
f 1393/1393/1393 1394/1394/1394 1395/1395/1395
f 1396/1396/1396 1397/1397/1397 1398/1398/1398
f 1399/1399/1399 1400/1400/1400 1401/1401/1401
f 1402/1402/1402 1403/1403/1403 1404/1404/1404
f 1405/1405/1405 1406/1406/1406 1407/1407/1407
f 1408/1408/1408 1409/1409/1409 1410/1410/1410
f 1411/1411/1411 1412/1412/1412 1413/1413/1413
f 1414/1414/1414 1415/1415/1415 1416/1416/1416
f 1417/1417/1417 1418/1418/1418 1419/1419/1419
f 1420/1420/1420 1421/1421/1421 1422/1422/1422
f 1423/1423/1423 1424/1424/1424 1425/1425/1425
f 1426/1426/1426 1427/1427/1427 1428/1428/1428
f 1429/1429/1429 1430/1430/1430 1431/1431/1431
f 1432/1432/1432 1433/1433/1433 1434/1434/1434
f 1435/1435/1435 1436/1436/1436 1437/1437/1437
f 1438/1438/1438 1439/1439/1439 1440/1440/1440
f 1441/1441/1441 1442/1442/1442 1443/1443/1443
f 1444/1444/1444 1445/1445/1445 1446/1446/1446
f 1447/1447/1447 1448/1448/1448 1449/1449/1449
f 1450/1450/1450 1451/1451/1451 1452/1452/1452
f 1453/1453/1453 1454/1454/1454 1455/1455/1455
f 1456/1456/1456 1457/1457/1457 1458/1458/1458
f 1459/1459/1459 1460/1460/1460 1461/1461/1461
f 1462/1462/1462 1463/1463/1463 1464/1464/1464
f 1465/1465/1465 1466/1466/1466 1467/1467/1467
f 1468/1468/1468 1469/1469/1469 1470/1470/1470
f 1471/1471/1471 1472/1472/1472 1473/1473/1473
f 1474/1474/1474 1475/1475/1475 1476/1476/1476
f 1477/1477/1477 1478/1478/1478 1479/1479/1479
f 1480/1480/1480 1481/1481/1481 1482/1482/1482
f 1483/1483/1483 1484/1484/1484 1485/1485/1485
f 1486/1486/1486 1487/1487/1487 1488/1488/1488
f 1489/1489/1489 1490/1490/1490 1491/1491/1491
f 1492/1492/1492 1493/1493/1493 1494/1494/1494
f 1495/1495/1495 1496/1496/1496 1497/1497/1497
f 1498/1498/1498 1499/1499/1499 1500/1500/1500
f 1501/1501/1501 1502/1502/1502 1503/1503/1503
f 1504/1504/1504 1505/1505/1505 1506/1506/1506
f 1507/1507/1507 1508/1508/1508 1509/1509/1509
f 1510/1510/1510 1511/1511/1511 1512/1512/1512
f 1513/1513/1513 1514/1514/1514 1515/1515/1515
f 1516/1516/1516 1517/1517/1517 1518/1518/1518
f 1519/1519/1519 1520/1520/1520 1521/1521/1521
f 1522/1522/1522 1523/1523/1523 1524/1524/1524
f 1525/1525/1525 1526/1526/1526 1527/1527/1527
f 1528/1528/1528 1529/1529/1529 1530/1530/1530
f 1531/1531/1531 1532/1532/1532 1533/1533/1533
f 1534/1534/1534 1535/1535/1535 1536/1536/1536
f 1537/1537/1537 1538/1538/1538 1539/1539/1539
f 1540/1540/1540 1541/1541/1541 1542/1542/1542
f 1543/1543/1543 1544/1544/1544 1545/1545/1545
f 1546/1546/1546 1547/1547/1547 1548/1548/1548
f 1549/1549/1549 1550/1550/1550 1551/1551/1551
f 1552/1552/1552 1553/1553/1553 1554/1554/1554
f 1555/1555/1555 1556/1556/1556 1557/1557/1557
f 1558/1558/1558 1559/1559/1559 1560/1560/1560
f 1561/1561/1561 1562/1562/1562 1563/1563/1563
f 1564/1564/1564 1565/1565/1565 1566/1566/1566
f 1567/1567/1567 1568/1568/1568 1569/1569/1569
f 1570/1570/1570 1571/1571/1571 1572/1572/1572
f 1573/1573/1573 1574/1574/1574 1575/1575/1575
f 1576/1576/1576 1577/1577/1577 1578/1578/1578
f 1579/1579/1579 1580/1580/1580 1581/1581/1581
f 1582/1582/1582 1583/1583/1583 1584/1584/1584
f 1585/1585/1585 1586/1586/1586 1587/1587/1587
f 1588/1588/1588 1589/1589/1589 1590/1590/1590
f 1591/1591/1591 1592/1592/1592 1593/1593/1593
f 1594/1594/1594 1595/1595/1595 1596/1596/1596
f 1597/1597/1597 1598/1598/1598 1599/1599/1599
f 1600/1600/1600 1601/1601/1601 1602/1602/1602
f 1603/1603/1603 1604/1604/1604 1605/1605/1605
f 1606/1606/1606 1607/1607/1607 1608/1608/1608
f 1609/1609/1609 1610/1610/1610 1611/1611/1611
f 1612/1612/1612 1613/1613/1613 1614/1614/1614
f 1615/1615/1615 1616/1616/1616 1617/1617/1617
f 1618/1618/1618 1619/1619/1619 1620/1620/1620
f 1621/1621/1621 1622/1622/1622 1623/1623/1623
f 1624/1624/1624 1625/1625/1625 1626/1626/1626
f 1627/1627/1627 1628/1628/1628 1629/1629/1629
f 1630/1630/1630 1631/1631/1631 1632/1632/1632
f 1633/1633/1633 1634/1634/1634 1635/1635/1635
f 1636/1636/1636 1637/1637/1637 1638/1638/1638
f 1639/1639/1639 1640/1640/1640 1641/1641/1641
f 1642/1642/1642 1643/1643/1643 1644/1644/1644
f 1645/1645/1645 1646/1646/1646 1647/1647/1647
f 1648/1648/1648 1649/1649/1649 1650/1650/1650
f 1651/1651/1651 1652/1652/1652 1653/1653/1653
f 1654/1654/1654 1655/1655/1655 1656/1656/1656
f 1657/1657/1657 1658/1658/1658 1659/1659/1659
f 1660/1660/1660 1661/1661/1661 1662/1662/1662
f 1663/1663/1663 1664/1664/1664 1665/1665/1665
f 1666/1666/1666 1667/1667/1667 1668/1668/1668
f 1669/1669/1669 1670/1670/1670 1671/1671/1671
f 1672/1672/1672 1673/1673/1673 1674/1674/1674
f 1675/1675/1675 1676/1676/1676 1677/1677/1677
f 1678/1678/1678 1679/1679/1679 1680/1680/1680
f 1681/1681/1681 1682/1682/1682 1683/1683/1683
f 1684/1684/1684 1685/1685/1685 1686/1686/1686
f 1687/1687/1687 1688/1688/1688 1689/1689/1689
f 1690/1690/1690 1691/1691/1691 1692/1692/1692
f 1693/1693/1693 1694/1694/1694 1695/1695/1695
f 1696/1696/1696 1697/1697/1697 1698/1698/1698
f 1699/1699/1699 1700/1700/1700 1701/1701/1701
f 1702/1702/1702 1703/1703/1703 1704/1704/1704
f 1705/1705/1705 1706/1706/1706 1707/1707/1707
f 1708/1708/1708 1709/1709/1709 1710/1710/1710
f 1711/1711/1711 1712/1712/1712 1713/1713/1713
f 1714/1714/1714 1715/1715/1715 1716/1716/1716
f 1717/1717/1717 1718/1718/1718 1719/1719/1719
f 1720/1720/1720 1721/1721/1721 1722/1722/1722
f 1723/1723/1723 1724/1724/1724 1725/1725/1725
f 1726/1726/1726 1727/1727/1727 1728/1728/1728
f 1729/1729/1729 1730/1730/1730 1731/1731/1731
f 1732/1732/1732 1733/1733/1733 1734/1734/1734
f 1735/1735/1735 1736/1736/1736 1737/1737/1737
f 1738/1738/1738 1739/1739/1739 1740/1740/1740
f 1741/1741/1741 1742/1742/1742 1743/1743/1743
f 1744/1744/1744 1745/1745/1745 1746/1746/1746
f 1747/1747/1747 1748/1748/1748 1749/1749/1749
f 1750/1750/1750 1751/1751/1751 1752/1752/1752
f 1753/1753/1753 1754/1754/1754 1755/1755/1755
f 1756/1756/1756 1757/1757/1757 1758/1758/1758
f 1759/1759/1759 1760/1760/1760 1761/1761/1761
f 1762/1762/1762 1763/1763/1763 1764/1764/1764
f 1765/1765/1765 1766/1766/1766 1767/1767/1767
f 1768/1768/1768 1769/1769/1769 1770/1770/1770
f 1771/1771/1771 1772/1772/1772 1773/1773/1773
f 1774/1774/1774 1775/1775/1775 1776/1776/1776
f 1777/1777/1777 1778/1778/1778 1779/1779/1779
f 1780/1780/1780 1781/1781/1781 1782/1782/1782
f 1783/1783/1783 1784/1784/1784 1785/1785/1785
f 1786/1786/1786 1787/1787/1787 1788/1788/1788
f 1789/1789/1789 1790/1790/1790 1791/1791/1791
f 1792/1792/1792 1793/1793/1793 1794/1794/1794
f 1795/1795/1795 1796/1796/1796 1797/1797/1797
f 1798/1798/1798 1799/1799/1799 1800/1800/1800
f 1801/1801/1801 1802/1802/1802 1803/1803/1803
f 1804/1804/1804 1805/1805/1805 1806/1806/1806
f 1807/1807/1807 1808/1808/1808 1809/1809/1809
f 1810/1810/1810 1811/1811/1811 1812/1812/1812
f 1813/1813/1813 1814/1814/1814 1815/1815/1815
f 1816/1816/1816 1817/1817/1817 1818/1818/1818
f 1819/1819/1819 1820/1820/1820 1821/1821/1821
f 1822/1822/1822 1823/1823/1823 1824/1824/1824
f 1825/1825/1825 1826/1826/1826 1827/1827/1827
f 1828/1828/1828 1829/1829/1829 1830/1830/1830
f 1831/1831/1831 1832/1832/1832 1833/1833/1833
f 1834/1834/1834 1835/1835/1835 1836/1836/1836
f 1837/1837/1837 1838/1838/1838 1839/1839/1839
f 1840/1840/1840 1841/1841/1841 1842/1842/1842
f 1843/1843/1843 1844/1844/1844 1845/1845/1845
f 1846/1846/1846 1847/1847/1847 1848/1848/1848
f 1849/1849/1849 1850/1850/1850 1851/1851/1851
f 1852/1852/1852 1853/1853/1853 1854/1854/1854
f 1855/1855/1855 1856/1856/1856 1857/1857/1857
f 1858/1858/1858 1859/1859/1859 1860/1860/1860
f 1861/1861/1861 1862/1862/1862 1863/1863/1863
f 1864/1864/1864 1865/1865/1865 1866/1866/1866
f 1867/1867/1867 1868/1868/1868 1869/1869/1869
f 1870/1870/1870 1871/1871/1871 1872/1872/1872
f 1873/1873/1873 1874/1874/1874 1875/1875/1875
f 1876/1876/1876 1877/1877/1877 1878/1878/1878
f 1879/1879/1879 1880/1880/1880 1881/1881/1881
f 1882/1882/1882 1883/1883/1883 1884/1884/1884
f 1885/1885/1885 1886/1886/1886 1887/1887/1887
f 1888/1888/1888 1889/1889/1889 1890/1890/1890
f 1891/1891/1891 1892/1892/1892 1893/1893/1893
f 1894/1894/1894 1895/1895/1895 1896/1896/1896
f 1897/1897/1897 1898/1898/1898 1899/1899/1899
f 1900/1900/1900 1901/1901/1901 1902/1902/1902
f 1903/1903/1903 1904/1904/1904 1905/1905/1905
f 1906/1906/1906 1907/1907/1907 1908/1908/1908
f 1909/1909/1909 1910/1910/1910 1911/1911/1911
f 1912/1912/1912 1913/1913/1913 1914/1914/1914
f 1915/1915/1915 1916/1916/1916 1917/1917/1917
f 1918/1918/1918 1919/1919/1919 1920/1920/1920
f 1921/1921/1921 1922/1922/1922 1923/1923/1923
f 1924/1924/1924 1925/1925/1925 1926/1926/1926
f 1927/1927/1927 1928/1928/1928 1929/1929/1929
f 1930/1930/1930 1931/1931/1931 1932/1932/1932
f 1933/1933/1933 1934/1934/1934 1935/1935/1935
f 1936/1936/1936 1937/1937/1937 1938/1938/1938
f 1939/1939/1939 1940/1940/1940 1941/1941/1941
f 1942/1942/1942 1943/1943/1943 1944/1944/1944
f 1945/1945/1945 1946/1946/1946 1947/1947/1947
f 1948/1948/1948 1949/1949/1949 1950/1950/1950
f 1951/1951/1951 1952/1952/1952 1953/1953/1953
f 1954/1954/1954 1955/1955/1955 1956/1956/1956
f 1957/1957/1957 1958/1958/1958 1959/1959/1959
f 1960/1960/1960 1961/1961/1961 1962/1962/1962
f 1963/1963/1963 1964/1964/1964 1965/1965/1965
f 1966/1966/1966 1967/1967/1967 1968/1968/1968
f 1969/1969/1969 1970/1970/1970 1971/1971/1971
f 1972/1972/1972 1973/1973/1973 1974/1974/1974
f 1975/1975/1975 1976/1976/1976 1977/1977/1977
f 1978/1978/1978 1979/1979/1979 1980/1980/1980
f 1981/1981/1981 1982/1982/1982 1983/1983/1983
f 1984/1984/1984 1985/1985/1985 1986/1986/1986
f 1987/1987/1987 1988/1988/1988 1989/1989/1989
f 1990/1990/1990 1991/1991/1991 1992/1992/1992
f 1993/1993/1993 1994/1994/1994 1995/1995/1995
f 1996/1996/1996 1997/1997/1997 1998/1998/1998
f 1999/1999/1999 2000/2000/2000 2001/2001/2001
f 2002/2002/2002 2003/2003/2003 2004/2004/2004
f 2005/2005/2005 2006/2006/2006 2007/2007/2007
f 2008/2008/2008 2009/2009/2009 2010/2010/2010
f 2011/2011/2011 2012/2012/2012 2013/2013/2013
f 2014/2014/2014 2015/2015/2015 2016/2016/2016
f 2017/2017/2017 2018/2018/2018 2019/2019/2019
f 2020/2020/2020 2021/2021/2021 2022/2022/2022
f 2023/2023/2023 2024/2024/2024 2025/2025/2025
f 2026/2026/2026 2027/2027/2027 2028/2028/2028
f 2029/2029/2029 2030/2030/2030 2031/2031/2031
f 2032/2032/2032 2033/2033/2033 2034/2034/2034
f 2035/2035/2035 2036/2036/2036 2037/2037/2037
f 2038/2038/2038 2039/2039/2039 2040/2040/2040
f 2041/2041/2041 2042/2042/2042 2043/2043/2043
f 2044/2044/2044 2045/2045/2045 2046/2046/2046
f 2047/2047/2047 2048/2048/2048 2049/2049/2049
f 2050/2050/2050 2051/2051/2051 2052/2052/2052
f 2053/2053/2053 2054/2054/2054 2055/2055/2055
f 2056/2056/2056 2057/2057/2057 2058/2058/2058
f 2059/2059/2059 2060/2060/2060 2061/2061/2061
f 2062/2062/2062 2063/2063/2063 2064/2064/2064
f 2065/2065/2065 2066/2066/2066 2067/2067/2067
f 2068/2068/2068 2069/2069/2069 2070/2070/2070
f 2071/2071/2071 2072/2072/2072 2073/2073/2073
f 2074/2074/2074 2075/2075/2075 2076/2076/2076
f 2077/2077/2077 2078/2078/2078 2079/2079/2079
f 2080/2080/2080 2081/2081/2081 2082/2082/2082
f 2083/2083/2083 2084/2084/2084 2085/2085/2085
f 2086/2086/2086 2087/2087/2087 2088/2088/2088
f 2089/2089/2089 2090/2090/2090 2091/2091/2091
f 2092/2092/2092 2093/2093/2093 2094/2094/2094
f 2095/2095/2095 2096/2096/2096 2097/2097/2097
f 2098/2098/2098 2099/2099/2099 2100/2100/2100
f 2101/2101/2101 2102/2102/2102 2103/2103/2103
f 2104/2104/2104 2105/2105/2105 2106/2106/2106
f 2107/2107/2107 2108/2108/2108 2109/2109/2109
f 2110/2110/2110 2111/2111/2111 2112/2112/2112
f 2113/2113/2113 2114/2114/2114 2115/2115/2115
f 2116/2116/2116 2117/2117/2117 2118/2118/2118
f 2119/2119/2119 2120/2120/2120 2121/2121/2121
f 2122/2122/2122 2123/2123/2123 2124/2124/2124
f 2125/2125/2125 2126/2126/2126 2127/2127/2127
f 2128/2128/2128 2129/2129/2129 2130/2130/2130
f 2131/2131/2131 2132/2132/2132 2133/2133/2133
f 2134/2134/2134 2135/2135/2135 2136/2136/2136
f 2137/2137/2137 2138/2138/2138 2139/2139/2139
f 2140/2140/2140 2141/2141/2141 2142/2142/2142
f 2143/2143/2143 2144/2144/2144 2145/2145/2145
f 2146/2146/2146 2147/2147/2147 2148/2148/2148
f 2149/2149/2149 2150/2150/2150 2151/2151/2151
f 2152/2152/2152 2153/2153/2153 2154/2154/2154
f 2155/2155/2155 2156/2156/2156 2157/2157/2157
f 2158/2158/2158 2159/2159/2159 2160/2160/2160
f 2161/2161/2161 2162/2162/2162 2163/2163/2163
f 2164/2164/2164 2165/2165/2165 2166/2166/2166
f 2167/2167/2167 2168/2168/2168 2169/2169/2169
f 2170/2170/2170 2171/2171/2171 2172/2172/2172
f 2173/2173/2173 2174/2174/2174 2175/2175/2175
f 2176/2176/2176 2177/2177/2177 2178/2178/2178
f 2179/2179/2179 2180/2180/2180 2181/2181/2181
f 2182/2182/2182 2183/2183/2183 2184/2184/2184
f 2185/2185/2185 2186/2186/2186 2187/2187/2187
f 2188/2188/2188 2189/2189/2189 2190/2190/2190
f 2191/2191/2191 2192/2192/2192 2193/2193/2193
f 2194/2194/2194 2195/2195/2195 2196/2196/2196
f 2197/2197/2197 2198/2198/2198 2199/2199/2199
f 2200/2200/2200 2201/2201/2201 2202/2202/2202
f 2203/2203/2203 2204/2204/2204 2205/2205/2205
f 2206/2206/2206 2207/2207/2207 2208/2208/2208
f 2209/2209/2209 2210/2210/2210 2211/2211/2211
f 2212/2212/2212 2213/2213/2213 2214/2214/2214
f 2215/2215/2215 2216/2216/2216 2217/2217/2217
f 2218/2218/2218 2219/2219/2219 2220/2220/2220
f 2221/2221/2221 2222/2222/2222 2223/2223/2223
f 2224/2224/2224 2225/2225/2225 2226/2226/2226
f 2227/2227/2227 2228/2228/2228 2229/2229/2229
f 2230/2230/2230 2231/2231/2231 2232/2232/2232
f 2233/2233/2233 2234/2234/2234 2235/2235/2235
f 2236/2236/2236 2237/2237/2237 2238/2238/2238
f 2239/2239/2239 2240/2240/2240 2241/2241/2241
f 2242/2242/2242 2243/2243/2243 2244/2244/2244
f 2245/2245/2245 2246/2246/2246 2247/2247/2247
f 2248/2248/2248 2249/2249/2249 2250/2250/2250
f 2251/2251/2251 2252/2252/2252 2253/2253/2253
f 2254/2254/2254 2255/2255/2255 2256/2256/2256
f 2257/2257/2257 2258/2258/2258 2259/2259/2259
f 2260/2260/2260 2261/2261/2261 2262/2262/2262
f 2263/2263/2263 2264/2264/2264 2265/2265/2265
f 2266/2266/2266 2267/2267/2267 2268/2268/2268
f 2269/2269/2269 2270/2270/2270 2271/2271/2271
f 2272/2272/2272 2273/2273/2273 2274/2274/2274
f 2275/2275/2275 2276/2276/2276 2277/2277/2277
f 2278/2278/2278 2279/2279/2279 2280/2280/2280
f 2281/2281/2281 2282/2282/2282 2283/2283/2283
f 2284/2284/2284 2285/2285/2285 2286/2286/2286
f 2287/2287/2287 2288/2288/2288 2289/2289/2289
f 2290/2290/2290 2291/2291/2291 2292/2292/2292
f 2293/2293/2293 2294/2294/2294 2295/2295/2295
f 2296/2296/2296 2297/2297/2297 2298/2298/2298
f 2299/2299/2299 2300/2300/2300 2301/2301/2301
f 2302/2302/2302 2303/2303/2303 2304/2304/2304
f 2305/2305/2305 2306/2306/2306 2307/2307/2307
f 2308/2308/2308 2309/2309/2309 2310/2310/2310
f 2311/2311/2311 2312/2312/2312 2313/2313/2313
f 2314/2314/2314 2315/2315/2315 2316/2316/2316
f 2317/2317/2317 2318/2318/2318 2319/2319/2319
f 2320/2320/2320 2321/2321/2321 2322/2322/2322
f 2323/2323/2323 2324/2324/2324 2325/2325/2325
f 2326/2326/2326 2327/2327/2327 2328/2328/2328
f 2329/2329/2329 2330/2330/2330 2331/2331/2331
f 2332/2332/2332 2333/2333/2333 2334/2334/2334
f 2335/2335/2335 2336/2336/2336 2337/2337/2337
f 2338/2338/2338 2339/2339/2339 2340/2340/2340
f 2341/2341/2341 2342/2342/2342 2343/2343/2343
f 2344/2344/2344 2345/2345/2345 2346/2346/2346
f 2347/2347/2347 2348/2348/2348 2349/2349/2349
f 2350/2350/2350 2351/2351/2351 2352/2352/2352
f 2353/2353/2353 2354/2354/2354 2355/2355/2355
f 2356/2356/2356 2357/2357/2357 2358/2358/2358
f 2359/2359/2359 2360/2360/2360 2361/2361/2361
f 2362/2362/2362 2363/2363/2363 2364/2364/2364
f 2365/2365/2365 2366/2366/2366 2367/2367/2367
f 2368/2368/2368 2369/2369/2369 2370/2370/2370
f 2371/2371/2371 2372/2372/2372 2373/2373/2373
f 2374/2374/2374 2375/2375/2375 2376/2376/2376
f 2377/2377/2377 2378/2378/2378 2379/2379/2379
f 2380/2380/2380 2381/2381/2381 2382/2382/2382
f 2383/2383/2383 2384/2384/2384 2385/2385/2385
f 2386/2386/2386 2387/2387/2387 2388/2388/2388
f 2389/2389/2389 2390/2390/2390 2391/2391/2391
f 2392/2392/2392 2393/2393/2393 2394/2394/2394
f 2395/2395/2395 2396/2396/2396 2397/2397/2397
f 2398/2398/2398 2399/2399/2399 2400/2400/2400
f 2401/2401/2401 2402/2402/2402 2403/2403/2403
f 2404/2404/2404 2405/2405/2405 2406/2406/2406
f 2407/2407/2407 2408/2408/2408 2409/2409/2409
f 2410/2410/2410 2411/2411/2411 2412/2412/2412
f 2413/2413/2413 2414/2414/2414 2415/2415/2415
f 2416/2416/2416 2417/2417/2417 2418/2418/2418
f 2419/2419/2419 2420/2420/2420 2421/2421/2421
f 2422/2422/2422 2423/2423/2423 2424/2424/2424
f 2425/2425/2425 2426/2426/2426 2427/2427/2427
f 2428/2428/2428 2429/2429/2429 2430/2430/2430
f 2431/2431/2431 2432/2432/2432 2433/2433/2433
f 2434/2434/2434 2435/2435/2435 2436/2436/2436
f 2437/2437/2437 2438/2438/2438 2439/2439/2439
f 2440/2440/2440 2441/2441/2441 2442/2442/2442
f 2443/2443/2443 2444/2444/2444 2445/2445/2445
f 2446/2446/2446 2447/2447/2447 2448/2448/2448
f 2449/2449/2449 2450/2450/2450 2451/2451/2451
f 2452/2452/2452 2453/2453/2453 2454/2454/2454
f 2455/2455/2455 2456/2456/2456 2457/2457/2457
f 2458/2458/2458 2459/2459/2459 2460/2460/2460
f 2461/2461/2461 2462/2462/2462 2463/2463/2463
f 2464/2464/2464 2465/2465/2465 2466/2466/2466
f 2467/2467/2467 2468/2468/2468 2469/2469/2469
f 2470/2470/2470 2471/2471/2471 2472/2472/2472
f 2473/2473/2473 2474/2474/2474 2475/2475/2475
f 2476/2476/2476 2477/2477/2477 2478/2478/2478
f 2479/2479/2479 2480/2480/2480 2481/2481/2481
f 2482/2482/2482 2483/2483/2483 2484/2484/2484
f 2485/2485/2485 2486/2486/2486 2487/2487/2487
f 2488/2488/2488 2489/2489/2489 2490/2490/2490
f 2491/2491/2491 2492/2492/2492 2493/2493/2493
f 2494/2494/2494 2495/2495/2495 2496/2496/2496
f 2497/2497/2497 2498/2498/2498 2499/2499/2499
f 2500/2500/2500 2501/2501/2501 2502/2502/2502
f 2503/2503/2503 2504/2504/2504 2505/2505/2505
f 2506/2506/2506 2507/2507/2507 2508/2508/2508
f 2509/2509/2509 2510/2510/2510 2511/2511/2511
f 2512/2512/2512 2513/2513/2513 2514/2514/2514
f 2515/2515/2515 2516/2516/2516 2517/2517/2517
f 2518/2518/2518 2519/2519/2519 2520/2520/2520
f 2521/2521/2521 2522/2522/2522 2523/2523/2523
f 2524/2524/2524 2525/2525/2525 2526/2526/2526
f 2527/2527/2527 2528/2528/2528 2529/2529/2529
f 2530/2530/2530 2531/2531/2531 2532/2532/2532
f 2533/2533/2533 2534/2534/2534 2535/2535/2535
f 2536/2536/2536 2537/2537/2537 2538/2538/2538
f 2539/2539/2539 2540/2540/2540 2541/2541/2541
f 2542/2542/2542 2543/2543/2543 2544/2544/2544
f 2545/2545/2545 2546/2546/2546 2547/2547/2547
f 2548/2548/2548 2549/2549/2549 2550/2550/2550
f 2551/2551/2551 2552/2552/2552 2553/2553/2553
f 2554/2554/2554 2555/2555/2555 2556/2556/2556
f 2557/2557/2557 2558/2558/2558 2559/2559/2559
f 2560/2560/2560 2561/2561/2561 2562/2562/2562
f 2563/2563/2563 2564/2564/2564 2565/2565/2565
f 2566/2566/2566 2567/2567/2567 2568/2568/2568
f 2569/2569/2569 2570/2570/2570 2571/2571/2571
f 2572/2572/2572 2573/2573/2573 2574/2574/2574
f 2575/2575/2575 2576/2576/2576 2577/2577/2577
f 2578/2578/2578 2579/2579/2579 2580/2580/2580
f 2581/2581/2581 2582/2582/2582 2583/2583/2583
f 2584/2584/2584 2585/2585/2585 2586/2586/2586
f 2587/2587/2587 2588/2588/2588 2589/2589/2589
f 2590/2590/2590 2591/2591/2591 2592/2592/2592
f 2593/2593/2593 2594/2594/2594 2595/2595/2595
f 2596/2596/2596 2597/2597/2597 2598/2598/2598
f 2599/2599/2599 2600/2600/2600 2601/2601/2601
f 2602/2602/2602 2603/2603/2603 2604/2604/2604
f 2605/2605/2605 2606/2606/2606 2607/2607/2607
f 2608/2608/2608 2609/2609/2609 2610/2610/2610
f 2611/2611/2611 2612/2612/2612 2613/2613/2613
f 2614/2614/2614 2615/2615/2615 2616/2616/2616
f 2617/2617/2617 2618/2618/2618 2619/2619/2619
f 2620/2620/2620 2621/2621/2621 2622/2622/2622
f 2623/2623/2623 2624/2624/2624 2625/2625/2625
f 2626/2626/2626 2627/2627/2627 2628/2628/2628
f 2629/2629/2629 2630/2630/2630 2631/2631/2631
f 2632/2632/2632 2633/2633/2633 2634/2634/2634
f 2635/2635/2635 2636/2636/2636 2637/2637/2637
f 2638/2638/2638 2639/2639/2639 2640/2640/2640
f 2641/2641/2641 2642/2642/2642 2643/2643/2643
f 2644/2644/2644 2645/2645/2645 2646/2646/2646
f 2647/2647/2647 2648/2648/2648 2649/2649/2649
f 2650/2650/2650 2651/2651/2651 2652/2652/2652
f 2653/2653/2653 2654/2654/2654 2655/2655/2655
f 2656/2656/2656 2657/2657/2657 2658/2658/2658
f 2659/2659/2659 2660/2660/2660 2661/2661/2661
f 2662/2662/2662 2663/2663/2663 2664/2664/2664
f 2665/2665/2665 2666/2666/2666 2667/2667/2667
f 2668/2668/2668 2669/2669/2669 2670/2670/2670
f 2671/2671/2671 2672/2672/2672 2673/2673/2673
f 2674/2674/2674 2675/2675/2675 2676/2676/2676
f 2677/2677/2677 2678/2678/2678 2679/2679/2679
f 2680/2680/2680 2681/2681/2681 2682/2682/2682
f 2683/2683/2683 2684/2684/2684 2685/2685/2685
f 2686/2686/2686 2687/2687/2687 2688/2688/2688
f 2689/2689/2689 2690/2690/2690 2691/2691/2691
f 2692/2692/2692 2693/2693/2693 2694/2694/2694
f 2695/2695/2695 2696/2696/2696 2697/2697/2697
f 2698/2698/2698 2699/2699/2699 2700/2700/2700
f 2701/2701/2701 2702/2702/2702 2703/2703/2703
f 2704/2704/2704 2705/2705/2705 2706/2706/2706
f 2707/2707/2707 2708/2708/2708 2709/2709/2709
f 2710/2710/2710 2711/2711/2711 2712/2712/2712
f 2713/2713/2713 2714/2714/2714 2715/2715/2715
f 2716/2716/2716 2717/2717/2717 2718/2718/2718
f 2719/2719/2719 2720/2720/2720 2721/2721/2721
f 2722/2722/2722 2723/2723/2723 2724/2724/2724
f 2725/2725/2725 2726/2726/2726 2727/2727/2727
f 2728/2728/2728 2729/2729/2729 2730/2730/2730
f 2731/2731/2731 2732/2732/2732 2733/2733/2733
f 2734/2734/2734 2735/2735/2735 2736/2736/2736
f 2737/2737/2737 2738/2738/2738 2739/2739/2739
f 2740/2740/2740 2741/2741/2741 2742/2742/2742
f 2743/2743/2743 2744/2744/2744 2745/2745/2745
f 2746/2746/2746 2747/2747/2747 2748/2748/2748
f 2749/2749/2749 2750/2750/2750 2751/2751/2751
f 2752/2752/2752 2753/2753/2753 2754/2754/2754
f 2755/2755/2755 2756/2756/2756 2757/2757/2757
f 2758/2758/2758 2759/2759/2759 2760/2760/2760
f 2761/2761/2761 2762/2762/2762 2763/2763/2763
f 2764/2764/2764 2765/2765/2765 2766/2766/2766
f 2767/2767/2767 2768/2768/2768 2769/2769/2769
f 2770/2770/2770 2771/2771/2771 2772/2772/2772
f 2773/2773/2773 2774/2774/2774 2775/2775/2775
f 2776/2776/2776 2777/2777/2777 2778/2778/2778
f 2779/2779/2779 2780/2780/2780 2781/2781/2781
f 2782/2782/2782 2783/2783/2783 2784/2784/2784
f 2785/2785/2785 2786/2786/2786 2787/2787/2787
f 2788/2788/2788 2789/2789/2789 2790/2790/2790
f 2791/2791/2791 2792/2792/2792 2793/2793/2793
f 2794/2794/2794 2795/2795/2795 2796/2796/2796
f 2797/2797/2797 2798/2798/2798 2799/2799/2799
f 2800/2800/2800 2801/2801/2801 2802/2802/2802
f 2803/2803/2803 2804/2804/2804 2805/2805/2805
f 2806/2806/2806 2807/2807/2807 2808/2808/2808
f 2809/2809/2809 2810/2810/2810 2811/2811/2811
f 2812/2812/2812 2813/2813/2813 2814/2814/2814
f 2815/2815/2815 2816/2816/2816 2817/2817/2817
f 2818/2818/2818 2819/2819/2819 2820/2820/2820
f 2821/2821/2821 2822/2822/2822 2823/2823/2823
f 2824/2824/2824 2825/2825/2825 2826/2826/2826
f 2827/2827/2827 2828/2828/2828 2829/2829/2829
f 2830/2830/2830 2831/2831/2831 2832/2832/2832
f 2833/2833/2833 2834/2834/2834 2835/2835/2835
f 2836/2836/2836 2837/2837/2837 2838/2838/2838
f 2839/2839/2839 2840/2840/2840 2841/2841/2841
f 2842/2842/2842 2843/2843/2843 2844/2844/2844
f 2845/2845/2845 2846/2846/2846 2847/2847/2847
f 2848/2848/2848 2849/2849/2849 2850/2850/2850
f 2851/2851/2851 2852/2852/2852 2853/2853/2853
f 2854/2854/2854 2855/2855/2855 2856/2856/2856
f 2857/2857/2857 2858/2858/2858 2859/2859/2859
f 2860/2860/2860 2861/2861/2861 2862/2862/2862
f 2863/2863/2863 2864/2864/2864 2865/2865/2865
f 2866/2866/2866 2867/2867/2867 2868/2868/2868
f 2869/2869/2869 2870/2870/2870 2871/2871/2871
f 2872/2872/2872 2873/2873/2873 2874/2874/2874
f 2875/2875/2875 2876/2876/2876 2877/2877/2877
f 2878/2878/2878 2879/2879/2879 2880/2880/2880
f 2881/2881/2881 2882/2882/2882 2883/2883/2883
f 2884/2884/2884 2885/2885/2885 2886/2886/2886
f 2887/2887/2887 2888/2888/2888 2889/2889/2889
f 2890/2890/2890 2891/2891/2891 2892/2892/2892
f 2893/2893/2893 2894/2894/2894 2895/2895/2895
f 2896/2896/2896 2897/2897/2897 2898/2898/2898
f 2899/2899/2899 2900/2900/2900 2901/2901/2901
f 2902/2902/2902 2903/2903/2903 2904/2904/2904
f 2905/2905/2905 2906/2906/2906 2907/2907/2907
f 2908/2908/2908 2909/2909/2909 2910/2910/2910
f 2911/2911/2911 2912/2912/2912 2913/2913/2913
f 2914/2914/2914 2915/2915/2915 2916/2916/2916
f 2917/2917/2917 2918/2918/2918 2919/2919/2919
f 2920/2920/2920 2921/2921/2921 2922/2922/2922
f 2923/2923/2923 2924/2924/2924 2925/2925/2925
f 2926/2926/2926 2927/2927/2927 2928/2928/2928
f 2929/2929/2929 2930/2930/2930 2931/2931/2931
f 2932/2932/2932 2933/2933/2933 2934/2934/2934
f 2935/2935/2935 2936/2936/2936 2937/2937/2937
f 2938/2938/2938 2939/2939/2939 2940/2940/2940
f 2941/2941/2941 2942/2942/2942 2943/2943/2943
f 2944/2944/2944 2945/2945/2945 2946/2946/2946
f 2947/2947/2947 2948/2948/2948 2949/2949/2949
f 2950/2950/2950 2951/2951/2951 2952/2952/2952
f 2953/2953/2953 2954/2954/2954 2955/2955/2955
f 2956/2956/2956 2957/2957/2957 2958/2958/2958
f 2959/2959/2959 2960/2960/2960 2961/2961/2961
f 2962/2962/2962 2963/2963/2963 2964/2964/2964
f 2965/2965/2965 2966/2966/2966 2967/2967/2967
f 2968/2968/2968 2969/2969/2969 2970/2970/2970
f 2971/2971/2971 2972/2972/2972 2973/2973/2973
f 2974/2974/2974 2975/2975/2975 2976/2976/2976
f 2977/2977/2977 2978/2978/2978 2979/2979/2979
f 2980/2980/2980 2981/2981/2981 2982/2982/2982
f 2983/2983/2983 2984/2984/2984 2985/2985/2985
f 2986/2986/2986 2987/2987/2987 2988/2988/2988
f 2989/2989/2989 2990/2990/2990 2991/2991/2991
f 2992/2992/2992 2993/2993/2993 2994/2994/2994
f 2995/2995/2995 2996/2996/2996 2997/2997/2997
f 2998/2998/2998 2999/2999/2999 3000/3000/3000
f 3001/3001/3001 3002/3002/3002 3003/3003/3003
f 3004/3004/3004 3005/3005/3005 3006/3006/3006
f 3007/3007/3007 3008/3008/3008 3009/3009/3009
f 3010/3010/3010 3011/3011/3011 3012/3012/3012
f 3013/3013/3013 3014/3014/3014 3015/3015/3015
f 3016/3016/3016 3017/3017/3017 3018/3018/3018
f 3019/3019/3019 3020/3020/3020 3021/3021/3021
f 3022/3022/3022 3023/3023/3023 3024/3024/3024
f 3025/3025/3025 3026/3026/3026 3027/3027/3027
f 3028/3028/3028 3029/3029/3029 3030/3030/3030
f 3031/3031/3031 3032/3032/3032 3033/3033/3033
f 3034/3034/3034 3035/3035/3035 3036/3036/3036
f 3037/3037/3037 3038/3038/3038 3039/3039/3039
f 3040/3040/3040 3041/3041/3041 3042/3042/3042
f 3043/3043/3043 3044/3044/3044 3045/3045/3045
f 3046/3046/3046 3047/3047/3047 3048/3048/3048
f 3049/3049/3049 3050/3050/3050 3051/3051/3051
f 3052/3052/3052 3053/3053/3053 3054/3054/3054
f 3055/3055/3055 3056/3056/3056 3057/3057/3057
f 3058/3058/3058 3059/3059/3059 3060/3060/3060
f 3061/3061/3061 3062/3062/3062 3063/3063/3063
f 3064/3064/3064 3065/3065/3065 3066/3066/3066
f 3067/3067/3067 3068/3068/3068 3069/3069/3069
f 3070/3070/3070 3071/3071/3071 3072/3072/3072
f 3073/3073/3073 3074/3074/3074 3075/3075/3075
f 3076/3076/3076 3077/3077/3077 3078/3078/3078
f 3079/3079/3079 3080/3080/3080 3081/3081/3081
f 3082/3082/3082 3083/3083/3083 3084/3084/3084
f 3085/3085/3085 3086/3086/3086 3087/3087/3087
f 3088/3088/3088 3089/3089/3089 3090/3090/3090
f 3091/3091/3091 3092/3092/3092 3093/3093/3093
f 3094/3094/3094 3095/3095/3095 3096/3096/3096
f 3097/3097/3097 3098/3098/3098 3099/3099/3099
f 3100/3100/3100 3101/3101/3101 3102/3102/3102
f 3103/3103/3103 3104/3104/3104 3105/3105/3105
f 3106/3106/3106 3107/3107/3107 3108/3108/3108
