# Batch 0 (tex 4)
mtllib batch_0000.mtl

v 4.184351 -4.184346 12.677510
#vw 00000000
v 0.000000 2.896864 12.033770
#vw 00000000
v 0.000000 -4.184346 13.965010
#vw 00000000
v -2.896859 1.609372 11.390020
#vw 00000000
v -4.184351 -4.184346 12.677510
#vw 00000000
v -3.862478 4.184355 8.815032
#vw 00000000
v -5.793717 -4.184347 9.458786
#vw 00000000
v -7.701942 4.184353 4.929543
#vw 00000000
v -8.193555 -4.184349 5.421161
#vw 00000000
v -10.521050 4.184351 0.046711
#vw 00000000
v -11.192610 -4.184351 0.226658
#vw 00000000
v -10.521050 4.184349 -5.591511
#vw 00000000
v -11.192610 -4.184353 -5.771447
#vw 00000000
v -7.701942 4.184346 -10.474340
#vw 00000000
v -8.193555 -4.184357 -10.965950
#vw 00000000
v -2.819110 4.184346 -13.293450
#vw 00000000
v -2.999053 -4.184357 -13.965010
#vw 00000000
v 2.819110 4.184346 -13.293450
#vw 00000000
v 2.999053 -4.184357 -13.965010
#vw 00000000
v 7.701942 4.184346 -10.474340
#vw 00000000
v 8.193555 -4.184357 -10.965950
#vw 00000000
v 10.521050 4.184349 -5.591511
#vw 00000000
v 11.192610 -4.184353 -5.771447
#vw 00000000
v 10.521050 4.184351 0.046711
#vw 00000000
v 11.192610 -4.184351 0.226658
#vw 00000000
v 7.701942 4.184353 4.929543
#vw 00000000
v 8.193555 -4.184349 5.421161
#vw 00000000
v 3.862478 4.184355 8.815032
#vw 00000000
v 5.793717 -4.184347 9.458786
#vw 00000000
v 3.862478 4.184355 8.815032
#vw 00000000
v 5.793717 -4.184347 9.458786
#vw 00000000
v 2.896859 1.609372 11.390020
#vw 00000000
v 8.705687 4.184351 -0.439720
#vw 00000000
v 5.966209 -2.253110 3.193813
#vw 00000000
v 6.373008 4.184353 3.600608
#vw 00000000
v 2.183781 -2.253109 5.377607
#vw 00000000
v 2.332679 4.184353 5.933285
#vw 00000000
v -2.183781 -2.253109 5.377607
#vw 00000000
v -2.332679 4.184353 5.933285
#vw 00000000
v -5.966209 -2.253110 3.193813
#vw 00000000
v -6.373008 4.184353 3.600608
#vw 00000000
v -8.150005 -2.253112 -0.588616
#vw 00000000
v -8.705687 4.184351 -0.439720
#vw 00000000
v -8.150005 -2.253114 -4.956177
#vw 00000000
v -8.705687 4.184349 -5.105079
#vw 00000000
v -5.966209 -2.253115 -8.738606
#vw 00000000
v -6.373008 4.184347 -9.145410
#vw 00000000
v -2.183781 -2.253116 -10.922400
#vw 00000000
v -2.332679 4.184346 -11.478090
#vw 00000000
v 2.183781 -2.253116 -10.922400
#vw 00000000
v 2.332679 4.184346 -11.478090
#vw 00000000
v 5.966209 -2.253115 -8.738606
#vw 00000000
v 6.373008 4.184347 -9.145410
#vw 00000000
v 8.150005 -2.253114 -4.956177
#vw 00000000
v 8.705687 4.184349 -5.105079
#vw 00000000
v 8.150005 -2.253112 -0.588616
#vw 00000000
v 8.705687 4.184351 -0.439720
#vw 00000000
v 5.966209 -2.253110 3.193813
#vw 00000000
v 10.521050 4.184351 0.046711
#vw 00000000
v 6.373008 4.184353 3.600608
#vw 00000000
v 7.701942 4.184353 4.929543
#vw 00000000
v 2.332679 4.184353 5.933285
#vw 00000000
v 3.862478 4.184355 8.815032
#vw 00000000
v -2.332679 4.184353 5.933285
#vw 00000000
v -3.862478 4.184355 8.815032
#vw 00000000
v -6.373008 4.184353 3.600608
#vw 00000000
v -7.701942 4.184353 4.929543
#vw 00000000
v -8.705687 4.184351 -0.439720
#vw 00000000
v -10.521050 4.184351 0.046711
#vw 00000000
v -8.705687 4.184349 -5.105079
#vw 00000000
v -10.521050 4.184349 -5.591511
#vw 00000000
v -6.373008 4.184347 -9.145410
#vw 00000000
v -7.701942 4.184346 -10.474340
#vw 00000000
v -2.332679 4.184346 -11.478090
#vw 00000000
v -2.819110 4.184346 -13.293450
#vw 00000000
v 2.332679 4.184346 -11.478090
#vw 00000000
v 2.819110 4.184346 -13.293450
#vw 00000000
v 6.373008 4.184347 -9.145410
#vw 00000000
v 7.701942 4.184346 -10.474340
#vw 00000000
v 8.705687 4.184349 -5.105079
#vw 00000000
v 10.521050 4.184349 -5.591511
#vw 00000000
v 8.705687 4.184351 -0.439720
#vw 00000000
v 10.521050 4.184351 0.046711
#vw 00000000
v 6.373008 4.184353 3.600608
#vw 00000000
v 2.183781 -2.253116 -10.922400
#vw 00000000
v -2.183781 -2.253116 -10.922400
#vw 00000000
v 5.966209 -2.253115 -8.738606
#vw 00000000
v -5.966209 -2.253115 -8.738606
#vw 00000000
v 8.150005 -2.253114 -4.956177
#vw 00000000
v -8.150005 -2.253114 -4.956177
#vw 00000000
v 8.150005 -2.253112 -0.588616
#vw 00000000
v -8.150005 -2.253112 -0.588616
#vw 00000000
v 5.966209 -2.253110 3.193813
#vw 00000000
v -5.966209 -2.253110 3.193813
#vw 00000000
v 2.183781 -2.253109 5.377607
#vw 00000000
v -2.183781 -2.253109 5.377607
#vw 00000000
v 2.896859 1.609372 11.390020
#vw 00000000
v 3.862478 4.184355 8.815032
#vw 00000000
v 0.000000 2.896864 12.033770
#vw 00000000
v -3.862478 4.184355 8.815032
#vw 00000000
v -2.896859 1.609372 11.390020
#vw 00000000
v 0.000000 2.896864 12.033770
#vw 00000000
v 4.184351 -4.184346 12.677510
#vw 00000000
v 2.896859 1.609372 11.390020
#vw 00000000
v 5.793717 -4.184347 9.458786
#vw 00000000
v -49.391590 13.174030 82.535310
#vw 00000000
v -55.342750 8.971189 82.549830
#vw 00000000
v -53.770870 13.174030 82.571980
#vw 00000000
v -49.391590 13.174030 82.535310
#vw 00000000
v -46.407770 4.468145 82.457340
#vw 00000000
v -55.342750 8.971189 82.549830
#vw 00000000
v -46.407770 4.468145 82.457340
#vw 00000000
v -53.630040 4.468145 82.517810
#vw 00000000
v -55.342750 8.971189 82.549830
#vw 00000000
v -36.872260 4.468145 82.377500
#vw 00000000
v -27.848680 8.971189 82.319610
#vw 00000000
v -29.932520 4.468145 82.319400
#vw 00000000
v -36.872260 4.468145 82.377500
#vw 00000000
v -33.887550 13.174030 82.405490
#vw 00000000
v -27.848680 8.971189 82.319610
#vw 00000000
v -29.508270 13.174030 82.368820
#vw 00000000
v -35.946410 1.483777 81.168910
#vw 00000000
v -47.421000 1.483777 73.229860
#vw 00000000
v -36.013690 1.483777 73.134350
#vw 00000000
v -35.946410 1.483777 81.168910
#vw 00000000
v -47.353720 1.483777 81.264420
#vw 00000000
v -47.421000 1.483777 73.229860
#vw 00000000
v -47.421000 1.483777 73.229860
#vw 00000000
v -47.353720 5.827886 81.264420
#vw 00000000
v -47.421000 5.827886 73.229860
#vw 00000000
v -47.421000 1.483777 73.229860
#vw 00000000
v -47.353720 1.483777 81.264420
#vw 00000000
v -47.353720 5.827886 81.264420
#vw 00000000
v -47.353720 1.483777 81.264420
#vw 00000000
v -35.946410 5.827886 81.168900
#vw 00000000
v -47.353720 5.827886 81.264420
#vw 00000000
v -47.353720 1.483777 81.264420
#vw 00000000
v -35.946410 1.483777 81.168910
#vw 00000000
v -35.946410 5.827886 81.168900
#vw 00000000
v -35.946410 1.483777 81.168910
#vw 00000000
v -36.013690 5.827886 73.134350
#vw 00000000
v -35.946410 5.827886 81.168900
#vw 00000000
v -35.946410 1.483777 81.168910
#vw 00000000
v -36.013690 1.483777 73.134350
#vw 00000000
v -36.013690 5.827886 73.134350
#vw 00000000
v -36.013690 1.483777 73.134350
#vw 00000000
v -47.421000 5.827886 73.229860
#vw 00000000
v -36.013690 5.827886 73.134350
#vw 00000000
v -36.013690 1.483777 73.134350
#vw 00000000
v -47.421000 1.483777 73.229860
#vw 00000000
v -47.421000 5.827886 73.229860
#vw 00000000
v -54.918580 7.452514 84.700730
#vw 00000000
v -41.630850 8.476736 83.512240
#vw 00000000
v -55.457950 8.582688 83.557380
#vw 00000000
v -54.918580 7.452514 84.700730
#vw 00000000
v -41.621680 7.381877 84.607060
#vw 00000000
v -41.630850 8.476736 83.512240
#vw 00000000
v -27.804940 8.582688 83.325840
#vw 00000000
v -41.621680 7.381877 84.607060
#vw 00000000
v -28.289760 7.452514 84.477770
#vw 00000000
v -27.804940 8.582688 83.325840
#vw 00000000
v -36.139240 11.937900 83.448600
#vw 00000000
v -31.350930 17.783020 85.863200
#vw 00000000
v -36.138280 17.217930 85.673710
#vw 00000000
v -36.139240 11.937900 83.448600
#vw 00000000
v -32.430990 11.955560 83.417550
#vw 00000000
v -31.350930 17.783020 85.863200
#vw 00000000
v -32.430990 11.955560 83.417550
#vw 00000000
v -30.082280 11.955560 83.415540
#vw 00000000
v -31.350930 17.783020 85.863200
#vw 00000000
v -29.046560 15.222470 84.784320
#vw 00000000
v -30.082280 11.955560 83.415540
#vw 00000000
v -28.669610 11.973210 83.403710
#vw 00000000
v -29.046560 15.222470 84.784320
#vw 00000000
v -54.142790 15.416710 84.552970
#vw 00000000
v -53.182970 12.149800 83.185130
#vw 00000000
v -54.595640 12.167460 83.196960
#vw 00000000
v -54.142790 15.416710 84.552970
#vw 00000000
v -51.873500 17.977270 85.611210
#vw 00000000
v -53.182970 12.149800 83.185130
#vw 00000000
v -50.834560 12.132140 83.147830
#vw 00000000
v -51.873500 17.977270 85.611210
#vw 00000000
v -47.090000 17.394530 85.341570
#vw 00000000
v -50.834560 12.132140 83.147830
#vw 00000000
v -47.126150 12.132140 83.134420
#vw 00000000
v -47.090000 17.394530 85.341570
#vw 00000000
v -36.141820 17.394530 85.249910
#vw 00000000
v -47.126150 12.132140 83.134420
#vw 00000000
v -36.142640 12.132140 83.042450
#vw 00000000
v -36.141820 17.394530 85.249910
#vw 00000000
v -32.434540 12.132140 82.993760
#vw 00000000
v -36.142640 12.132140 83.042450
#vw 00000000
v -36.141820 17.394530 85.249910
#vw 00000000
v -31.354480 17.977270 85.439400
#vw 00000000
v -32.434540 12.132140 82.993760
#vw 00000000
v -30.085830 12.149800 82.991740
#vw 00000000
v -31.354480 17.977270 85.439400
#vw 00000000
v -29.103230 15.416710 84.343310
#vw 00000000
v -30.085830 12.149800 82.991740
#vw 00000000
v -28.673150 12.167460 82.979920
#vw 00000000
v -54.592090 11.973210 83.620770
#vw 00000000
v -53.179420 11.955560 83.608940
#vw 00000000
v -54.192070 15.222470 84.994870
#vw 00000000
v -51.869960 17.783020 86.035000
#vw 00000000
v -53.179420 11.955560 83.608940
#vw 00000000
v -50.831010 11.955560 83.571620
#vw 00000000
v -51.869960 17.783020 86.035000
#vw 00000000
v -50.831010 11.955560 83.571620
#vw 00000000
v -47.122750 11.937900 83.540570
#vw 00000000
v -51.869960 17.783020 86.035000
#vw 00000000
v -47.086460 17.217930 85.765370
#vw 00000000
v -47.122750 11.937900 83.540570
#vw 00000000
v -36.139240 11.937900 83.448600
#vw 00000000
v -47.086460 17.217930 85.765370
#vw 00000000
v -36.138280 17.217930 85.673710
#vw 00000000
v -37.663830 4.856635 40.566190
#vw 00000000
v -38.406650 3.726460 44.651790
#vw 00000000
v -38.461990 2.825851 29.606260
#vw 00000000
v -31.049920 11.443440 43.777840
#vw 00000000
v -30.603940 11.637680 46.423050
#vw 00000000
v -29.937500 11.196210 45.870020
#vw 00000000
v -29.569610 11.708320 34.970960
#vw 00000000
v -31.809860 11.673010 35.272270
#vw 00000000
v -29.937500 11.196210 45.870020
#vw 00000000
v -31.049920 11.443440 43.777840
#vw 00000000
v -31.809860 11.673010 35.272270
#vw 00000000
v -34.182400 11.567050 42.974060
#vw 00000000
v -31.049920 11.443440 43.777840
#vw 00000000
v -31.559350 11.549390 44.099980
#vw 00000000
v -34.182400 11.567050 42.974060
#vw 00000000
v -31.809860 11.673010 35.272270
#vw 00000000
v -41.978020 11.690670 42.050400
#vw 00000000
v -31.809860 11.673010 35.272270
#vw 00000000
v -42.033160 11.690660 35.463830
#vw 00000000
v -41.978020 11.690670 42.050400
#vw 00000000
v -42.033160 11.690660 35.463830
#vw 00000000
v -52.258250 11.673010 35.443490
#vw 00000000
v -41.978020 11.690670 42.050400
#vw 00000000
v -49.757070 11.567050 43.104470
#vw 00000000
v -52.258250 11.673010 35.443490
#vw 00000000
v -52.875650 11.443440 43.960590
#vw 00000000
v -49.757070 11.567050 43.104470
#vw 00000000
v -52.360900 11.549390 44.274150
#vw 00000000
v -53.952880 11.196210 46.071100
#vw 00000000
v -52.258250 11.673010 35.443490
#vw 00000000
v -54.503220 11.708320 35.179730
#vw 00000000
v -53.952880 11.196210 46.071100
#vw 00000000
v -52.875650 11.443440 43.960590
#vw 00000000
v -52.258250 11.673010 35.443490
#vw 00000000
v -53.952880 11.196210 46.071100
#vw 00000000
v -53.277280 11.637680 46.612900
#vw 00000000
v -52.875650 11.443440 43.960590
#vw 00000000
v -32.635730 14.109950 67.402010
#vw 00000000
v -32.637070 15.858190 63.022440
#vw 00000000
v -32.972270 14.763330 67.281200
#vw 00000000
v -32.635730 14.109950 67.402010
#vw 00000000
v -31.183200 13.050410 59.496000
#vw 00000000
v -32.637070 15.858190 63.022440
#vw 00000000
v -31.183200 13.050410 59.496000
#vw 00000000
v -32.481940 16.264350 60.460490
#vw 00000000
v -32.637070 15.858190 63.022440
#vw 00000000
v -50.560000 14.763330 67.428470
#vw 00000000
v -52.479190 13.050410 59.674310
#vw 00000000
v -50.894470 14.109950 67.554890
#vw 00000000
v -50.560000 14.763330 67.428470
#vw 00000000
v -50.966460 15.858190 63.175910
#vw 00000000
v -52.479190 13.050410 59.674310
#vw 00000000
v -50.966460 15.858190 63.175910
#vw 00000000
v -51.164480 16.264350 60.616920
#vw 00000000
v -52.479190 13.050410 59.674310
#vw 00000000
v -42.027720 14.357180 76.186830
#vw 00000000
v -41.458870 17.376870 63.979280
#vw 00000000
v -42.112230 17.323880 63.984760
#vw 00000000
v -42.027720 14.357180 76.186830
#vw 00000000
v -41.374360 14.321860 76.181360
#vw 00000000
v -41.458870 17.376870 63.979280
#vw 00000000
v -38.050950 17.200270 63.933080
#vw 00000000
v -38.957080 14.321860 75.931550
#vw 00000000
v -38.303580 14.339520 75.943730
#vw 00000000
v -38.050950 17.200270 63.933080
#vw 00000000
v -38.704460 17.253250 63.920900
#vw 00000000
v -38.957080 14.321860 75.931550
#vw 00000000
v -45.084390 14.339520 76.000510
#vw 00000000
v -44.884890 17.253250 63.972650
#vw 00000000
v -45.538100 17.200270 63.995770
#vw 00000000
v -45.084390 14.339520 76.000510
#vw 00000000
v -44.431180 14.321860 75.977380
#vw 00000000
v -44.884890 17.253250 63.972650
#vw 00000000
v -32.972270 14.763330 67.281200
#vw 00000000
v -33.354820 14.304200 72.211440
#vw 00000000
v -32.635730 14.109950 67.402010
#vw 00000000
v -32.972270 14.763330 67.281200
#vw 00000000
v -34.389210 14.745670 71.001590
#vw 00000000
v -33.354820 14.304200 72.211440
#vw 00000000
v -32.972270 14.763330 67.281200
#vw 00000000
v -32.637070 15.858190 63.022440
#vw 00000000
v -34.389210 14.745670 71.001590
#vw 00000000
v -33.896950 16.405610 64.410430
#vw 00000000
v -50.221710 12.626590 63.540520
#vw 00000000
v -49.458360 14.198250 72.452230
#vw 00000000
v -56.583000 10.489850 63.081660
#vw 00000000
v -53.770870 13.174030 82.571980
#vw 00000000
v -49.458360 14.198250 72.452230
#vw 00000000
v -49.391590 13.174030 82.535310
#vw 00000000
v -53.770870 13.174030 82.571980
#vw 00000000
v -52.360900 11.549390 44.274150
#vw 00000000
v -53.277280 11.637680 46.612900
#vw 00000000
v -53.134680 12.167460 46.770640
#vw 00000000
v -52.360900 11.549390 44.274150
#vw 00000000
v -52.875650 11.443440 43.960590
#vw 00000000
v -53.277280 11.637680 46.612900
#vw 00000000
v -52.360900 11.549390 44.274150
#vw 00000000
v -51.961750 15.663930 49.762940
#vw 00000000
v -51.332550 16.264340 48.980650
#vw 00000000
v -52.360900 11.549390 44.274150
#vw 00000000
v -53.134680 12.167460 46.770640
#vw 00000000
v -51.961750 15.663930 49.762940
#vw 00000000
v -51.545990 16.458590 50.907340
#vw 00000000
v -51.332550 16.264340 48.980650
#vw 00000000
v -51.961750 15.663930 49.762940
#vw 00000000
v -50.454520 16.529230 48.390540
#vw 00000000
v -51.332550 16.264340 48.980650
#vw 00000000
v -50.306900 17.518130 49.148660
#vw 00000000
v -50.202040 17.959600 51.125660
#vw 00000000
v -51.332550 16.264340 48.980650
#vw 00000000
v -51.545990 16.458590 50.907340
#vw 00000000
v -50.202040 17.959600 51.125660
#vw 00000000
v -49.534300 17.535790 61.274340
#vw 00000000
v -51.545990 16.458590 50.907340
#vw 00000000
v -51.164480 16.264350 60.616920
#vw 00000000
v -49.534300 17.535790 61.274340
#vw 00000000
v -49.121710 16.688160 64.149410
#vw 00000000
v -51.164480 16.264350 60.616920
#vw 00000000
v -49.683530 16.405610 64.542620
#vw 00000000
v -49.121710 16.688160 64.149410
#vw 00000000
v -51.164480 16.264350 60.616920
#vw 00000000
v -50.966460 15.858190 63.175910
#vw 00000000
v -49.683530 16.405610 64.542620
#vw 00000000
v -49.080970 14.745670 71.124600
#vw 00000000
v -50.966460 15.858190 63.175910
#vw 00000000
v -50.560000 14.763330 67.428470
#vw 00000000
v -49.080970 14.745670 71.124600
#vw 00000000
v -50.094940 14.304200 72.351600
#vw 00000000
v -50.560000 14.763330 67.428470
#vw 00000000
v -50.894470 14.109950 67.554890
#vw 00000000
v -50.094940 14.304200 72.351600
#vw 00000000
v -51.545990 16.458590 50.907340
#vw 00000000
v -51.287290 16.352640 58.604760
#vw 00000000
v -51.164480 16.264350 60.616920
#vw 00000000
v -51.287290 16.352640 58.604760
#vw 00000000
v -52.781090 12.679570 57.363430
#vw 00000000
v -51.164480 16.264350 60.616920
#vw 00000000
v -52.479190 13.050410 59.674310
#vw 00000000
v -50.219380 14.268880 84.908620
#vw 00000000
v -55.051480 13.739110 73.046520
#vw 00000000
v -53.417920 13.456570 84.652850
#vw 00000000
v -50.219380 14.268880 84.908620
#vw 00000000
v -52.404200 14.427810 72.847750
#vw 00000000
v -55.051480 13.739110 73.046520
#vw 00000000
v -55.707310 13.350610 66.429660
#vw 00000000
v -55.707310 13.350610 66.429660
#vw 00000000
v -55.969720 11.372810 58.290780
#vw 00000000
v -56.964500 6.657852 57.592720
#vw 00000000
v -51.042840 3.214357 81.471900
#vw 00000000
v -54.364700 1.625051 77.031840
#vw 00000000
v -52.263360 1.324842 77.014250
#vw 00000000
v -51.042840 3.214357 81.471900
#vw 00000000
v -53.529180 5.033230 84.018040
#vw 00000000
v -54.364700 1.625051 77.031840
#vw 00000000
v -55.988980 3.249673 77.080760
#vw 00000000
v -53.529180 5.033230 84.018040
#vw 00000000
v -54.918580 7.452514 84.700730
#vw 00000000
v -55.988980 3.249673 77.080760
#vw 00000000
v -54.918580 7.452514 84.700730
#vw 00000000
v -55.457950 8.582688 83.557380
#vw 00000000
v -55.988980 3.249673 77.080760
#vw 00000000
v -56.892070 5.686612 76.788100
#vw 00000000
v -55.457950 8.582688 83.557380
#vw 00000000
v -54.852230 11.849600 84.188050
#vw 00000000
v -56.892070 5.686612 76.788100
#vw 00000000
v -57.518480 9.765841 73.685260
#vw 00000000
v -54.852230 11.849600 84.188050
#vw 00000000
v -53.417920 13.456570 84.652850
#vw 00000000
v -57.518480 9.765841 73.685260
#vw 00000000
v -53.417920 13.456570 84.652850
#vw 00000000
v -55.051480 13.739110 73.046520
#vw 00000000
v -57.518480 9.765841 73.685260
#vw 00000000
v -57.658440 10.737090 69.624730
#vw 00000000
v -55.051480 13.739110 73.046520
#vw 00000000
v -55.707310 13.350610 66.429660
#vw 00000000
v -57.658440 10.737090 69.624730
#vw 00000000
v -57.884610 9.889454 65.812140
#vw 00000000
v -55.707310 13.350610 66.429660
#vw 00000000
v -56.964500 6.657852 57.592720
#vw 00000000
v -57.884610 9.889454 65.812140
#vw 00000000
v -57.765970 6.551900 63.109220
#vw 00000000
v -56.964500 6.657852 57.592720
#vw 00000000
v -55.960930 0.406572 57.231120
#vw 00000000
v -57.765970 6.551900 63.109220
#vw 00000000
v -56.872790 1.819290 62.218770
#vw 00000000
v -55.960930 0.406572 57.231120
#vw 00000000
v -56.395560 0.194667 62.267750
#vw 00000000
v -56.872790 1.819290 62.218770
#vw 00000000
v -55.960930 0.406572 57.231120
#vw 00000000
v -55.599330 -0.529352 58.234700
#vw 00000000
v -56.395560 0.194667 62.267750
#vw 00000000
v -55.960930 0.406572 57.231120
#vw 00000000
v -54.767400 -1.482937 56.355810
#vw 00000000
v -55.599330 -0.529352 58.234700
#vw 00000000
v -55.960930 0.406572 57.231120
#vw 00000000
v -53.972460 -2.048028 45.841690
#vw 00000000
v -54.767400 -1.482937 56.355810
#vw 00000000
v -55.960930 0.406572 57.231120
#vw 00000000
v -54.978980 -0.705948 45.850120
#vw 00000000
v -53.972460 -2.048028 45.841690
#vw 00000000
v -55.960930 0.406572 57.231120
#vw 00000000
v -56.267900 5.086201 45.878570
#vw 00000000
v -54.978980 -0.705948 45.850120
#vw 00000000
v -55.960930 0.406572 57.231120
#vw 00000000
v -56.964500 6.657852 57.592720
#vw 00000000
v -56.267900 5.086201 45.878570
#vw 00000000
v -55.808490 9.094791 45.910040
#vw 00000000
v -56.964500 6.657852 57.592720
#vw 00000000
v -55.969720 11.372810 58.290780
#vw 00000000
v -55.808490 9.094791 45.910040
#vw 00000000
v -54.324970 12.679570 58.577220
#vw 00000000
v -55.969720 11.372810 58.290780
#vw 00000000
v -55.707310 13.350610 66.429660
#vw 00000000
v -54.324970 12.679570 58.577220
#vw 00000000
v -53.501050 14.074640 66.287570
#vw 00000000
v -55.707310 13.350610 66.429660
#vw 00000000
v -52.404200 14.427810 72.847750
#vw 00000000
v -53.501050 14.074640 66.287570
#vw 00000000
v -50.094940 14.304200 72.351600
#vw 00000000
v -52.404200 14.427810 72.847750
#vw 00000000
v -50.219380 14.268880 84.908620
#vw 00000000
v -50.094940 14.304200 72.351600
#vw 00000000
v -50.219380 14.268880 84.908620
#vw 00000000
v -47.077220 13.544860 84.758700
#vw 00000000
v -50.094940 14.304200 72.351600
#vw 00000000
v -47.077220 13.544860 84.758700
#vw 00000000
v -48.309150 14.127610 74.720700
#vw 00000000
v -50.094940 14.304200 72.351600
#vw 00000000
v -49.080970 14.745670 71.124600
#vw 00000000
v -53.529180 5.033230 84.018040
#vw 00000000
v -51.042840 3.214357 81.471900
#vw 00000000
v -50.947960 4.786003 84.367280
#vw 00000000
v -53.952880 11.196210 46.071100
#vw 00000000
v -54.677610 10.701760 45.988870
#vw 00000000
v -54.324970 12.679570 58.577220
#vw 00000000
v -55.808490 9.094791 45.910040
#vw 00000000
v -52.001130 13.827400 66.151390
#vw 00000000
v -50.894470 14.109950 67.554890
#vw 00000000
v -52.479190 13.050410 59.674310
#vw 00000000
v -52.001130 13.827400 66.151390
#vw 00000000
v -50.094940 14.304200 72.351600
#vw 00000000
v -50.894470 14.109950 67.554890
#vw 00000000
v -52.001130 13.827400 66.151390
#vw 00000000
v -53.501050 14.074640 66.287570
#vw 00000000
v -50.094940 14.304200 72.351600
#vw 00000000
v -52.001130 13.827400 66.151390
#vw 00000000
v -54.324970 12.679570 58.577220
#vw 00000000
v -53.501050 14.074640 66.287570
#vw 00000000
v -52.001130 13.827400 66.151390
#vw 00000000
v -53.371420 12.538300 58.569230
#vw 00000000
v -54.324970 12.679570 58.577220
#vw 00000000
v -53.952880 11.196210 46.071100
#vw 00000000
v -53.371420 12.538300 58.569230
#vw 00000000
v -52.781090 12.679570 57.363430
#vw 00000000
v -53.952880 11.196210 46.071100
#vw 00000000
v -53.277280 11.637680 46.612900
#vw 00000000
v -52.479190 13.050410 59.674310
#vw 00000000
v -53.371420 12.538300 58.569230
#vw 00000000
v -52.001130 13.827400 66.151390
#vw 00000000
v -52.479190 13.050410 59.674310
#vw 00000000
v -52.781090 12.679570 57.363430
#vw 00000000
v -53.371420 12.538300 58.569230
#vw 00000000
v -33.887550 13.174030 82.405490
#vw 00000000
v -33.989640 14.198250 72.322720
#vw 00000000
v -29.508270 13.174030 82.368820
#vw 00000000
v -27.058220 10.489850 62.834450
#vw 00000000
v -33.989640 14.198250 72.322720
#vw 00000000
v -33.252010 13.368270 63.398430
#vw 00000000
v -27.058220 10.489850 62.834450
#vw 00000000
v -34.808720 1.536747 56.753800
#vw 00000000
v -27.296350 -1.412300 61.812190
#vw 00000000
v -27.296790 -0.264470 61.759200
#vw 00000000
v -34.808720 1.536747 56.753800
#vw 00000000
v -34.002500 0.936341 56.023010
#vw 00000000
v -27.296350 -1.412300 61.812190
#vw 00000000
v -27.307440 -1.906753 60.487810
#vw 00000000
v -34.002500 0.936341 56.023010
#vw 00000000
v -33.808550 2.048862 55.986060
#vw 00000000
v -27.307440 -1.906753 60.487810
#vw 00000000
v -27.307880 -0.741263 60.434830
#vw 00000000
v -33.808550 2.048862 55.986060
#vw 00000000
v -34.614780 2.666922 56.716860
#vw 00000000
v -27.307880 -0.741263 60.434830
#vw 00000000
v -27.296790 -0.264470 61.759200
#vw 00000000
v -34.614780 2.666922 56.716860
#vw 00000000
v -34.808720 1.536747 56.753800
#vw 00000000
v -27.296790 -0.264470 61.759200
#vw 00000000
v -33.582980 1.307181 55.507370
#vw 00000000
v -27.313500 -1.906754 59.763810
#vw 00000000
v -27.313950 -0.758918 59.710840
#vw 00000000
v -33.582980 1.307181 55.507370
#vw 00000000
v -32.776760 0.706775 54.776570
#vw 00000000
v -27.313500 -1.906754 59.763810
#vw 00000000
v -27.324740 -2.401207 58.421790
#vw 00000000
v -32.776760 0.706775 54.776570
#vw 00000000
v -32.565160 1.819289 54.739480
#vw 00000000
v -27.324740 -2.401207 58.421790
#vw 00000000
v -27.325180 -1.235710 58.368800
#vw 00000000
v -32.565160 1.819289 54.739480
#vw 00000000
v -33.388890 2.419695 55.488080
#vw 00000000
v -27.325180 -1.235710 58.368800
#vw 00000000
v -27.313950 -0.758918 59.710840
#vw 00000000
v -33.388890 2.419695 55.488080
#vw 00000000
v -33.582980 1.307181 55.507370
#vw 00000000
v -27.313950 -0.758918 59.710840
#vw 00000000
v -36.138280 17.217930 85.673710
#vw 00000000
v -31.354480 17.977270 85.439400
#vw 00000000
v -36.141820 17.394530 85.249910
#vw 00000000
v -36.138280 17.217930 85.673710
#vw 00000000
v -31.350930 17.783020 85.863200
#vw 00000000
v -31.354480 17.977270 85.439400
#vw 00000000
v -32.481940 16.264350 60.460490
#vw 00000000
v -30.920030 12.679570 57.180390
#vw 00000000
v -32.392840 16.352640 58.446550
#vw 00000000
v -32.481940 16.264350 60.460490
#vw 00000000
v -31.183200 13.050410 59.496000
#vw 00000000
v -30.920030 12.679570 57.180390
#vw 00000000
v -27.626030 5.086201 45.638750
#vw 00000000
v -26.733370 6.657852 57.339590
#vw 00000000
v -27.742860 0.406572 56.994850
#vw 00000000
v -27.626030 5.086201 45.638750
#vw 00000000
v -28.084850 9.094791 45.677910
#vw 00000000
v -26.733370 6.657852 57.339590
#vw 00000000
v -27.742860 0.406572 56.994850
#vw 00000000
v -28.915240 -0.705948 45.631890
#vw 00000000
v -27.626030 5.086201 45.638750
#vw 00000000
v -27.742860 0.406572 56.994850
#vw 00000000
v -29.921760 -2.048028 45.640310
#vw 00000000
v -28.915240 -0.705948 45.631890
#vw 00000000
v -27.742860 0.406572 56.994850
#vw 00000000
v -28.950870 -1.482937 56.139650
#vw 00000000
v -29.921760 -2.048028 45.640310
#vw 00000000
v -27.742860 0.406572 56.994850
#vw 00000000
v -28.087600 -0.529352 58.004340
#vw 00000000
v -28.950870 -1.482937 56.139650
#vw 00000000
v -27.742860 0.406572 56.994850
#vw 00000000
v -26.747610 1.819290 61.966530
#vw 00000000
v -28.087600 -0.529352 58.004340
#vw 00000000
v -27.742860 0.406572 56.994850
#vw 00000000
v -26.733370 6.657852 57.339590
#vw 00000000
v -26.747610 1.819290 61.966530
#vw 00000000
v -25.839640 6.551900 62.841900
#vw 00000000
v -26.733370 6.657852 57.339590
#vw 00000000
v -25.675750 9.889454 65.542450
#vw 00000000
v -25.839640 6.551900 62.841900
#vw 00000000
v -26.733370 6.657852 57.339590
#vw 00000000
v -27.716330 11.372810 58.054210
#vw 00000000
v -25.675750 9.889454 65.542450
#vw 00000000
v -26.733370 6.657852 57.339590
#vw 00000000
v -28.084850 9.094791 45.677910
#vw 00000000
v -27.716330 11.372810 58.054210
#vw 00000000
v -28.084850 9.094791 45.677910
#vw 00000000
v -29.214240 10.701760 45.775660
#vw 00000000
v -27.716330 11.372810 58.054210
#vw 00000000
v -29.356040 12.679570 58.368150
#vw 00000000
v -29.214240 10.701760 45.775660
#vw 00000000
v -30.309590 12.538300 58.376130
#vw 00000000
v -29.356040 12.679570 58.368150
#vw 00000000
v -30.050740 14.074640 66.091210
#vw 00000000
v -30.309590 12.538300 58.376130
#vw 00000000
v -31.552730 13.827400 65.980170
#vw 00000000
v -30.050740 14.074640 66.091210
#vw 00000000
v -33.354820 14.304200 72.211440
#vw 00000000
v -31.552730 13.827400 65.980170
#vw 00000000
v -32.635730 14.109950 67.402010
#vw 00000000
v -33.354820 14.304200 72.211440
#vw 00000000
v -31.552730 13.827400 65.980170
#vw 00000000
v -31.183200 13.050410 59.496000
#vw 00000000
v -32.635730 14.109950 67.402010
#vw 00000000
v -31.552730 13.827400 65.980170
#vw 00000000
v -30.309590 12.538300 58.376130
#vw 00000000
v -31.183200 13.050410 59.496000
#vw 00000000
v -30.920030 12.679570 57.180390
#vw 00000000
v -30.309590 12.538300 58.376130
#vw 00000000
v -29.937500 11.196210 45.870020
#vw 00000000
v -30.920030 12.679570 57.180390
#vw 00000000
v -30.603940 11.637680 46.423050
#vw 00000000
v -29.214240 10.701760 45.775660
#vw 00000000
v -29.937500 11.196210 45.870020
#vw 00000000
v -30.309590 12.538300 58.376130
#vw 00000000
v -26.747610 1.819290 61.966530
#vw 00000000
v -27.223950 0.194667 62.023490
#vw 00000000
v -28.087600 -0.529352 58.004340
#vw 00000000
v -32.254340 3.214357 81.314580
#vw 00000000
v -29.725710 5.033230 83.818730
#vw 00000000
v -32.300720 4.786003 84.211140
#vw 00000000
v -32.254340 3.214357 81.314580
#vw 00000000
v -29.443410 3.620513 81.679560
#vw 00000000
v -29.725710 5.033230 83.818730
#vw 00000000
v -28.289760 7.452514 84.477770
#vw 00000000
v -29.443410 3.620513 81.679560
#vw 00000000
v -27.865310 6.057451 82.443370
#vw 00000000
v -28.289760 7.452514 84.477770
#vw 00000000
v -29.443410 3.620513 81.679560
#vw 00000000
v -27.382430 3.249673 76.841220
#vw 00000000
v -27.865310 6.057451 82.443370
#vw 00000000
v -27.804940 8.582688 83.325840
#vw 00000000
v -27.382430 3.249673 76.841220
#vw 00000000
v -26.484370 5.686612 76.533490
#vw 00000000
v -27.804940 8.582688 83.325840
#vw 00000000
v -26.484370 5.686612 76.533490
#vw 00000000
v -25.910000 9.765841 73.420590
#vw 00000000
v -27.804940 8.582688 83.325840
#vw 00000000
v -28.400000 11.849600 83.966570
#vw 00000000
v -25.910000 9.765841 73.420590
#vw 00000000
v -29.826330 13.456570 84.455320
#vw 00000000
v -28.400000 11.849600 83.966570
#vw 00000000
v -25.910000 9.765841 73.420590
#vw 00000000
v -28.387340 13.739110 72.823250
#vw 00000000
v -29.826330 13.456570 84.455320
#vw 00000000
v -25.910000 9.765841 73.420590
#vw 00000000
v -25.838060 10.737090 69.358280
#vw 00000000
v -28.387340 13.739110 72.823250
#vw 00000000
v -27.842410 13.350610 66.196340
#vw 00000000
v -25.838060 10.737090 69.358280
#vw 00000000
v -25.675750 9.889454 65.542450
#vw 00000000
v -27.842410 13.350610 66.196340
#vw 00000000
v -25.675750 9.889454 65.542450
#vw 00000000
v -27.716330 11.372810 58.054210
#vw 00000000
v -27.842410 13.350610 66.196340
#vw 00000000
v -27.716330 11.372810 58.054210
#vw 00000000
v -29.356040 12.679570 58.368150
#vw 00000000
v -27.842410 13.350610 66.196340
#vw 00000000
v -29.356040 12.679570 58.368150
#vw 00000000
v -30.050740 14.074640 66.091210
#vw 00000000
v -27.842410 13.350610 66.196340
#vw 00000000
v -31.037580 14.427810 72.668850
#vw 00000000
v -30.050740 14.074640 66.091210
#vw 00000000
v -33.354820 14.304200 72.211440
#vw 00000000
v -31.037580 14.427810 72.668850
#vw 00000000
v -33.020140 14.268880 84.764620
#vw 00000000
v -33.354820 14.304200 72.211440
#vw 00000000
v -36.164360 13.544860 84.667330
#vw 00000000
v -33.020140 14.268880 84.764620
#vw 00000000
v -33.354820 14.304200 72.211440
#vw 00000000
v -35.100700 14.127610 74.610110
#vw 00000000
v -36.164360 13.544860 84.667330
#vw 00000000
v -33.354820 14.304200 72.211440
#vw 00000000
v -34.389210 14.745670 71.001590
#vw 00000000
v -35.100700 14.127610 74.610110
#vw 00000000
v -27.865310 6.057451 82.443370
#vw 00000000
v -27.804940 8.582688 83.325840
#vw 00000000
v -28.289760 7.452514 84.477770
#vw 00000000
v -29.826330 13.456570 84.455320
#vw 00000000
v -28.387340 13.739110 72.823250
#vw 00000000
v -33.020140 14.268880 84.764620
#vw 00000000
v -31.037580 14.427810 72.668850
#vw 00000000
v -28.387340 13.739110 72.823250
#vw 00000000
v -27.842410 13.350610 66.196340
#vw 00000000
v -31.037580 14.427810 72.668850
#vw 00000000
v -29.443410 3.620513 81.679560
#vw 00000000
v -29.007300 1.625051 76.819520
#vw 00000000
v -27.382430 3.249673 76.841220
#vw 00000000
v -29.443410 3.620513 81.679560
#vw 00000000
v -32.254340 3.214357 81.314580
#vw 00000000
v -29.007300 1.625051 76.819520
#vw 00000000
v -32.254340 3.214357 81.314580
#vw 00000000
v -31.108640 1.324842 76.837120
#vw 00000000
v -29.007300 1.625051 76.819520
#vw 00000000
v -45.700580 2.825851 29.825810
#vw 00000000
v -45.505320 3.726460 44.711220
#vw 00000000
v -46.316440 4.856635 40.638640
#vw 00000000
v -30.743870 12.167460 46.583150
#vw 00000000
v -30.920030 12.679570 57.180390
#vw 00000000
v -30.603940 11.637680 46.423050
#vw 00000000
v -30.743870 12.167460 46.583150
#vw 00000000
v -31.866530 15.663930 49.594680
#vw 00000000
v -30.920030 12.679570 57.180390
#vw 00000000
v -31.866530 15.663930 49.594680
#vw 00000000
v -32.263070 16.458590 50.745880
#vw 00000000
v -30.920030 12.679570 57.180390
#vw 00000000
v -32.263070 16.458590 50.745880
#vw 00000000
v -32.392840 16.352640 58.446550
#vw 00000000
v -30.920030 12.679570 57.180390
#vw 00000000
v -55.685700 1.554408 43.701560
#vw 00000000
v -46.316440 4.856635 40.638640
#vw 00000000
v -45.505320 3.726460 44.711220
#vw 00000000
v -55.685700 1.554408 43.701560
#vw 00000000
v -56.503980 4.980247 40.882880
#vw 00000000
v -46.316440 4.856635 40.638640
#vw 00000000
v -38.461990 2.825851 29.606260
#vw 00000000
v -45.505320 3.726460 44.711220
#vw 00000000
v -45.700580 2.825851 29.825810
#vw 00000000
v -38.461990 2.825851 29.606260
#vw 00000000
v -38.406650 3.726460 44.651790
#vw 00000000
v -45.505320 3.726460 44.711220
#vw 00000000
v -38.406650 3.726460 44.651790
#vw 00000000
v -45.840820 3.496894 59.477460
#vw 00000000
v -45.505320 3.726460 44.711220
#vw 00000000
v -55.685700 1.554408 43.701560
#vw 00000000
v -45.840820 3.496894 59.477460
#vw 00000000
v -56.809930 4.061984 59.180790
#vw 00000000
v -55.685700 1.554408 43.701560
#vw 00000000
v -46.407770 4.468145 82.457340
#vw 00000000
v -36.956240 5.510023 72.347560
#vw 00000000
v -36.872260 4.468145 82.377500
#vw 00000000
v -46.407770 4.468145 82.457340
#vw 00000000
v -46.491760 5.510023 72.427410
#vw 00000000
v -36.956240 5.510023 72.347560
#vw 00000000
v -37.823930 3.496894 59.410330
#vw 00000000
v -46.491760 5.510023 72.427410
#vw 00000000
v -45.840820 3.496894 59.477460
#vw 00000000
v -37.823930 3.496894 59.410330
#vw 00000000
v -45.840820 3.496894 59.477460
#vw 00000000
v -38.406650 3.726460 44.651790
#vw 00000000
v -37.823930 3.496894 59.410330
#vw 00000000
v -28.244600 1.554408 43.471800
#vw 00000000
v -38.406650 3.726460 44.651790
#vw 00000000
v -37.663830 4.856635 40.566190
#vw 00000000
v -28.244600 1.554408 43.471800
#vw 00000000
v -27.455970 4.980247 40.639660
#vw 00000000
v -28.244600 1.554408 43.471800
#vw 00000000
v -26.861340 4.061984 58.930020
#vw 00000000
v -37.823930 3.496894 59.410330
#vw 00000000
v -47.050400 14.780990 71.089950
#vw 00000000
v -41.794230 17.023690 63.999740
#vw 00000000
v -49.121710 16.688160 64.149410
#vw 00000000
v -47.050400 14.780990 71.089950
#vw 00000000
v -41.734790 14.957580 71.098410
#vw 00000000
v -41.794230 17.023690 63.999740
#vw 00000000
v -41.734790 14.957580 71.098410
#vw 00000000
v -36.420070 14.780990 71.000940
#vw 00000000
v -41.794230 17.023690 63.999740
#vw 00000000
v -34.465270 16.688160 64.026690
#vw 00000000
v -49.683530 16.405610 64.542620
#vw 00000000
v -49.080970 14.745670 71.124600
#vw 00000000
v -49.121710 16.688160 64.149410
#vw 00000000
v -47.050400 14.780990 71.089950
#vw 00000000
v -49.080970 14.745670 71.124600
#vw 00000000
v -48.309150 14.127610 74.720700
#vw 00000000
v -47.050400 14.780990 71.089950
#vw 00000000
v -48.309150 14.127610 74.720700
#vw 00000000
v -46.095200 14.109950 75.496840
#vw 00000000
v -47.050400 14.780990 71.089950
#vw 00000000
v -41.734790 14.957580 71.098410
#vw 00000000
v -46.095200 14.109950 75.496840
#vw 00000000
v -41.693240 14.074640 76.060420
#vw 00000000
v -41.734790 14.957580 71.098410
#vw 00000000
v -41.693240 14.074640 76.060420
#vw 00000000
v -37.301340 14.109950 75.423210
#vw 00000000
v -41.734790 14.957580 71.098410
#vw 00000000
v -36.420070 14.780990 71.000940
#vw 00000000
v -37.301340 14.109950 75.423210
#vw 00000000
v -35.100700 14.127610 74.610110
#vw 00000000
v -36.420070 14.780990 71.000940
#vw 00000000
v -35.100700 14.127610 74.610110
#vw 00000000
v -34.389210 14.745670 71.001590
#vw 00000000
v -36.420070 14.780990 71.000940
#vw 00000000
v -34.465270 16.688160 64.026690
#vw 00000000
v -34.389210 14.745670 71.001590
#vw 00000000
v -33.896950 16.405610 64.410430
#vw 00000000
v -34.465270 16.688160 64.026690
#vw 00000000
v -33.252010 13.368270 63.398430
#vw 00000000
v -37.823930 3.496894 59.410330
#vw 00000000
v -27.058220 10.489850 62.834450
#vw 00000000
v -26.548870 7.823347 60.393160
#vw 00000000
v -37.823930 3.496894 59.410330
#vw 00000000
v -26.861340 4.061984 58.930020
#vw 00000000
v -26.548870 7.823347 60.393160
#vw 00000000
v -54.592090 11.973210 83.620770
#vw 00000000
v -54.142790 15.416710 84.552970
#vw 00000000
v -54.595640 12.167460 83.196960
#vw 00000000
v -54.592090 11.973210 83.620770
#vw 00000000
v -54.192070 15.222470 84.994870
#vw 00000000
v -54.142790 15.416710 84.552970
#vw 00000000
v -51.873500 17.977270 85.611210
#vw 00000000
v -54.192070 15.222470 84.994870
#vw 00000000
v -51.869960 17.783020 86.035000
#vw 00000000
v -51.873500 17.977270 85.611210
#vw 00000000
v -53.972460 -2.048028 45.841690
#vw 00000000
v -55.499170 -0.758924 38.561060
#vw 00000000
v -54.456730 -2.171641 38.622970
#vw 00000000
v -53.972460 -2.048028 45.841690
#vw 00000000
v -54.978980 -0.705948 45.850120
#vw 00000000
v -55.499170 -0.758924 38.561060
#vw 00000000
v -56.880960 4.556431 38.042840
#vw 00000000
v -54.978980 -0.705948 45.850120
#vw 00000000
v -56.267900 5.086201 45.878570
#vw 00000000
v -56.880960 4.556431 38.042840
#vw 00000000
v -57.093090 8.512046 35.907800
#vw 00000000
v -56.267900 5.086201 45.878570
#vw 00000000
v -55.808490 9.094791 45.910040
#vw 00000000
v -57.093090 8.512046 35.907800
#vw 00000000
v -55.808490 9.094791 45.910040
#vw 00000000
v -54.677610 10.701760 45.988870
#vw 00000000
v -57.093090 8.512046 35.907800
#vw 00000000
v -56.988850 9.712852 33.593520
#vw 00000000
v -54.677610 10.701760 45.988870
#vw 00000000
v -55.708720 11.001960 34.624720
#vw 00000000
v -56.988850 9.712852 33.593520
#vw 00000000
v -54.677610 10.701760 45.988870
#vw 00000000
v -53.952880 11.196210 46.071100
#vw 00000000
v -55.708720 11.001960 34.624720
#vw 00000000
v -54.503220 11.708320 35.179730
#vw 00000000
v -36.872260 4.468145 82.377500
#vw 00000000
v -36.956240 5.510023 72.347560
#vw 00000000
v -33.887550 13.174030 82.405490
#vw 00000000
v -33.989640 14.198250 72.322720
#vw 00000000
v -36.956240 5.510023 72.347560
#vw 00000000
v -33.252010 13.368270 63.398430
#vw 00000000
v -33.989640 14.198250 72.322720
#vw 00000000
v -36.956240 5.510023 72.347560
#vw 00000000
v -37.823930 3.496894 59.410330
#vw 00000000
v -33.252010 13.368270 63.398430
#vw 00000000
v -29.826330 13.456570 84.455320
#vw 00000000
v -27.804940 8.582688 83.325840
#vw 00000000
v -28.400000 11.849600 83.966570
#vw 00000000
v -29.826330 13.456570 84.455320
#vw 00000000
v -33.020140 14.268880 84.764620
#vw 00000000
v -27.804940 8.582688 83.325840
#vw 00000000
v -33.020140 14.268880 84.764620
#vw 00000000
v -36.164360 13.544860 84.667330
#vw 00000000
v -27.804940 8.582688 83.325840
#vw 00000000
v -41.630850 8.476736 83.512240
#vw 00000000
v -36.164360 13.544860 84.667330
#vw 00000000
v -41.621390 13.544860 84.642390
#vw 00000000
v -41.630850 8.476736 83.512240
#vw 00000000
v -41.621390 13.544860 84.642390
#vw 00000000
v -47.077220 13.544860 84.758700
#vw 00000000
v -41.630850 8.476736 83.512240
#vw 00000000
v -55.457950 8.582688 83.557380
#vw 00000000
v -47.077220 13.544860 84.758700
#vw 00000000
v -50.219380 14.268880 84.908620
#vw 00000000
v -55.457950 8.582688 83.557380
#vw 00000000
v -50.219380 14.268880 84.908620
#vw 00000000
v -53.417920 13.456570 84.652850
#vw 00000000
v -55.457950 8.582688 83.557380
#vw 00000000
v -54.852230 11.849600 84.188050
#vw 00000000
v -51.961750 15.663930 49.762940
#vw 00000000
v -53.134680 12.167460 46.770640
#vw 00000000
v -53.277280 11.637680 46.612900
#vw 00000000
v -52.781090 12.679570 57.363430
#vw 00000000
v -51.287290 16.352640 58.604760
#vw 00000000
v -53.277280 11.637680 46.612900
#vw 00000000
v -51.961750 15.663930 49.762940
#vw 00000000
v -51.287290 16.352640 58.604760
#vw 00000000
v -51.545990 16.458590 50.907340
#vw 00000000
v -51.961750 15.663930 49.762940
#vw 00000000
v -32.300720 4.786003 84.211140
#vw 00000000
v -41.624200 4.786003 84.306870
#vw 00000000
v -32.254340 3.214357 81.314580
#vw 00000000
v -41.647410 3.020107 81.534510
#vw 00000000
v -41.624200 4.786003 84.306870
#vw 00000000
v -51.042840 3.214357 81.471900
#vw 00000000
v -41.647410 3.020107 81.534510
#vw 00000000
v -41.624200 4.786003 84.306870
#vw 00000000
v -50.947960 4.786003 84.367280
#vw 00000000
v -51.042840 3.214357 81.471900
#vw 00000000
v -29.558440 -2.171641 38.414490
#vw 00000000
v -28.915240 -0.705948 45.631890
#vw 00000000
v -29.921760 -2.048028 45.640310
#vw 00000000
v -29.558440 -2.171641 38.414490
#vw 00000000
v -28.517190 -0.758924 38.335130
#vw 00000000
v -28.915240 -0.705948 45.631890
#vw 00000000
v -27.626030 5.086201 45.638750
#vw 00000000
v -28.517190 -0.758924 38.335130
#vw 00000000
v -27.144710 4.591747 37.740870
#vw 00000000
v -27.626030 5.086201 45.638750
#vw 00000000
v -28.084850 9.094791 45.677910
#vw 00000000
v -27.144710 4.591747 37.740870
#vw 00000000
v -26.967910 8.512046 35.655560
#vw 00000000
v -28.084850 9.094791 45.677910
#vw 00000000
v -29.214240 10.701760 45.775660
#vw 00000000
v -26.967910 8.512046 35.655560
#vw 00000000
v -27.110900 9.712852 33.343350
#vw 00000000
v -29.214240 10.701760 45.775660
#vw 00000000
v -27.110900 9.712852 33.343350
#vw 00000000
v -28.373570 11.001960 34.395840
#vw 00000000
v -29.214240 10.701760 45.775660
#vw 00000000
v -28.373570 11.001960 34.395840
#vw 00000000
v -29.569610 11.708320 34.970960
#vw 00000000
v -29.214240 10.701760 45.775660
#vw 00000000
v -29.937500 11.196210 45.870020
#vw 00000000
v -32.263070 16.458590 50.745880
#vw 00000000
v -31.866530 15.663930 49.594680
#vw 00000000
v -32.508740 16.264340 48.823040
#vw 00000000
v -31.559350 11.549390 44.099980
#vw 00000000
v -31.866530 15.663930 49.594680
#vw 00000000
v -30.743870 12.167460 46.583150
#vw 00000000
v -31.559350 11.549390 44.099980
#vw 00000000
v -30.743870 12.167460 46.583150
#vw 00000000
v -30.603940 11.637680 46.423050
#vw 00000000
v -31.559350 11.549390 44.099980
#vw 00000000
v -31.049920 11.443440 43.777840
#vw 00000000
v -56.809930 4.061984 59.180790
#vw 00000000
v -45.840820 3.496894 59.477460
#vw 00000000
v -57.097840 7.823347 60.648950
#vw 00000000
v -56.583000 10.489850 63.081660
#vw 00000000
v -45.840820 3.496894 59.477460
#vw 00000000
v -50.221710 12.626590 63.540520
#vw 00000000
v -56.583000 10.489850 63.081660
#vw 00000000
v -33.531440 17.518130 49.008200
#vw 00000000
v -32.508740 16.264340 48.823040
#vw 00000000
v -33.396530 16.529230 48.247710
#vw 00000000
v -33.531440 17.518130 49.008200
#vw 00000000
v -33.603180 17.959600 50.986680
#vw 00000000
v -32.508740 16.264340 48.823040
#vw 00000000
v -32.263070 16.458590 50.745880
#vw 00000000
v -33.603180 17.959600 50.986680
#vw 00000000
v -32.392840 16.352640 58.446550
#vw 00000000
v -32.263070 16.458590 50.745880
#vw 00000000
v -33.603180 17.959600 50.986680
#vw 00000000
v -32.481940 16.264350 60.460490
#vw 00000000
v -32.392840 16.352640 58.446550
#vw 00000000
v -33.603180 17.959600 50.986680
#vw 00000000
v -34.100880 17.535790 61.145110
#vw 00000000
v -32.481940 16.264350 60.460490
#vw 00000000
v -34.100880 17.535790 61.145110
#vw 00000000
v -34.465270 16.688160 64.026690
#vw 00000000
v -32.481940 16.264350 60.460490
#vw 00000000
v -34.465270 16.688160 64.026690
#vw 00000000
v -33.896950 16.405610 64.410430
#vw 00000000
v -32.481940 16.264350 60.460490
#vw 00000000
v -32.637070 15.858190 63.022440
#vw 00000000
v -31.350930 17.783020 85.863200
#vw 00000000
v -29.046560 15.222470 84.784320
#vw 00000000
v -31.354480 17.977270 85.439400
#vw 00000000
v -29.103230 15.416710 84.343310
#vw 00000000
v -29.046560 15.222470 84.784320
#vw 00000000
v -28.669610 11.973210 83.403710
#vw 00000000
v -29.103230 15.416710 84.343310
#vw 00000000
v -28.669610 11.973210 83.403710
#vw 00000000
v -28.673150 12.167460 82.979920
#vw 00000000
v -29.103230 15.416710 84.343310
#vw 00000000
v -41.903350 18.560010 50.967870
#vw 00000000
v -33.531440 17.518130 49.008200
#vw 00000000
v -41.927590 18.100870 48.071910
#vw 00000000
v -41.903350 18.560010 50.967870
#vw 00000000
v -33.603180 17.959600 50.986680
#vw 00000000
v -33.531440 17.518130 49.008200
#vw 00000000
v -41.903350 18.560010 50.967870
#vw 00000000
v -34.100880 17.535790 61.145110
#vw 00000000
v -33.603180 17.959600 50.986680
#vw 00000000
v -41.903350 18.560010 50.967870
#vw 00000000
v -41.816700 17.888970 61.315680
#vw 00000000
v -34.100880 17.535790 61.145110
#vw 00000000
v -34.465270 16.688160 64.026690
#vw 00000000
v -41.816700 17.888970 61.315680
#vw 00000000
v -41.794230 17.023690 63.999740
#vw 00000000
v -34.465270 16.688160 64.026690
#vw 00000000
v -41.816700 17.888970 61.315680
#vw 00000000
v -49.121710 16.688160 64.149410
#vw 00000000
v -41.794230 17.023690 63.999740
#vw 00000000
v -41.816700 17.888970 61.315680
#vw 00000000
v -49.534300 17.535790 61.274340
#vw 00000000
v -49.121710 16.688160 64.149410
#vw 00000000
v -41.816700 17.888970 61.315680
#vw 00000000
v -50.202040 17.959600 51.125660
#vw 00000000
v -49.534300 17.535790 61.274340
#vw 00000000
v -41.816700 17.888970 61.315680
#vw 00000000
v -41.903350 18.560010 50.967870
#vw 00000000
v -50.202040 17.959600 51.125660
#vw 00000000
v -41.903350 18.560010 50.967870
#vw 00000000
v -41.927590 18.100870 48.071910
#vw 00000000
v -50.202040 17.959600 51.125660
#vw 00000000
v -50.306900 17.518130 49.148660
#vw 00000000
v -41.927590 18.100870 48.071910
#vw 00000000
v -50.454520 16.529230 48.390540
#vw 00000000
v -50.306900 17.518130 49.148660
#vw 00000000
v -41.927590 18.100870 48.071910
#vw 00000000
v -41.935580 17.217930 47.118350
#vw 00000000
v -50.454520 16.529230 48.390540
#vw 00000000
v -41.927590 18.100870 48.071910
#vw 00000000
v -33.531440 17.518130 49.008200
#vw 00000000
v -41.935580 17.217930 47.118350
#vw 00000000
v -33.396530 16.529230 48.247710
#vw 00000000
v -45.840820 3.496894 59.477460
#vw 00000000
v -46.491760 5.510023 72.427410
#vw 00000000
v -50.221710 12.626590 63.540520
#vw 00000000
v -49.458360 14.198250 72.452230
#vw 00000000
v -46.491760 5.510023 72.427410
#vw 00000000
v -49.391590 13.174030 82.535310
#vw 00000000
v -49.458360 14.198250 72.452230
#vw 00000000
v -46.491760 5.510023 72.427410
#vw 00000000
v -46.407770 4.468145 82.457340
#vw 00000000
v -49.391590 13.174030 82.535310
#vw 00000000
v -53.529180 5.033230 84.018040
#vw 00000000
v -50.947960 4.786003 84.367280
#vw 00000000
v -54.918580 7.452514 84.700730
#vw 00000000
v -50.947960 4.786003 84.367280
#vw 00000000
v -41.624200 4.786003 84.306870
#vw 00000000
v -54.918580 7.452514 84.700730
#vw 00000000
v -41.621680 7.381877 84.607060
#vw 00000000
v -41.624200 4.786003 84.306870
#vw 00000000
v -28.289760 7.452514 84.477770
#vw 00000000
v -41.621680 7.381877 84.607060
#vw 00000000
v -41.624200 4.786003 84.306870
#vw 00000000
v -32.300720 4.786003 84.211140
#vw 00000000
v -28.289760 7.452514 84.477770
#vw 00000000
v -29.725710 5.033230 83.818730
#vw 00000000
v -37.301340 14.109950 75.423210
#vw 00000000
v -41.693240 14.074640 76.060420
#vw 00000000
v -35.100700 14.127610 74.610110
#vw 00000000
v -36.164360 13.544860 84.667330
#vw 00000000
v -41.693240 14.074640 76.060420
#vw 00000000
v -41.621390 13.544860 84.642390
#vw 00000000
v -36.164360 13.544860 84.667330
#vw 00000000
v -41.693240 14.074640 76.060420
#vw 00000000
v -47.077220 13.544860 84.758700
#vw 00000000
v -41.621390 13.544860 84.642390
#vw 00000000
v -41.693240 14.074640 76.060420
#vw 00000000
v -48.309150 14.127610 74.720700
#vw 00000000
v -47.077220 13.544860 84.758700
#vw 00000000
v -41.693240 14.074640 76.060420
#vw 00000000
v -46.095200 14.109950 75.496840
#vw 00000000
v -48.309150 14.127610 74.720700
#vw 00000000
v -48.900090 1.536747 56.871790
#vw 00000000
v -49.094620 2.666922 56.838100
#vw 00000000
v -56.329070 -0.441060 61.772730
#vw 00000000
v -56.340310 -0.935507 60.430690
#vw 00000000
v -49.094620 2.666922 56.838100
#vw 00000000
v -49.912980 2.048862 56.120910
#vw 00000000
v -56.340310 -0.935507 60.430690
#vw 00000000
v -56.339870 -2.083343 60.483660
#vw 00000000
v -49.912980 2.048862 56.120910
#vw 00000000
v -49.718440 0.936341 56.154600
#vw 00000000
v -56.339870 -2.083343 60.483660
#vw 00000000
v -56.328630 -1.606550 61.825700
#vw 00000000
v -49.718440 0.936341 56.154600
#vw 00000000
v -48.900090 1.536747 56.871790
#vw 00000000
v -56.328630 -1.606550 61.825700
#vw 00000000
v -56.329070 -0.441060 61.772730
#vw 00000000
v -50.146530 1.307181 55.646060
#vw 00000000
v -50.340920 2.419695 55.630020
#vw 00000000
v -56.346370 -0.917853 59.706700
#vw 00000000
v -56.357460 -1.394645 58.382320
#vw 00000000
v -50.340920 2.419695 55.630020
#vw 00000000
v -51.177070 1.819289 54.895320
#vw 00000000
v -56.357460 -1.394645 58.382320
#vw 00000000
v -56.357020 -2.560136 58.435300
#vw 00000000
v -51.177070 1.819289 54.895320
#vw 00000000
v -50.964880 0.706775 54.928870
#vw 00000000
v -56.357020 -2.560136 58.435300
#vw 00000000
v -56.345920 -2.083343 59.759670
#vw 00000000
v -50.964880 0.706775 54.928870
#vw 00000000
v -50.146530 1.307181 55.646060
#vw 00000000
v -56.345920 -2.083343 59.759670
#vw 00000000
v -56.346370 -0.917853 59.706700
#vw 00000000
v -51.869960 17.783020 86.035000
#vw 00000000
v -47.086460 17.217930 85.765370
#vw 00000000
v -51.873500 17.977270 85.611210
#vw 00000000
v -47.090000 17.394530 85.341570
#vw 00000000
v -47.086460 17.217930 85.765370
#vw 00000000
v -36.138280 17.217930 85.673710
#vw 00000000
v -47.090000 17.394530 85.341570
#vw 00000000
v -36.141820 17.394530 85.249910
#vw 00000000
v -32.508740 16.264340 48.823040
#vw 00000000
v -31.559350 11.549390 44.099980
#vw 00000000
v -34.182400 11.567050 42.974060
#vw 00000000
v -50.797480 16.811780 49.611920
#vw 00000000
v -50.392670 16.953040 49.449590
#vw 00000000
v -51.332550 16.264340 48.980650
#vw 00000000
v -52.360900 11.549390 44.274150
#vw 00000000
v -50.392670 16.953040 49.449590
#vw 00000000
v -49.757070 11.567050 43.104470
#vw 00000000
v -52.360900 11.549390 44.274150
#vw 00000000
v -50.392670 16.953040 49.449590
#vw 00000000
v -48.472490 17.288560 48.886070
#vw 00000000
v -49.757070 11.567050 43.104470
#vw 00000000
v -48.472490 17.288560 48.886070
#vw 00000000
v -41.926410 17.641740 48.213170
#vw 00000000
v -49.757070 11.567050 43.104470
#vw 00000000
v -41.978020 11.690670 42.050400
#vw 00000000
v -41.926410 17.641740 48.213170
#vw 00000000
v -34.182400 11.567050 42.974060
#vw 00000000
v -41.978020 11.690670 42.050400
#vw 00000000
v -41.926410 17.641740 48.213170
#vw 00000000
v -35.369980 17.288560 48.776360
#vw 00000000
v -34.182400 11.567050 42.974060
#vw 00000000
v -35.369980 17.288560 48.776360
#vw 00000000
v -33.440640 16.953040 49.307650
#vw 00000000
v -34.182400 11.567050 42.974060
#vw 00000000
v -32.508740 16.264340 48.823040
#vw 00000000
v -33.440640 16.953040 49.307650
#vw 00000000
v -33.033160 16.811780 49.463180
#vw 00000000
v -32.508740 16.264340 48.823040
#vw 00000000
v -51.098270 15.840530 64.307230
#vw 00000000
v -51.457200 15.293100 63.621510
#vw 00000000
v -50.648300 15.116510 67.429210
#vw 00000000
v -51.457200 15.293100 63.621510
#vw 00000000
v -51.739880 14.692690 63.606210
#vw 00000000
v -50.648300 15.116510 67.429210
#vw 00000000
v -50.874890 14.569080 67.784300
#vw 00000000
v -51.739880 14.692690 63.606210
#vw 00000000
v -51.193040 14.004000 67.751650
#vw 00000000
v -50.874890 14.569080 67.784300
#vw 00000000
v -51.739880 14.692690 63.606210
#vw 00000000
v -51.898510 14.092290 63.642870
#vw 00000000
v -51.193040 14.004000 67.751650
#vw 00000000
v -52.215920 13.527200 63.698500
#vw 00000000
v -51.898510 14.092290 63.642870
#vw 00000000
v -52.494250 13.244660 62.093810
#vw 00000000
v -52.215920 13.527200 63.698500
#vw 00000000
v -51.898510 14.092290 63.642870
#vw 00000000
v -51.996560 14.039310 62.478150
#vw 00000000
v -52.494250 13.244660 62.093810
#vw 00000000
v -51.996560 14.039310 62.478150
#vw 00000000
v -52.112570 14.268880 61.278270
#vw 00000000
v -52.494250 13.244660 62.093810
#vw 00000000
v -52.887550 12.838500 59.412840
#vw 00000000
v -52.112570 14.268880 61.278270
#vw 00000000
v -52.282880 14.551430 59.919910
#vw 00000000
v -52.887550 12.838500 59.412840
#vw 00000000
v -52.112570 14.268880 61.278270
#vw 00000000
v -52.041490 14.516110 61.330650
#vw 00000000
v -52.282880 14.551430 59.919910
#vw 00000000
v -51.377720 16.458600 60.459770
#vw 00000000
v -52.041490 14.516110 61.330650
#vw 00000000
v -51.899930 14.763330 61.364790
#vw 00000000
v -51.377720 16.458600 60.459770
#vw 00000000
v -51.221520 16.211360 62.242080
#vw 00000000
v -51.899930 14.763330 61.364790
#vw 00000000
v -51.625740 15.134170 62.475050
#vw 00000000
v -51.221520 16.211360 62.242080
#vw 00000000
v -51.625740 15.134170 62.475050
#vw 00000000
v -51.457200 15.293100 63.621510
#vw 00000000
v -51.221520 16.211360 62.242080
#vw 00000000
v -51.098270 15.840530 64.307230
#vw 00000000
v -31.636460 14.127610 62.307670
#vw 00000000
v -32.006700 14.480790 62.381410
#vw 00000000
v -31.909540 14.109950 63.440170
#vw 00000000
v -32.173520 14.516110 63.548350
#vw 00000000
v -32.006700 14.480790 62.381410
#vw 00000000
v -32.006990 14.992900 62.346100
#vw 00000000
v -32.173520 14.516110 63.548350
#vw 00000000
v -32.315240 15.063530 63.496550
#vw 00000000
v -32.006990 14.992900 62.346100
#vw 00000000
v -31.989630 15.134170 62.310630
#vw 00000000
v -32.315240 15.063530 63.496550
#vw 00000000
v -31.989630 15.134170 62.310630
#vw 00000000
v -32.138950 15.293100 63.459750
#vw 00000000
v -32.315240 15.063530 63.496550
#vw 00000000
v -32.138950 15.293100 63.459750
#vw 00000000
v -31.856560 14.692690 63.439730
#vw 00000000
v -32.315240 15.063530 63.496550
#vw 00000000
v -32.173520 14.516110 63.548350
#vw 00000000
v -31.856560 14.692690 63.439730
#vw 00000000
v -31.909540 14.109950 63.440170
#vw 00000000
v -32.173520 14.516110 63.548350
#vw 00000000
v -31.856560 14.692690 63.439730
#vw 00000000
v -31.697340 14.092290 63.473720
#vw 00000000
v -31.909540 14.109950 63.440170
#vw 00000000
v -31.636460 14.127610 62.307670
#vw 00000000
v -31.697340 14.092290 63.473720
#vw 00000000
v -31.618810 14.039310 62.307530
#vw 00000000
v -31.636460 14.127610 62.307670
#vw 00000000
v -31.618810 14.039310 62.307530
#vw 00000000
v -31.522910 14.268880 61.105870
#vw 00000000
v -31.636460 14.127610 62.307670
#vw 00000000
v -31.522910 14.268880 61.105870
#vw 00000000
v -31.593100 14.516110 61.159430
#vw 00000000
v -31.636460 14.127610 62.307670
#vw 00000000
v -32.006700 14.480790 62.381410
#vw 00000000
v -31.593100 14.516110 61.159430
#vw 00000000
v -31.734070 14.763330 61.195940
#vw 00000000
v -32.006700 14.480790 62.381410
#vw 00000000
v -32.006990 14.992900 62.346100
#vw 00000000
v -31.734070 14.763330 61.195940
#vw 00000000
v -31.989630 15.134170 62.310630
#vw 00000000
v -32.006990 14.992900 62.346100
#vw 00000000
v -51.686900 14.109950 63.605770
#vw 00000000
v -51.607490 14.480790 62.545530
#vw 00000000
v -51.978900 14.127610 62.478000
#vw 00000000
v -51.686900 14.109950 63.605770
#vw 00000000
v -51.421140 14.516110 63.709510
#vw 00000000
v -51.607490 14.480790 62.545530
#vw 00000000
v -51.607780 14.992900 62.510220
#vw 00000000
v -51.421140 14.516110 63.709510
#vw 00000000
v -51.280320 15.063530 63.655350
#vw 00000000
v -51.607780 14.992900 62.510220
#vw 00000000
v -51.625740 15.134170 62.475050
#vw 00000000
v -51.280320 15.063530 63.655350
#vw 00000000
v -51.457200 15.293100 63.621510
#vw 00000000
v -51.625740 15.134170 62.475050
#vw 00000000
v -51.280320 15.063530 63.655350
#vw 00000000
v -51.739880 14.692690 63.606210
#vw 00000000
v -51.457200 15.293100 63.621510
#vw 00000000
v -51.280320 15.063530 63.655350
#vw 00000000
v -51.421140 14.516110 63.709510
#vw 00000000
v -51.739880 14.692690 63.606210
#vw 00000000
v -51.421140 14.516110 63.709510
#vw 00000000
v -51.686900 14.109950 63.605770
#vw 00000000
v -51.739880 14.692690 63.606210
#vw 00000000
v -51.898510 14.092290 63.642870
#vw 00000000
v -51.686900 14.109950 63.605770
#vw 00000000
v -51.978900 14.127610 62.478000
#vw 00000000
v -51.898510 14.092290 63.642870
#vw 00000000
v -51.996560 14.039310 62.478150
#vw 00000000
v -51.978900 14.127610 62.478000
#vw 00000000
v -52.112570 14.268880 61.278270
#vw 00000000
v -51.996560 14.039310 62.478150
#vw 00000000
v -51.978900 14.127610 62.478000
#vw 00000000
v -52.041490 14.516110 61.330650
#vw 00000000
v -52.112570 14.268880 61.278270
#vw 00000000
v -51.978900 14.127610 62.478000
#vw 00000000
v -51.607490 14.480790 62.545530
#vw 00000000
v -52.041490 14.516110 61.330650
#vw 00000000
v -51.899930 14.763330 61.364790
#vw 00000000
v -51.607490 14.480790 62.545530
#vw 00000000
v -51.607780 14.992900 62.510220
#vw 00000000
v -51.899930 14.763330 61.364790
#vw 00000000
v -51.625740 15.134170 62.475050
#vw 00000000
v -32.486350 15.840530 64.151380
#vw 00000000
v -32.883980 15.116510 67.280470
#vw 00000000
v -32.138950 15.293100 63.459750
#vw 00000000
v -31.856560 14.692690 63.439730
#vw 00000000
v -32.883980 15.116510 67.280470
#vw 00000000
v -32.651470 14.569080 67.631710
#vw 00000000
v -31.856560 14.692690 63.439730
#vw 00000000
v -32.651470 14.569080 67.631710
#vw 00000000
v -32.333910 14.004000 67.593730
#vw 00000000
v -31.856560 14.692690 63.439730
#vw 00000000
v -31.697340 14.092290 63.473720
#vw 00000000
v -32.333910 14.004000 67.593730
#vw 00000000
v -31.379050 13.527200 63.524030
#vw 00000000
v -31.697340 14.092290 63.473720
#vw 00000000
v -31.379050 13.527200 63.524030
#vw 00000000
v -31.127630 13.244660 61.914900
#vw 00000000
v -31.697340 14.092290 63.473720
#vw 00000000
v -31.618810 14.039310 62.307530
#vw 00000000
v -31.127630 13.244660 61.914900
#vw 00000000
v -31.522910 14.268880 61.105870
#vw 00000000
v -31.618810 14.039310 62.307530
#vw 00000000
v -31.127630 13.244660 61.914900
#vw 00000000
v -30.779270 12.838500 59.227730
#vw 00000000
v -31.522910 14.268880 61.105870
#vw 00000000
v -30.779270 12.838500 59.227730
#vw 00000000
v -31.375370 14.551430 59.744850
#vw 00000000
v -31.522910 14.268880 61.105870
#vw 00000000
v -31.593100 14.516110 61.159430
#vw 00000000
v -31.375370 14.551430 59.744850
#vw 00000000
v -32.271360 16.458600 60.299790
#vw 00000000
v -31.593100 14.516110 61.159430
#vw 00000000
v -31.734070 14.763330 61.195940
#vw 00000000
v -32.271360 16.458600 60.299790
#vw 00000000
v -32.397700 16.211360 62.084470
#vw 00000000
v -31.734070 14.763330 61.195940
#vw 00000000
v -31.989630 15.134170 62.310630
#vw 00000000
v -32.397700 16.211360 62.084470
#vw 00000000
v -32.138950 15.293100 63.459750
#vw 00000000
v -31.989630 15.134170 62.310630
#vw 00000000
v -32.397700 16.211360 62.084470
#vw 00000000
v -32.486350 15.840530 64.151380
#vw 00000000
v -32.138950 15.293100 63.459750
#vw 00000000
v -55.804320 1.819283 35.861690
#vw 00000000
v -55.816890 4.415157 34.360730
#vw 00000000
v -53.368530 1.042294 31.497040
#vw 00000000
v -55.816890 4.415157 34.360730
#vw 00000000
v -55.840690 5.457040 31.517740
#vw 00000000
v -53.368530 1.042294 31.497040
#vw 00000000
v -55.805500 -0.476382 35.720420
#vw 00000000
v -55.804320 1.819283 35.861690
#vw 00000000
v -53.368530 1.042294 31.497040
#vw 00000000
v -55.840690 5.457040 31.517740
#vw 00000000
v -55.864350 4.415157 28.692390
#vw 00000000
v -53.368530 1.042294 31.497040
#vw 00000000
v -55.812010 -1.818462 34.943450
#vw 00000000
v -55.805500 -0.476382 35.720420
#vw 00000000
v -53.368530 1.042294 31.497040
#vw 00000000
v -55.864350 4.415157 28.692390
#vw 00000000
v -55.876920 1.819283 27.191430
#vw 00000000
v -53.368530 1.042294 31.497040
#vw 00000000
v -55.827980 -3.089911 33.036350
#vw 00000000
v -55.812010 -1.818462 34.943450
#vw 00000000
v -53.368530 1.042294 31.497040
#vw 00000000
v -55.876920 1.819283 27.191430
#vw 00000000
v -55.872630 -1.147425 27.703530
#vw 00000000
v -53.368530 1.042294 31.497040
#vw 00000000
v -55.853260 -3.089911 30.016770
#vw 00000000
v -55.827980 -3.089911 33.036350
#vw 00000000
v -53.368530 1.042294 31.497040
#vw 00000000
v -55.872630 -1.147425 27.703530
#vw 00000000
v -55.853260 -3.089911 30.016770
#vw 00000000
v -53.368530 1.042294 31.497040
#vw 00000000
v -28.325580 -1.147425 27.472880
#vw 00000000
v -28.329870 1.819283 26.960780
#vw 00000000
v -30.765820 1.042294 31.307780
#vw 00000000
v -28.329870 1.819283 26.960780
#vw 00000000
v -28.317300 4.415157 28.461740
#vw 00000000
v -30.765820 1.042294 31.307780
#vw 00000000
v -28.306210 -3.089911 29.786120
#vw 00000000
v -28.325580 -1.147425 27.472880
#vw 00000000
v -30.765820 1.042294 31.307780
#vw 00000000
v -28.317300 4.415157 28.461740
#vw 00000000
v -28.293650 5.457040 31.287080
#vw 00000000
v -30.765820 1.042294 31.307780
#vw 00000000
v -28.280930 -3.089911 32.805700
#vw 00000000
v -28.306210 -3.089911 29.786120
#vw 00000000
v -30.765820 1.042294 31.307780
#vw 00000000
v -28.293650 5.457040 31.287080
#vw 00000000
v -28.269840 4.415157 34.130080
#vw 00000000
v -30.765820 1.042294 31.307780
#vw 00000000
v -28.261710 -1.147425 35.101290
#vw 00000000
v -28.280930 -3.089911 32.805700
#vw 00000000
v -30.765820 1.042294 31.307780
#vw 00000000
v -28.269840 4.415157 34.130080
#vw 00000000
v -28.257270 1.819283 35.631040
#vw 00000000
v -30.765820 1.042294 31.307780
#vw 00000000
v -28.257270 1.819283 35.631040
#vw 00000000
v -28.261710 -1.147425 35.101290
#vw 00000000
v -30.765820 1.042294 31.307780
#vw 00000000
v -55.876920 1.819283 27.191430
#vw 00000000
v -55.381750 6.110416 27.275590
#vw 00000000
v -55.400670 2.190123 25.015320
#vw 00000000
v -55.876920 1.819283 27.191430
#vw 00000000
v -55.864350 4.415157 28.692390
#vw 00000000
v -55.381750 6.110416 27.275590
#vw 00000000
v -55.864350 4.415157 28.692390
#vw 00000000
v -55.346260 7.646752 31.513600
#vw 00000000
v -55.381750 6.110416 27.275590
#vw 00000000
v -55.864350 4.415157 28.692390
#vw 00000000
v -55.840690 5.457040 31.517740
#vw 00000000
v -55.346260 7.646752 31.513600
#vw 00000000
v -55.840690 5.457040 31.517740
#vw 00000000
v -55.310630 6.110422 35.769260
#vw 00000000
v -55.346260 7.646752 31.513600
#vw 00000000
v -55.840690 5.457040 31.517740
#vw 00000000
v -55.816890 4.415157 34.360730
#vw 00000000
v -55.310630 6.110422 35.769260
#vw 00000000
v -55.816890 4.415157 34.360730
#vw 00000000
v -55.291710 2.190130 38.029530
#vw 00000000
v -55.310630 6.110422 35.769260
#vw 00000000
v -55.816890 4.415157 34.360730
#vw 00000000
v -55.804320 1.819283 35.861690
#vw 00000000
v -55.291710 2.190130 38.029530
#vw 00000000
v -28.329870 1.819283 26.960780
#vw 00000000
v -28.835980 -2.259938 25.569910
#vw 00000000
v -28.842490 2.190123 24.792940
#vw 00000000
v -28.329870 1.819283 26.960780
#vw 00000000
v -28.325580 -1.147425 27.472880
#vw 00000000
v -28.835980 -2.259938 25.569910
#vw 00000000
v -28.325580 -1.147425 27.472880
#vw 00000000
v -28.807000 -5.156015 29.030950
#vw 00000000
v -28.835980 -2.259938 25.569910
#vw 00000000
v -28.325580 -1.147425 27.472880
#vw 00000000
v -28.306210 -3.089911 29.786120
#vw 00000000
v -28.807000 -5.156015 29.030950
#vw 00000000
v -28.306210 -3.089911 29.786120
#vw 00000000
v -28.769150 -5.156016 33.551490
#vw 00000000
v -28.807000 -5.156015 29.030950
#vw 00000000
v -28.306210 -3.089911 29.786120
#vw 00000000
v -28.280930 -3.089911 32.805700
#vw 00000000
v -28.769150 -5.156016 33.551490
#vw 00000000
v -28.280930 -3.089911 32.805700
#vw 00000000
v -28.740170 -2.259939 37.012530
#vw 00000000
v -28.769150 -5.156016 33.551490
#vw 00000000
v -28.280930 -3.089911 32.805700
#vw 00000000
v -28.261710 -1.147425 35.101290
#vw 00000000
v -28.740170 -2.259939 37.012530
#vw 00000000
v -28.261710 -1.147425 35.101290
#vw 00000000
v -28.733520 2.190130 37.807160
#vw 00000000
v -28.740170 -2.259939 37.012530
#vw 00000000
v -28.261710 -1.147425 35.101290
#vw 00000000
v -28.257270 1.819283 35.631040
#vw 00000000
v -28.733520 2.190130 37.807160
#vw 00000000
v -28.257270 1.819283 35.631040
#vw 00000000
v -28.752440 6.110422 35.546880
#vw 00000000
v -28.733520 2.190130 37.807160
#vw 00000000
v -28.257270 1.819283 35.631040
#vw 00000000
v -28.269840 4.415157 34.130080
#vw 00000000
v -28.752440 6.110422 35.546880
#vw 00000000
v -28.269840 4.415157 34.130080
#vw 00000000
v -28.788080 7.646752 31.291220
#vw 00000000
v -28.752440 6.110422 35.546880
#vw 00000000
v -28.269840 4.415157 34.130080
#vw 00000000
v -28.293650 5.457040 31.287080
#vw 00000000
v -28.788080 7.646752 31.291220
#vw 00000000
v -28.293650 5.457040 31.287080
#vw 00000000
v -28.823560 6.110416 27.053210
#vw 00000000
v -28.788080 7.646752 31.291220
#vw 00000000
v -28.293650 5.457040 31.287080
#vw 00000000
v -28.317300 4.415157 28.461740
#vw 00000000
v -28.823560 6.110416 27.053210
#vw 00000000
v -28.317300 4.415157 28.461740
#vw 00000000
v -28.842490 2.190123 24.792940
#vw 00000000
v -28.823560 6.110416 27.053210
#vw 00000000
v -28.317300 4.415157 28.461740
#vw 00000000
v -28.329870 1.819283 26.960780
#vw 00000000
v -28.842490 2.190123 24.792940
#vw 00000000
v -26.915090 0.282959 65.164310
#vw 00000000
v -27.391130 -4.008174 65.256600
#vw 00000000
v -27.410050 -0.105536 62.996330
#vw 00000000
v -26.915090 0.282959 65.164310
#vw 00000000
v -26.902380 -2.330570 66.682940
#vw 00000000
v -27.391130 -4.008174 65.256600
#vw 00000000
v -26.902380 -2.330570 66.682940
#vw 00000000
v -27.355500 -5.562165 69.512270
#vw 00000000
v -27.391130 -4.008174 65.256600
#vw 00000000
v -26.902380 -2.330570 66.682940
#vw 00000000
v -26.878720 -3.354792 69.508280
#vw 00000000
v -27.355500 -5.562165 69.512270
#vw 00000000
v -26.878720 -3.354792 69.508280
#vw 00000000
v -27.320010 -4.008168 73.750270
#vw 00000000
v -27.355500 -5.562165 69.512270
#vw 00000000
v -26.878720 -3.354792 69.508280
#vw 00000000
v -26.855060 -2.330570 72.333620
#vw 00000000
v -27.320010 -4.008168 73.750270
#vw 00000000
v -26.855060 -2.330570 72.333620
#vw 00000000
v -27.301080 -0.105536 76.010550
#vw 00000000
v -27.320010 -4.008168 73.750270
#vw 00000000
v -26.855060 -2.330570 72.333620
#vw 00000000
v -26.842490 0.282965 73.834580
#vw 00000000
v -27.301080 -0.105536 76.010550
#vw 00000000
v -26.842490 0.282965 73.834580
#vw 00000000
v -27.307590 4.344533 75.233580
#vw 00000000
v -27.301080 -0.105536 76.010550
#vw 00000000
v -26.842490 0.282965 73.834580
#vw 00000000
v -26.846780 3.249673 73.322490
#vw 00000000
v -27.307590 4.344533 75.233580
#vw 00000000
v -26.846780 3.249673 73.322490
#vw 00000000
v -27.336570 7.258258 71.772540
#vw 00000000
v -27.307590 4.344533 75.233580
#vw 00000000
v -26.846780 3.249673 73.322490
#vw 00000000
v -26.866150 5.192159 71.009230
#vw 00000000
v -27.336570 7.258258 71.772540
#vw 00000000
v -26.866150 5.192159 71.009230
#vw 00000000
v -27.374420 7.258257 67.251990
#vw 00000000
v -27.336570 7.258258 71.772540
#vw 00000000
v -26.866150 5.192159 71.009230
#vw 00000000
v -26.891280 5.192159 68.007310
#vw 00000000
v -27.374420 7.258257 67.251990
#vw 00000000
v -26.891280 5.192159 68.007310
#vw 00000000
v -27.403400 4.344526 63.790960
#vw 00000000
v -27.374420 7.258257 67.251990
#vw 00000000
v -26.891280 5.192159 68.007310
#vw 00000000
v -26.910660 3.249673 65.694080
#vw 00000000
v -27.403400 4.344526 63.790960
#vw 00000000
v -26.910660 3.249673 65.694080
#vw 00000000
v -27.410050 -0.105536 62.996330
#vw 00000000
v -27.403400 4.344526 63.790960
#vw 00000000
v -26.910660 3.249673 65.694080
#vw 00000000
v -26.915090 0.282959 65.164310
#vw 00000000
v -27.410050 -0.105536 62.996330
#vw 00000000
v -56.613620 1.730998 74.189810
#vw 00000000
v -56.107640 -2.330570 75.563030
#vw 00000000
v -56.101140 2.119498 76.340000
#vw 00000000
v -56.613620 1.730998 74.189810
#vw 00000000
v -56.618050 -1.235711 73.660060
#vw 00000000
v -56.107640 -2.330570 75.563030
#vw 00000000
v -56.618050 -1.235711 73.660060
#vw 00000000
v -56.136630 -5.226641 72.101980
#vw 00000000
v -56.107640 -2.330570 75.563030
#vw 00000000
v -56.618050 -1.235711 73.660060
#vw 00000000
v -56.637420 -3.160541 71.346810
#vw 00000000
v -56.136630 -5.226641 72.101980
#vw 00000000
v -56.637420 -3.160541 71.346810
#vw 00000000
v -56.174480 -5.226641 67.581440
#vw 00000000
v -56.136630 -5.226641 72.101980
#vw 00000000
v -56.637420 -3.160541 71.346810
#vw 00000000
v -56.662550 -3.160541 68.344890
#vw 00000000
v -56.174480 -5.226641 67.581440
#vw 00000000
v -56.662550 -3.160541 68.344890
#vw 00000000
v -56.203460 -2.330570 64.120400
#vw 00000000
v -56.174480 -5.226641 67.581440
#vw 00000000
v -56.662550 -3.160541 68.344890
#vw 00000000
v -56.681920 -1.235710 66.031650
#vw 00000000
v -56.203460 -2.330570 64.120400
#vw 00000000
v -56.681920 -1.235710 66.031650
#vw 00000000
v -56.209960 2.119499 63.343430
#vw 00000000
v -56.203460 -2.330570 64.120400
#vw 00000000
v -56.681920 -1.235710 66.031650
#vw 00000000
v -56.686360 1.730998 65.501890
#vw 00000000
v -56.209960 2.119499 63.343430
#vw 00000000
v -56.686360 1.730998 65.501890
#vw 00000000
v -56.191040 6.039791 65.603710
#vw 00000000
v -56.209960 2.119499 63.343430
#vw 00000000
v -56.686360 1.730998 65.501890
#vw 00000000
v -56.673650 4.344526 67.020520
#vw 00000000
v -56.191040 6.039791 65.603710
#vw 00000000
v -56.673650 4.344526 67.020520
#vw 00000000
v -56.155550 7.576122 69.841710
#vw 00000000
v -56.191040 6.039791 65.603710
#vw 00000000
v -56.673650 4.344526 67.020520
#vw 00000000
v -56.649990 5.368755 69.845850
#vw 00000000
v -56.155550 7.576122 69.841710
#vw 00000000
v -56.649990 5.368755 69.845850
#vw 00000000
v -56.119920 6.039791 74.097370
#vw 00000000
v -56.155550 7.576122 69.841710
#vw 00000000
v -56.649990 5.368755 69.845850
#vw 00000000
v -56.626330 4.344532 72.671200
#vw 00000000
v -56.119920 6.039791 74.097370
#vw 00000000
v -56.626330 4.344532 72.671200
#vw 00000000
v -56.101140 2.119498 76.340000
#vw 00000000
v -56.119920 6.039791 74.097370
#vw 00000000
v -56.626330 4.344532 72.671200
#vw 00000000
v -56.613620 1.730998 74.189810
#vw 00000000
v -56.101140 2.119498 76.340000
#vw 00000000
v -55.805500 -0.476382 35.720420
#vw 00000000
v -55.291710 2.190130 38.029530
#vw 00000000
v -55.804320 1.819283 35.861690
#vw 00000000
v -55.805500 -0.476382 35.720420
#vw 00000000
v -55.293480 -1.235716 37.817630
#vw 00000000
v -55.291710 2.190130 38.029530
#vw 00000000
v -55.805500 -0.476382 35.720420
#vw 00000000
v -55.303240 -3.266500 36.652180
#vw 00000000
v -55.293480 -1.235716 37.817630
#vw 00000000
v -55.805500 -0.476382 35.720420
#vw 00000000
v -55.812010 -1.818462 34.943450
#vw 00000000
v -55.303240 -3.266500 36.652180
#vw 00000000
v -55.812010 -1.818462 34.943450
#vw 00000000
v -55.327340 -5.156016 33.773870
#vw 00000000
v -55.303240 -3.266500 36.652180
#vw 00000000
v -55.812010 -1.818462 34.943450
#vw 00000000
v -55.827980 -3.089911 33.036350
#vw 00000000
v -55.327340 -5.156016 33.773870
#vw 00000000
v -55.827980 -3.089911 33.036350
#vw 00000000
v -55.365190 -5.156015 29.253320
#vw 00000000
v -55.327340 -5.156016 33.773870
#vw 00000000
v -55.827980 -3.089911 33.036350
#vw 00000000
v -55.853260 -3.089911 30.016770
#vw 00000000
v -55.365190 -5.156015 29.253320
#vw 00000000
v -55.853260 -3.089911 30.016770
#vw 00000000
v -55.394170 -2.259938 25.792280
#vw 00000000
v -55.365190 -5.156015 29.253320
#vw 00000000
v -55.853260 -3.089911 30.016770
#vw 00000000
v -55.872630 -1.147425 27.703530
#vw 00000000
v -55.394170 -2.259938 25.792280
#vw 00000000
v -55.400670 2.190123 25.015320
#vw 00000000
v -55.872630 -1.147425 27.703530
#vw 00000000
v -55.876920 1.819283 27.191430
#vw 00000000
v -55.400670 2.190123 25.015320
#vw 00000000
v -55.394170 -2.259938 25.792280
#vw 00000000
v -55.872630 -1.147425 27.703530
#vw 00000000
v -55.394170 -2.259938 25.792280
#vw 00000000
v -55.400670 2.190123 25.015320
#vw 00000000
v -50.785330 -2.259938 25.753700
#vw 00000000
v -50.791840 2.190123 24.976730
#vw 00000000
v -55.400670 2.190123 25.015320
#vw 00000000
v -55.381750 6.110416 27.275590
#vw 00000000
v -50.791840 2.190123 24.976730
#vw 00000000
v -50.772920 6.110416 27.237000
#vw 00000000
v -55.381750 6.110416 27.275590
#vw 00000000
v -55.346260 7.646752 31.513600
#vw 00000000
v -50.772920 6.110416 27.237000
#vw 00000000
v -50.737430 7.646752 31.475010
#vw 00000000
v -55.346260 7.646752 31.513600
#vw 00000000
v -55.310630 6.110422 35.769260
#vw 00000000
v -50.737430 7.646752 31.475010
#vw 00000000
v -50.701790 6.110422 35.730670
#vw 00000000
v -55.310630 6.110422 35.769260
#vw 00000000
v -55.291710 2.190130 38.029530
#vw 00000000
v -50.701790 6.110422 35.730670
#vw 00000000
v -50.682870 2.190130 37.990940
#vw 00000000
v -55.291710 2.190130 38.029530
#vw 00000000
v -55.293480 -1.235716 37.817630
#vw 00000000
v -50.682870 2.190130 37.990940
#vw 00000000
v -50.684640 -1.235716 37.779040
#vw 00000000
v -55.293480 -1.235716 37.817630
#vw 00000000
v -55.303240 -3.266500 36.652180
#vw 00000000
v -50.684640 -1.235716 37.779040
#vw 00000000
v -50.694400 -3.266500 36.613590
#vw 00000000
v -55.303240 -3.266500 36.652180
#vw 00000000
v -55.327340 -5.156016 33.773870
#vw 00000000
v -50.694400 -3.266500 36.613590
#vw 00000000
v -50.718500 -5.156016 33.735280
#vw 00000000
v -55.327340 -5.156016 33.773870
#vw 00000000
v -55.365190 -5.156015 29.253320
#vw 00000000
v -50.718500 -5.156016 33.735280
#vw 00000000
v -50.756360 -5.156015 29.214740
#vw 00000000
v -55.365190 -5.156015 29.253320
#vw 00000000
v -55.394170 -2.259938 25.792280
#vw 00000000
v -50.756360 -5.156015 29.214740
#vw 00000000
v -50.785330 -2.259938 25.753700
#vw 00000000
v -51.594620 -2.330570 64.081820
#vw 00000000
v -51.565650 -5.226641 67.542850
#vw 00000000
v -56.203460 -2.330570 64.120400
#vw 00000000
v -56.174480 -5.226641 67.581440
#vw 00000000
v -51.565650 -5.226641 67.542850
#vw 00000000
v -51.527790 -5.226641 72.063390
#vw 00000000
v -56.174480 -5.226641 67.581440
#vw 00000000
v -56.136630 -5.226641 72.101980
#vw 00000000
v -51.527790 -5.226641 72.063390
#vw 00000000
v -51.498810 -2.330570 75.524430
#vw 00000000
v -56.136630 -5.226641 72.101980
#vw 00000000
v -56.107640 -2.330570 75.563030
#vw 00000000
v -51.498810 -2.330570 75.524430
#vw 00000000
v -51.492310 2.119498 76.301410
#vw 00000000
v -56.107640 -2.330570 75.563030
#vw 00000000
v -56.101140 2.119498 76.340000
#vw 00000000
v -51.492310 2.119498 76.301410
#vw 00000000
v -51.511090 6.039791 74.058780
#vw 00000000
v -56.101140 2.119498 76.340000
#vw 00000000
v -56.119920 6.039791 74.097370
#vw 00000000
v -51.511090 6.039791 74.058780
#vw 00000000
v -51.546720 7.576122 69.803120
#vw 00000000
v -56.119920 6.039791 74.097370
#vw 00000000
v -56.155550 7.576122 69.841710
#vw 00000000
v -51.546720 7.576122 69.803120
#vw 00000000
v -51.582200 6.039791 65.565120
#vw 00000000
v -56.155550 7.576122 69.841710
#vw 00000000
v -56.191040 6.039791 65.603710
#vw 00000000
v -51.582200 6.039791 65.565120
#vw 00000000
v -51.601130 2.119499 63.304850
#vw 00000000
v -56.191040 6.039791 65.603710
#vw 00000000
v -56.209960 2.119499 63.343430
#vw 00000000
v -51.601130 2.119499 63.304850
#vw 00000000
v -51.594620 -2.330570 64.081820
#vw 00000000
v -56.209960 2.119499 63.343430
#vw 00000000
v -56.203460 -2.330570 64.120400
#vw 00000000
v -27.301080 -0.105536 76.010550
#vw 00000000
v -27.307590 4.344533 75.233580
#vw 00000000
v -31.909920 -0.105536 76.049140
#vw 00000000
v -31.916420 4.344533 75.272170
#vw 00000000
v -27.307590 4.344533 75.233580
#vw 00000000
v -27.336570 7.258258 71.772540
#vw 00000000
v -31.916420 4.344533 75.272170
#vw 00000000
v -31.945400 7.258258 71.811130
#vw 00000000
v -27.336570 7.258258 71.772540
#vw 00000000
v -27.374420 7.258257 67.251990
#vw 00000000
v -31.945400 7.258258 71.811130
#vw 00000000
v -31.983260 7.258257 67.290590
#vw 00000000
v -27.374420 7.258257 67.251990
#vw 00000000
v -27.403400 4.344526 63.790960
#vw 00000000
v -31.983260 7.258257 67.290590
#vw 00000000
v -32.012230 4.344526 63.829540
#vw 00000000
v -27.403400 4.344526 63.790960
#vw 00000000
v -27.410050 -0.105536 62.996330
#vw 00000000
v -32.012230 4.344526 63.829540
#vw 00000000
v -32.018890 -0.105536 63.034920
#vw 00000000
v -27.410050 -0.105536 62.996330
#vw 00000000
v -27.391130 -4.008174 65.256600
#vw 00000000
v -32.018890 -0.105536 63.034920
#vw 00000000
v -31.999960 -4.008174 65.295190
#vw 00000000
v -27.391130 -4.008174 65.256600
#vw 00000000
v -27.355500 -5.562165 69.512270
#vw 00000000
v -31.999960 -4.008174 65.295190
#vw 00000000
v -31.964330 -5.562165 69.550860
#vw 00000000
v -27.355500 -5.562165 69.512270
#vw 00000000
v -27.320010 -4.008168 73.750270
#vw 00000000
v -31.964330 -5.562165 69.550860
#vw 00000000
v -31.928840 -4.008168 73.788870
#vw 00000000
v -27.320010 -4.008168 73.750270
#vw 00000000
v -27.301080 -0.105536 76.010550
#vw 00000000
v -31.928840 -4.008168 73.788870
#vw 00000000
v -31.909920 -0.105536 76.049140
#vw 00000000
v -33.349010 -2.259939 37.051120
#vw 00000000
v -33.377990 -5.156016 33.590080
#vw 00000000
v -28.740170 -2.259939 37.012530
#vw 00000000
v -28.769150 -5.156016 33.551490
#vw 00000000
v -33.377990 -5.156016 33.590080
#vw 00000000
v -33.415840 -5.156015 29.069540
#vw 00000000
v -28.769150 -5.156016 33.551490
#vw 00000000
v -28.807000 -5.156015 29.030950
#vw 00000000
v -33.415840 -5.156015 29.069540
#vw 00000000
v -33.444820 -2.259938 25.608500
#vw 00000000
v -28.807000 -5.156015 29.030950
#vw 00000000
v -28.835980 -2.259938 25.569910
#vw 00000000
v -33.444820 -2.259938 25.608500
#vw 00000000
v -33.451320 2.190123 24.831530
#vw 00000000
v -28.835980 -2.259938 25.569910
#vw 00000000
v -28.842490 2.190123 24.792940
#vw 00000000
v -33.451320 2.190123 24.831530
#vw 00000000
v -33.432400 6.110416 27.091800
#vw 00000000
v -28.842490 2.190123 24.792940
#vw 00000000
v -28.823560 6.110416 27.053210
#vw 00000000
v -33.432400 6.110416 27.091800
#vw 00000000
v -33.396910 7.646752 31.329810
#vw 00000000
v -28.823560 6.110416 27.053210
#vw 00000000
v -28.788080 7.646752 31.291220
#vw 00000000
v -33.396910 7.646752 31.329810
#vw 00000000
v -33.361280 6.110422 35.585480
#vw 00000000
v -28.788080 7.646752 31.291220
#vw 00000000
v -28.752440 6.110422 35.546880
#vw 00000000
v -33.361280 6.110422 35.585480
#vw 00000000
v -33.342350 2.190130 37.845750
#vw 00000000
v -28.752440 6.110422 35.546880
#vw 00000000
v -28.733520 2.190130 37.807160
#vw 00000000
v -33.342350 2.190130 37.845750
#vw 00000000
v -33.349010 -2.259939 37.051120
#vw 00000000
v -28.733520 2.190130 37.807160
#vw 00000000
v -28.740170 -2.259939 37.012530
#vw 00000000
v -56.613620 1.730998 74.189810
#vw 00000000
v -56.626330 4.344532 72.671200
#vw 00000000
v -54.177810 0.971663 69.825150
#vw 00000000
v -56.618050 -1.235711 73.660060
#vw 00000000
v -56.613620 1.730998 74.189810
#vw 00000000
v -54.177810 0.971663 69.825150
#vw 00000000
v -56.626330 4.344532 72.671200
#vw 00000000
v -56.649990 5.368755 69.845850
#vw 00000000
v -54.177810 0.971663 69.825150
#vw 00000000
v -56.637420 -3.160541 71.346810
#vw 00000000
v -56.618050 -1.235711 73.660060
#vw 00000000
v -54.177810 0.971663 69.825150
#vw 00000000
v -56.649990 5.368755 69.845850
#vw 00000000
v -56.673650 4.344526 67.020520
#vw 00000000
v -54.177810 0.971663 69.825150
#vw 00000000
v -56.662550 -3.160541 68.344890
#vw 00000000
v -56.637420 -3.160541 71.346810
#vw 00000000
v -54.177810 0.971663 69.825150
#vw 00000000
v -56.673650 4.344526 67.020520
#vw 00000000
v -56.686360 1.730998 65.501890
#vw 00000000
v -54.177810 0.971663 69.825150
#vw 00000000
v -56.681920 -1.235710 66.031650
#vw 00000000
v -56.662550 -3.160541 68.344890
#vw 00000000
v -54.177810 0.971663 69.825150
#vw 00000000
v -56.686360 1.730998 65.501890
#vw 00000000
v -56.681920 -1.235710 66.031650
#vw 00000000
v -54.177810 0.971663 69.825150
#vw 00000000
v -26.902380 -2.330570 66.682940
#vw 00000000
v -26.915090 0.282959 65.164310
#vw 00000000
v -29.350890 1.042300 69.528980
#vw 00000000
v -26.915090 0.282959 65.164310
#vw 00000000
v -26.910660 3.249673 65.694080
#vw 00000000
v -29.350890 1.042300 69.528980
#vw 00000000
v -26.878720 -3.354792 69.508280
#vw 00000000
v -26.902380 -2.330570 66.682940
#vw 00000000
v -29.350890 1.042300 69.528980
#vw 00000000
v -26.910660 3.249673 65.694080
#vw 00000000
v -26.891280 5.192159 68.007310
#vw 00000000
v -29.350890 1.042300 69.528980
#vw 00000000
v -26.855060 -2.330570 72.333620
#vw 00000000
v -26.878720 -3.354792 69.508280
#vw 00000000
v -29.350890 1.042300 69.528980
#vw 00000000
v -26.891280 5.192159 68.007310
#vw 00000000
v -26.866150 5.192159 71.009230
#vw 00000000
v -29.350890 1.042300 69.528980
#vw 00000000
v -26.842490 0.282965 73.834580
#vw 00000000
v -26.855060 -2.330570 72.333620
#vw 00000000
v -29.350890 1.042300 69.528980
#vw 00000000
v -26.866150 5.192159 71.009230
#vw 00000000
v -26.846780 3.249673 73.322490
#vw 00000000
v -29.350890 1.042300 69.528980
#vw 00000000
v -26.846780 3.249673 73.322490
#vw 00000000
v -26.842490 0.282965 73.834580
#vw 00000000
v -29.350890 1.042300 69.528980
#vw 00000000
v -46.316440 4.856635 40.638640
#vw 00000000
v -55.294570 10.595810 39.795520
#vw 00000000
v -46.200670 11.249190 39.701710
#vw 00000000
v -46.316440 4.856635 40.638640
#vw 00000000
v -56.503980 4.980247 40.882880
#vw 00000000
v -55.294570 10.595810 39.795520
#vw 00000000
v -29.572990 2.737553 24.022040
#vw 00000000
v -29.227580 8.529701 25.202330
#vw 00000000
v -35.922760 3.002434 24.940530
#vw 00000000
v -36.363480 8.847566 25.032510
#vw 00000000
v -29.227580 8.529701 25.202330
#vw 00000000
v -38.452530 10.896010 30.736390
#vw 00000000
v -36.363480 8.847566 25.032510
#vw 00000000
v -38.452530 10.896010 30.736390
#vw 00000000
v -28.701080 10.595810 39.572850
#vw 00000000
v -37.795280 11.249190 39.631330
#vw 00000000
v -38.452530 10.896010 30.736390
#vw 00000000
v -28.657390 9.695196 27.917140
#vw 00000000
v -28.701080 10.595810 39.572850
#vw 00000000
v -38.452530 10.896010 30.736390
#vw 00000000
v -29.227580 8.529701 25.202330
#vw 00000000
v -28.657390 9.695196 27.917140
#vw 00000000
v -27.165610 8.017587 26.809750
#vw 00000000
v -29.227580 8.529701 25.202330
#vw 00000000
v -29.572990 2.737553 24.022040
#vw 00000000
v -27.165610 8.017587 26.809750
#vw 00000000
v -27.976640 2.154808 24.856330
#vw 00000000
v -49.342160 -1.995057 23.057350
#vw 00000000
v -34.596390 -1.942081 23.057500
#vw 00000000
v -48.248300 3.002434 25.043730
#vw 00000000
v -35.922760 3.002434 24.940530
#vw 00000000
v -34.596390 -1.942081 23.057500
#vw 00000000
v -29.816950 -1.147425 24.412590
#vw 00000000
v -35.922760 3.002434 24.940530
#vw 00000000
v -29.572990 2.737553 24.022040
#vw 00000000
v -29.816950 -1.147425 24.412590
#vw 00000000
v -27.976640 2.154808 24.856330
#vw 00000000
v -29.572990 2.737553 24.022040
#vw 00000000
v -37.663830 4.856635 40.566190
#vw 00000000
v -28.701080 10.595810 39.572850
#vw 00000000
v -27.455970 4.980247 40.639660
#vw 00000000
v -37.663830 4.856635 40.566190
#vw 00000000
v -37.795280 11.249190 39.631330
#vw 00000000
v -28.701080 10.595810 39.572850
#vw 00000000
v -38.461990 2.825851 29.606260
#vw 00000000
v -48.248300 3.002434 25.043730
#vw 00000000
v -35.922760 3.002434 24.940530
#vw 00000000
v -38.461990 2.825851 29.606260
#vw 00000000
v -45.700580 2.825851 29.825810
#vw 00000000
v -48.248300 3.002434 25.043730
#vw 00000000
v -37.663830 4.856635 40.566190
#vw 00000000
v -38.452530 10.896010 30.736390
#vw 00000000
v -37.795280 11.249190 39.631330
#vw 00000000
v -37.663830 4.856635 40.566190
#vw 00000000
v -38.461990 2.825851 29.606260
#vw 00000000
v -38.452530 10.896010 30.736390
#vw 00000000
v -36.363480 8.847566 25.032510
#vw 00000000
v -38.461990 2.825851 29.606260
#vw 00000000
v -35.922760 3.002434 24.940530
#vw 00000000
v -36.363480 8.847566 25.032510
#vw 00000000
v -54.683190 2.737553 24.232290
#vw 00000000
v -57.043550 8.017587 27.059920
#vw 00000000
v -56.265340 2.154808 25.093200
#vw 00000000
v -54.683190 2.737553 24.232290
#vw 00000000
v -55.010710 8.406088 25.188640
#vw 00000000
v -57.043550 8.017587 27.059920
#vw 00000000
v -55.921920 9.483285 28.145430
#vw 00000000
v -55.010710 8.406088 25.188640
#vw 00000000
v -45.692460 10.896010 30.797010
#vw 00000000
v -55.921920 9.483285 28.145430
#vw 00000000
v -55.294570 10.595810 39.795520
#vw 00000000
v -45.692460 10.896010 30.797010
#vw 00000000
v -46.200670 11.249190 39.701710
#vw 00000000
v -55.294570 10.595810 39.795520
#vw 00000000
v -45.692460 10.896010 30.797010
#vw 00000000
v -55.010710 8.406088 25.188640
#vw 00000000
v -47.876730 8.847566 25.128910
#vw 00000000
v -48.248300 3.002434 25.043730
#vw 00000000
v -55.010710 8.406088 25.188640
#vw 00000000
v -54.683190 2.737553 24.232290
#vw 00000000
v -48.248300 3.002434 25.043730
#vw 00000000
v -54.683190 2.737553 24.232290
#vw 00000000
v -54.432720 -1.147425 24.618700
#vw 00000000
v -48.248300 3.002434 25.043730
#vw 00000000
v -49.342160 -1.995057 23.057350
#vw 00000000
v -54.432720 -1.147425 24.618700
#vw 00000000
v -54.683190 2.737553 24.232290
#vw 00000000
v -56.265340 2.154808 25.093200
#vw 00000000
v -34.525170 -2.083349 23.127540
#vw 00000000
v -42.143610 -2.224623 22.273040
#vw 00000000
v -42.174810 0.565495 18.547120
#vw 00000000
v -30.368590 1.466104 21.803590
#vw 00000000
v -34.347130 6.075100 19.082000
#vw 00000000
v -31.108460 7.434842 22.021700
#vw 00000000
v -30.368590 1.466104 21.803590
#vw 00000000
v -33.935070 0.618472 19.784940
#vw 00000000
v -34.347130 6.075100 19.082000
#vw 00000000
v -42.179240 6.004464 18.017360
#vw 00000000
v -33.935070 0.618472 19.784940
#vw 00000000
v -42.174810 0.565495 18.547120
#vw 00000000
v -42.179240 6.004464 18.017360
#vw 00000000
v -33.935070 0.618472 19.784940
#vw 00000000
v -34.525170 -2.083349 23.127540
#vw 00000000
v -42.174810 0.565495 18.547120
#vw 00000000
v -33.935070 0.618472 19.784940
#vw 00000000
v -29.816950 -1.147425 24.412590
#vw 00000000
v -34.525170 -2.083349 23.127540
#vw 00000000
v -33.935070 0.618472 19.784940
#vw 00000000
v -30.368590 1.466104 21.803590
#vw 00000000
v -29.816950 -1.147425 24.412590
#vw 00000000
v -54.432720 -1.147425 24.618700
#vw 00000000
v -50.392670 0.618472 19.922740
#vw 00000000
v -49.746680 -2.083349 23.254990
#vw 00000000
v -54.432720 -1.147425 24.618700
#vw 00000000
v -53.924850 1.466104 22.000830
#vw 00000000
v -50.392670 0.618472 19.922740
#vw 00000000
v -53.924850 1.466104 22.000830
#vw 00000000
v -53.181420 7.434842 22.206520
#vw 00000000
v -50.392670 0.618472 19.922740
#vw 00000000
v -53.181420 7.434842 22.206520
#vw 00000000
v -49.992440 6.075100 19.213000
#vw 00000000
v -50.392670 0.618472 19.922740
#vw 00000000
v -49.992440 6.075100 19.213000
#vw 00000000
v -42.179240 6.004464 18.017360
#vw 00000000
v -50.392670 0.618472 19.922740
#vw 00000000
v -42.179240 6.004464 18.017360
#vw 00000000
v -42.174810 0.565495 18.547120
#vw 00000000
v -50.392670 0.618472 19.922740
#vw 00000000
v -49.746680 -2.083349 23.254990
#vw 00000000
v -42.174810 0.565495 18.547120
#vw 00000000
v -42.143610 -2.224623 22.273040
#vw 00000000
v -49.746680 -2.083349 23.254990
#vw 00000000
v -31.809860 11.673010 35.272270
#vw 00000000
v -29.569610 11.708320 34.970960
#vw 00000000
v -29.673510 11.655340 30.998420
#vw 00000000
v -30.421250 10.083690 26.059990
#vw 00000000
v -32.304170 11.655340 31.073430
#vw 00000000
v -29.673510 11.655340 30.998420
#vw 00000000
v -31.809860 11.673010 35.272270
#vw 00000000
v -32.304170 11.655340 31.073430
#vw 00000000
v -42.070270 11.461090 31.031580
#vw 00000000
v -31.809860 11.673010 35.272270
#vw 00000000
v -42.033160 11.690660 35.463830
#vw 00000000
v -42.070270 11.461090 31.031580
#vw 00000000
v -52.258250 11.673010 35.443490
#vw 00000000
v -42.033160 11.690660 35.463830
#vw 00000000
v -42.070270 11.461090 31.031580
#vw 00000000
v -51.834310 11.655340 31.236960
#vw 00000000
v -52.258250 11.673010 35.443490
#vw 00000000
v -54.465850 11.655340 31.206010
#vw 00000000
v -51.834310 11.655340 31.236960
#vw 00000000
v -53.800920 10.083690 26.255750
#vw 00000000
v -54.465850 11.655340 31.206010
#vw 00000000
v -51.834310 11.655340 31.236960
#vw 00000000
v -51.030040 10.313260 26.055960
#vw 00000000
v -53.800920 10.083690 26.255750
#vw 00000000
v -53.181420 7.434842 22.206520
#vw 00000000
v -51.030040 10.313260 26.055960
#vw 00000000
v -50.378470 8.088223 21.617940
#vw 00000000
v -53.181420 7.434842 22.206520
#vw 00000000
v -49.992440 6.075100 19.213000
#vw 00000000
v -50.378470 8.088223 21.617940
#vw 00000000
v -42.179240 6.004464 18.017360
#vw 00000000
v -49.992440 6.075100 19.213000
#vw 00000000
v -50.378470 8.088223 21.617940
#vw 00000000
v -42.152780 8.529701 21.178210
#vw 00000000
v -42.179240 6.004464 18.017360
#vw 00000000
v -34.347130 6.075100 19.082000
#vw 00000000
v -42.152780 8.529701 21.178210
#vw 00000000
v -33.920880 8.088223 21.480130
#vw 00000000
v -34.347130 6.075100 19.082000
#vw 00000000
v -31.108460 7.434842 22.021700
#vw 00000000
v -33.920880 8.088223 21.480130
#vw 00000000
v -33.195080 10.313260 25.906630
#vw 00000000
v -31.108460 7.434842 22.021700
#vw 00000000
v -30.421250 10.083690 26.059990
#vw 00000000
v -33.195080 10.313260 25.906630
#vw 00000000
v -32.304170 11.655340 31.073430
#vw 00000000
v -30.421250 10.083690 26.059990
#vw 00000000
v -33.195080 10.313260 25.906630
#vw 00000000
v -42.116850 10.224960 25.469200
#vw 00000000
v -32.304170 11.655340 31.073430
#vw 00000000
v -42.070270 11.461090 31.031580
#vw 00000000
v -42.116850 10.224960 25.469200
#vw 00000000
v -51.834310 11.655340 31.236960
#vw 00000000
v -42.070270 11.461090 31.031580
#vw 00000000
v -42.116850 10.224960 25.469200
#vw 00000000
v -51.030040 10.313260 26.055960
#vw 00000000
v -51.834310 11.655340 31.236960
#vw 00000000
v -42.116850 10.224960 25.469200
#vw 00000000
v -50.378470 8.088223 21.617940
#vw 00000000
v -51.030040 10.313260 26.055960
#vw 00000000
v -42.116850 10.224960 25.469200
#vw 00000000
v -42.152780 8.529701 21.178210
#vw 00000000
v -50.378470 8.088223 21.617940
#vw 00000000
v -42.116850 10.224960 25.469200
#vw 00000000
v -33.920880 8.088223 21.480130
#vw 00000000
v -42.152780 8.529701 21.178210
#vw 00000000
v -42.116850 10.224960 25.469200
#vw 00000000
v -33.195080 10.313260 25.906630
#vw 00000000
v -33.920880 8.088223 21.480130
#vw 00000000
v -54.465850 11.655340 31.206010
#vw 00000000
v -54.503220 11.708320 35.179730
#vw 00000000
v -52.258250 11.673010 35.443490
#vw 00000000
v -56.265340 2.154808 25.093200
#vw 00000000
v -53.924850 1.466104 22.000830
#vw 00000000
v -54.432720 -1.147425 24.618700
#vw 00000000
v -56.265340 2.154808 25.093200
#vw 00000000
v -57.043550 8.017587 27.059920
#vw 00000000
v -53.924850 1.466104 22.000830
#vw 00000000
v -53.181420 7.434842 22.206520
#vw 00000000
v -57.043550 8.017587 27.059920
#vw 00000000
v -55.229470 9.571585 26.479620
#vw 00000000
v -53.181420 7.434842 22.206520
#vw 00000000
v -57.043550 8.017587 27.059920
#vw 00000000
v -57.013330 9.024154 28.560740
#vw 00000000
v -55.229470 9.571585 26.479620
#vw 00000000
v -57.013330 9.024154 28.560740
#vw 00000000
v -56.992040 9.783487 31.103550
#vw 00000000
v -55.229470 9.571585 26.479620
#vw 00000000
v -55.932100 11.037280 31.147640
#vw 00000000
v -56.992040 9.783487 31.103550
#vw 00000000
v -56.988850 9.712852 33.593520
#vw 00000000
v -55.932100 11.037280 31.147640
#vw 00000000
v -56.988850 9.712852 33.593520
#vw 00000000
v -55.708720 11.001960 34.624720
#vw 00000000
v -55.932100 11.037280 31.147640
#vw 00000000
v -55.708720 11.001960 34.624720
#vw 00000000
v -54.503220 11.708320 35.179730
#vw 00000000
v -55.932100 11.037280 31.147640
#vw 00000000
v -54.503220 11.708320 35.179730
#vw 00000000
v -54.465850 11.655340 31.206010
#vw 00000000
v -55.932100 11.037280 31.147640
#vw 00000000
v -55.229470 9.571585 26.479620
#vw 00000000
v -54.465850 11.655340 31.206010
#vw 00000000
v -53.800920 10.083690 26.255750
#vw 00000000
v -55.229470 9.571585 26.479620
#vw 00000000
v -53.181420 7.434842 22.206520
#vw 00000000
v -48.248300 3.002434 25.043730
#vw 00000000
v -45.700580 2.825851 29.825810
#vw 00000000
v -47.876730 8.847566 25.128910
#vw 00000000
v -45.692460 10.896010 30.797010
#vw 00000000
v -45.700580 2.825851 29.825810
#vw 00000000
v -46.316440 4.856635 40.638640
#vw 00000000
v -45.692460 10.896010 30.797010
#vw 00000000
v -46.200670 11.249190 39.701710
#vw 00000000
v -28.989140 9.571585 26.259910
#vw 00000000
v -27.170690 9.024154 28.310860
#vw 00000000
v -27.165610 8.017587 26.809750
#vw 00000000
v -28.989140 9.571585 26.259910
#vw 00000000
v -27.149400 9.783487 30.853670
#vw 00000000
v -27.170690 9.024154 28.310860
#vw 00000000
v -28.989140 9.571585 26.259910
#vw 00000000
v -28.208460 11.037280 30.915510
#vw 00000000
v -27.149400 9.783487 30.853670
#vw 00000000
v -27.110900 9.712852 33.343350
#vw 00000000
v -28.208460 11.037280 30.915510
#vw 00000000
v -28.373570 11.001960 34.395840
#vw 00000000
v -27.110900 9.712852 33.343350
#vw 00000000
v -28.208460 11.037280 30.915510
#vw 00000000
v -29.569610 11.708320 34.970960
#vw 00000000
v -28.373570 11.001960 34.395840
#vw 00000000
v -28.208460 11.037280 30.915510
#vw 00000000
v -29.673510 11.655340 30.998420
#vw 00000000
v -29.569610 11.708320 34.970960
#vw 00000000
v -28.208460 11.037280 30.915510
#vw 00000000
v -28.989140 9.571585 26.259910
#vw 00000000
v -29.673510 11.655340 30.998420
#vw 00000000
v -30.421250 10.083690 26.059990
#vw 00000000
v -28.989140 9.571585 26.259910
#vw 00000000
v -31.108460 7.434842 22.021700
#vw 00000000
v -30.421250 10.083690 26.059990
#vw 00000000
v -28.989140 9.571585 26.259910
#vw 00000000
v -27.165610 8.017587 26.809750
#vw 00000000
v -31.108460 7.434842 22.021700
#vw 00000000
v -27.165610 8.017587 26.809750
#vw 00000000
v -27.976640 2.154808 24.856330
#vw 00000000
v -31.108460 7.434842 22.021700
#vw 00000000
v -30.368590 1.466104 21.803590
#vw 00000000
v -27.976640 2.154808 24.856330
#vw 00000000
v -29.816950 -1.147425 24.412590
#vw 00000000
v -30.368590 1.466104 21.803590
#vw 00000000

vt 0.275000 0.507500
vt 0.312500 0.587500
vt 0.312500 0.507500
vt 0.350000 0.562500
vt 0.350000 0.507500
vt 0.370000 0.625000
vt 0.370000 0.507500
vt 0.255000 0.625000
vt 0.255000 0.507500
vt 0.370000 0.625000
vt 0.370000 0.507500
vt 0.255000 0.625000
vt 0.255000 0.507500
vt 0.370000 0.625000
vt 0.370000 0.507500
vt 0.255000 0.625000
vt 0.255000 0.507500
vt 0.370000 0.625000
vt 0.370000 0.507500
vt 0.255000 0.625000
vt 0.255000 0.507500
vt 0.370000 0.625000
vt 0.370000 0.507500
vt 0.255000 0.625000
vt 0.255000 0.507500
vt 0.370000 0.625000
vt 0.370000 0.507500
vt 0.255000 0.625000
vt 0.255000 0.507500
vt 0.255000 0.625000
vt 0.255000 0.507500
vt 0.275000 0.562500
vt 0.255000 0.662500
vt 0.370000 0.750000
vt 0.370000 0.662500
vt 0.255000 0.750000
vt 0.255000 0.662500
vt 0.370000 0.750000
vt 0.370000 0.662500
vt 0.255000 0.750000
vt 0.255000 0.662500
vt 0.370000 0.750000
vt 0.370000 0.662500
vt 0.255000 0.750000
vt 0.255000 0.662500
vt 0.370000 0.750000
vt 0.370000 0.662500
vt 0.255000 0.750000
vt 0.255000 0.662500
vt 0.370000 0.750000
vt 0.370000 0.662500
vt 0.255000 0.750000
vt 0.255000 0.662500
vt 0.370000 0.750000
vt 0.370000 0.662500
vt 0.255000 0.750000
vt 0.255000 0.662500
vt 0.370000 0.750000
vt 0.255000 0.625000
vt 0.370000 0.662500
vt 0.370000 0.625000
vt 0.255000 0.662500
vt 0.255000 0.625000
vt 0.370000 0.662500
vt 0.370000 0.625000
vt 0.255000 0.662500
vt 0.255000 0.625000
vt 0.370000 0.662500
vt 0.370000 0.625000
vt 0.255000 0.662500
vt 0.255000 0.625000
vt 0.370000 0.662500
vt 0.370000 0.625000
vt 0.255000 0.662500
vt 0.255000 0.625000
vt 0.370000 0.662500
vt 0.370000 0.625000
vt 0.255000 0.662500
vt 0.255000 0.625000
vt 0.370000 0.662500
vt 0.370000 0.625000
vt 0.255000 0.662500
vt 0.255000 0.625000
vt 0.370000 0.662500
vt 0.329247 0.750000
vt 0.295753 0.750000
vt 0.358253 0.783494
vt 0.266747 0.783494
vt 0.370000 0.841506
vt 0.255000 0.841506
vt 0.370000 0.908493
vt 0.255000 0.908493
vt 0.358253 0.966506
vt 0.266747 0.966506
vt 0.329247 0.997500
vt 0.295753 0.997500
vt 0.275000 0.562500
vt 0.255000 0.625000
vt 0.312500 0.587500
vt 0.370000 0.625000
vt 0.350000 0.562500
vt 0.312500 0.587500
vt 0.275000 0.507500
vt 0.275000 0.562500
vt 0.255000 0.507500
vt 0.820070 0.485456
vt 0.819886 0.485456
vt 0.820070 0.485456
vt 0.820070 0.485456
vt 0.819703 0.485456
vt 0.819886 0.485456
vt 0.819703 0.485456
vt 0.819703 0.485456
vt 0.819886 0.485456
vt 0.819703 0.485456
vt 0.819886 0.485456
vt 0.819703 0.485456
vt 0.819703 0.485456
vt 0.820070 0.485456
vt 0.819886 0.485456
vt 0.820070 0.485456
vt 0.834732 0.447049
vt 0.874686 0.395839
vt 0.834732 0.395839
vt 0.834732 0.447049
vt 0.874686 0.447049
vt 0.874686 0.395839
vt 0.858924 0.399039
vt 0.864606 0.444026
vt 0.864606 0.399039
vt 0.858924 0.399039
vt 0.858924 0.444026
vt 0.864606 0.444026
vt 0.874686 0.447049
vt 0.834732 0.429267
vt 0.874686 0.429267
vt 0.874686 0.447049
vt 0.834732 0.447049
vt 0.834732 0.429267
vt 0.845362 0.399928
vt 0.852326 0.444204
vt 0.852326 0.399928
vt 0.845362 0.399928
vt 0.845362 0.444204
vt 0.852326 0.444204
vt 0.874686 0.447226
vt 0.834732 0.428912
vt 0.874686 0.428912
vt 0.874686 0.447226
vt 0.834732 0.447226
vt 0.834732 0.428912
vt 0.769485 0.138012
vt 0.761787 0.253946
vt 0.761421 0.133389
vt 0.769485 0.138012
vt 0.769852 0.253946
vt 0.761787 0.253946
vt 0.761421 0.374501
vt 0.769852 0.253946
vt 0.769485 0.370056
vt 0.761421 0.374501
vt 0.962658 0.366678
vt 0.930768 0.354231
vt 0.941215 0.386237
vt 0.962658 0.366678
vt 0.956427 0.340184
vt 0.930768 0.354231
vt 0.956427 0.340184
vt 0.952212 0.323292
vt 0.930768 0.354231
vt 0.937183 0.328093
vt 0.952212 0.323292
vt 0.949829 0.313334
vt 0.937183 0.328093
vt 0.796977 0.137123
vt 0.814021 0.146014
vt 0.813838 0.133034
vt 0.796977 0.137123
vt 0.783598 0.157927
vt 0.814021 0.146014
vt 0.814021 0.167707
vt 0.783598 0.157927
vt 0.786530 0.201669
vt 0.814021 0.167707
vt 0.814021 0.201669
vt 0.786530 0.201669
vt 0.786530 0.302132
vt 0.814021 0.201669
vt 0.814021 0.302132
vt 0.786530 0.302132
vt 0.814021 0.336094
vt 0.814021 0.302132
vt 0.786530 0.302132
vt 0.783598 0.345874
vt 0.814021 0.336094
vt 0.814021 0.357610
vt 0.783598 0.345874
vt 0.796977 0.366678
vt 0.814021 0.357610
vt 0.813838 0.370590
vt 0.949829 0.313334
vt 0.952212 0.323292
vt 0.937183 0.328093
vt 0.930768 0.354231
vt 0.952212 0.323292
vt 0.956427 0.340184
vt 0.930768 0.354231
vt 0.956427 0.340184
vt 0.962658 0.366678
vt 0.930768 0.354231
vt 0.941215 0.386237
vt 0.962658 0.366678
vt 0.981536 0.445093
vt 0.941215 0.386237
vt 0.960093 0.464474
vt 0.819703 0.493102
vt 0.819520 0.492390
vt 0.819520 0.494880
vt 0.730080 0.153126
vt 0.733380 0.133745
vt 0.735029 0.135168
vt 0.737045 0.228696
vt 0.727148 0.226385
vt 0.735029 0.135168
vt 0.730080 0.153126
vt 0.727148 0.226385
vt 0.716518 0.163262
vt 0.730080 0.153126
vt 0.728614 0.153838
vt 0.716518 0.163262
vt 0.727148 0.226385
vt 0.681512 0.171974
vt 0.727148 0.226385
vt 0.681512 0.225496
vt 0.681512 0.171974
vt 0.681512 0.225496
vt 0.636060 0.226385
vt 0.681512 0.171974
vt 0.646690 0.163262
vt 0.636060 0.226385
vt 0.633128 0.153126
vt 0.646690 0.163262
vt 0.634594 0.153838
vt 0.628179 0.135168
vt 0.636060 0.226385
vt 0.626163 0.228696
vt 0.628179 0.135168
vt 0.633128 0.153126
vt 0.636060 0.226385
vt 0.628179 0.135168
vt 0.629645 0.133745
vt 0.633128 0.153126
vt 0.723116 0.458606
vt 0.705705 0.471409
vt 0.722933 0.462518
vt 0.723116 0.458606
vt 0.692509 0.451672
vt 0.705705 0.471409
vt 0.692509 0.451672
vt 0.696174 0.474965
vt 0.705705 0.471409
vt 0.722933 0.462518
vt 0.692509 0.451494
vt 0.723116 0.458606
vt 0.722933 0.462518
vt 0.705705 0.471409
vt 0.692509 0.451494
vt 0.705705 0.471409
vt 0.696174 0.474965
vt 0.692509 0.451494
vt 0.632761 0.133389
vt 0.704056 0.141391
vt 0.704056 0.133389
vt 0.632761 0.133389
vt 0.632761 0.141391
vt 0.704056 0.141391
vt 0.704056 0.133389
vt 0.632761 0.141391
vt 0.632761 0.133389
vt 0.704056 0.133389
vt 0.704056 0.141391
vt 0.632761 0.141391
vt 0.632761 0.133389
vt 0.704056 0.141391
vt 0.704056 0.133389
vt 0.632761 0.133389
vt 0.632761 0.141391
vt 0.704056 0.141391
vt 0.724216 0.463763
vt 0.742727 0.458784
vt 0.724765 0.456650
vt 0.724216 0.463763
vt 0.739061 0.468564
vt 0.742727 0.458784
vt 0.724216 0.463763
vt 0.710837 0.472654
vt 0.739061 0.468564
vt 0.712670 0.481722
vt 0.820070 0.485456
vt 0.820070 0.485456
vt 0.820070 0.485456
vt 0.820070 0.485456
vt 0.820070 0.485456
vt 0.820070 0.485456
vt 0.820070 0.485456
vt 0.628179 0.440825
vt 0.636243 0.438869
vt 0.637526 0.444559
vt 0.628179 0.440825
vt 0.626896 0.438514
vt 0.636243 0.438869
vt 0.628179 0.440825
vt 0.650355 0.474254
vt 0.645590 0.476565
vt 0.628179 0.440825
vt 0.637526 0.444559
vt 0.650355 0.474254
vt 0.655670 0.482077
vt 0.646323 0.481011
vt 0.650355 0.474254
vt 0.645407 0.486345
vt 0.646323 0.481011
vt 0.649256 0.493635
vt 0.656953 0.497013
vt 0.646323 0.481011
vt 0.655670 0.482077
vt 0.656953 0.497013
vt 0.699107 0.494702
vt 0.655670 0.482077
vt 0.695075 0.478344
vt 0.699107 0.494702
vt 0.709920 0.490790
vt 0.695075 0.478344
vt 0.711570 0.484389
vt 0.709920 0.490790
vt 0.695075 0.478344
vt 0.706621 0.474254
vt 0.711570 0.484389
vt 0.739061 0.468564
vt 0.706621 0.474254
vt 0.724216 0.463763
vt 0.739061 0.468564
vt 0.742727 0.458784
vt 0.724216 0.463763
vt 0.724765 0.456650
vt 0.742727 0.458784
vt 0.655670 0.482077
vt 0.688477 0.479944
vt 0.695075 0.478344
vt 0.688477 0.479944
vt 0.682612 0.446515
vt 0.695075 0.478344
vt 0.690493 0.448116
vt 0.999314 0.258569
vt 0.955144 0.276705
vt 0.998214 0.278306
vt 0.999314 0.258569
vt 0.954594 0.259813
vt 0.955144 0.276705
vt 0.930402 0.278483
vt 0.930402 0.278483
vt 0.900161 0.291997
vt 0.897412 0.324536
vt 0.987401 0.367389
vt 0.969990 0.361343
vt 0.969806 0.376280
vt 0.987401 0.367389
vt 0.996931 0.338583
vt 0.969990 0.361343
vt 0.970173 0.347474
vt 0.996931 0.338583
vt 0.998397 0.319736
vt 0.970173 0.347474
vt 0.998397 0.319736
vt 0.994182 0.311912
vt 0.970173 0.347474
vt 0.969073 0.331116
vt 0.994182 0.311912
vt 0.996565 0.289330
vt 0.969073 0.331116
vt 0.957343 0.305688
vt 0.996565 0.289330
vt 0.998214 0.278306
vt 0.957343 0.305688
vt 0.998214 0.278306
vt 0.955144 0.276705
vt 0.957343 0.305688
vt 0.942315 0.300710
vt 0.955144 0.276705
vt 0.930402 0.278483
vt 0.942315 0.300710
vt 0.928203 0.304799
vt 0.930402 0.278483
vt 0.897412 0.324536
vt 0.928203 0.304799
vt 0.917939 0.325603
vt 0.897412 0.324536
vt 0.896129 0.367567
vt 0.917939 0.325603
vt 0.914823 0.358143
vt 0.896129 0.367567
vt 0.914823 0.371301
vt 0.914823 0.358143
vt 0.896129 0.367567
vt 0.899978 0.376280
vt 0.914823 0.371301
vt 0.896129 0.367567
vt 0.893014 0.382681
vt 0.899978 0.376280
vt 0.896129 0.367567
vt 0.853792 0.386593
vt 0.893014 0.382681
vt 0.896129 0.367567
vt 0.853792 0.375213
vt 0.853792 0.386593
vt 0.896129 0.367567
vt 0.853792 0.335205
vt 0.853792 0.375213
vt 0.896129 0.367567
vt 0.897412 0.324536
vt 0.853792 0.335205
vt 0.853976 0.308178
vt 0.897412 0.324536
vt 0.900161 0.291997
vt 0.853976 0.308178
vt 0.901261 0.275638
vt 0.900161 0.291997
vt 0.930402 0.278483
vt 0.901261 0.275638
vt 0.930035 0.262303
vt 0.930402 0.278483
vt 0.954594 0.259813
vt 0.930035 0.262303
vt 0.952761 0.244343
vt 0.954594 0.259813
vt 0.999314 0.258569
vt 0.952761 0.244343
vt 0.999314 0.258569
vt 0.998947 0.237409
vt 0.952761 0.244343
vt 0.998947 0.237409
vt 0.962475 0.237942
vt 0.952761 0.244343
vt 0.957893 0.239721
vt 0.996931 0.338583
vt 0.987401 0.367389
vt 0.999130 0.354409
vt 0.854709 0.287196
vt 0.854342 0.294131
vt 0.901261 0.275638
vt 0.853976 0.308178
vt 0.929486 0.252701
vt 0.935534 0.246655
vt 0.904377 0.264970
vt 0.929486 0.252701
vt 0.952761 0.244343
vt 0.935534 0.246655
vt 0.929486 0.252701
vt 0.930035 0.262303
vt 0.952761 0.244343
vt 0.929486 0.252701
vt 0.901261 0.275638
vt 0.930035 0.262303
vt 0.929486 0.252701
vt 0.901261 0.269948
vt 0.901261 0.275638
vt 0.854709 0.287196
vt 0.901261 0.269948
vt 0.897412 0.270126
vt 0.854709 0.287196
vt 0.855259 0.284884
vt 0.904377 0.264970
vt 0.901261 0.269948
vt 0.929486 0.252701
vt 0.904377 0.264970
vt 0.897412 0.270126
vt 0.901261 0.269948
vt 0.820070 0.485456
vt 0.820070 0.485456
vt 0.820070 0.485456
vt 0.820070 0.485456
vt 0.820070 0.485456
vt 0.820070 0.485456
vt 0.820070 0.485456
vt 0.674182 0.151704
vt 0.662452 0.151704
vt 0.662452 0.162373
vt 0.674182 0.151704
vt 0.676014 0.147436
vt 0.662452 0.151704
vt 0.665567 0.147436
vt 0.676014 0.147436
vt 0.676014 0.157927
vt 0.665567 0.147436
vt 0.665567 0.157927
vt 0.676014 0.157927
vt 0.674365 0.162373
vt 0.665567 0.157927
vt 0.662452 0.162373
vt 0.674365 0.162373
vt 0.674182 0.151704
vt 0.662452 0.162373
vt 0.674365 0.151704
vt 0.662452 0.151704
vt 0.662452 0.162373
vt 0.674365 0.151704
vt 0.676014 0.147436
vt 0.662452 0.151704
vt 0.665384 0.147436
vt 0.676014 0.147436
vt 0.676014 0.157927
vt 0.665384 0.147436
vt 0.665567 0.157927
vt 0.676014 0.157927
vt 0.674365 0.162373
vt 0.665567 0.157927
vt 0.662452 0.162373
vt 0.674365 0.162373
vt 0.674365 0.151704
vt 0.662452 0.162373
vt 0.941215 0.386237
vt 0.928936 0.354764
vt 0.939382 0.387837
vt 0.941215 0.386237
vt 0.930768 0.354231
vt 0.928936 0.354764
vt 0.695075 0.478344
vt 0.682612 0.446515
vt 0.688477 0.479944
vt 0.695075 0.478344
vt 0.690493 0.448116
vt 0.682612 0.446515
vt 0.955271 0.173501
vt 0.917023 0.194912
vt 0.918305 0.151882
vt 0.955271 0.173501
vt 0.955088 0.200528
vt 0.917023 0.194912
vt 0.918305 0.151882
vt 0.955271 0.133494
vt 0.955271 0.173501
vt 0.918305 0.151882
vt 0.954783 0.126997
vt 0.955271 0.133494
vt 0.918305 0.151882
vt 0.921604 0.136590
vt 0.954783 0.126997
vt 0.918305 0.151882
vt 0.914640 0.143169
vt 0.921604 0.136590
vt 0.918305 0.151882
vt 0.899795 0.161306
vt 0.914640 0.143169
vt 0.918305 0.151882
vt 0.917023 0.194912
vt 0.899795 0.161306
vt 0.896496 0.193845
vt 0.917023 0.194912
vt 0.886415 0.214649
vt 0.896496 0.193845
vt 0.917023 0.194912
vt 0.914457 0.227452
vt 0.886415 0.214649
vt 0.917023 0.194912
vt 0.955088 0.200528
vt 0.914457 0.227452
vt 0.955088 0.200528
vt 0.954905 0.214398
vt 0.914457 0.227452
vt 0.913174 0.243810
vt 0.954905 0.214398
vt 0.913357 0.249500
vt 0.913174 0.243810
vt 0.884583 0.257146
vt 0.913357 0.249500
vt 0.884949 0.266748
vt 0.884583 0.257146
vt 0.861857 0.275105
vt 0.884949 0.266748
vt 0.878901 0.272793
vt 0.861857 0.275105
vt 0.884949 0.266748
vt 0.910058 0.254479
vt 0.878901 0.272793
vt 0.884949 0.266748
vt 0.913357 0.249500
vt 0.910058 0.254479
vt 0.917206 0.249145
vt 0.913357 0.249500
vt 0.954538 0.221510
vt 0.917206 0.249145
vt 0.953805 0.223822
vt 0.954905 0.214398
vt 0.954538 0.221510
vt 0.913357 0.249500
vt 0.899795 0.161306
vt 0.899612 0.148148
vt 0.914640 0.143169
vt 0.827217 0.152059
vt 0.818420 0.179620
vt 0.815304 0.162373
vt 0.827217 0.152059
vt 0.826118 0.170730
vt 0.818420 0.179620
vt 0.816037 0.200247
vt 0.826118 0.170730
vt 0.823552 0.190822
vt 0.816037 0.200247
vt 0.826118 0.170730
vt 0.844445 0.171974
vt 0.823552 0.190822
vt 0.820436 0.207714
vt 0.844445 0.171974
vt 0.845545 0.188333
vt 0.820436 0.207714
vt 0.845545 0.188333
vt 0.857091 0.213760
vt 0.820436 0.207714
vt 0.818054 0.230119
vt 0.857091 0.213760
vt 0.816221 0.241143
vt 0.818054 0.230119
vt 0.857091 0.213760
vt 0.859291 0.242743
vt 0.816221 0.241143
vt 0.857091 0.213760
vt 0.872303 0.218739
vt 0.859291 0.242743
vt 0.884033 0.240965
vt 0.872303 0.218739
vt 0.886415 0.214649
vt 0.884033 0.240965
vt 0.886415 0.214649
vt 0.914457 0.227452
vt 0.884033 0.240965
vt 0.914457 0.227452
vt 0.913174 0.243810
vt 0.884033 0.240965
vt 0.913174 0.243810
vt 0.884583 0.257146
vt 0.884033 0.240965
vt 0.860024 0.259636
vt 0.884583 0.257146
vt 0.861857 0.275105
vt 0.860024 0.259636
vt 0.815121 0.260880
vt 0.861857 0.275105
vt 0.815671 0.282040
vt 0.815121 0.260880
vt 0.861857 0.275105
vt 0.851959 0.281328
vt 0.815671 0.282040
vt 0.861857 0.275105
vt 0.856725 0.279728
vt 0.851959 0.281328
vt 0.823552 0.190822
vt 0.820436 0.207714
vt 0.816037 0.200247
vt 0.816221 0.241143
vt 0.859291 0.242743
vt 0.815121 0.260880
vt 0.860024 0.259636
vt 0.859291 0.242743
vt 0.884033 0.240965
vt 0.860024 0.259636
vt 0.826118 0.170730
vt 0.844445 0.158105
vt 0.844445 0.171974
vt 0.826118 0.170730
vt 0.827217 0.152059
vt 0.844445 0.158105
vt 0.827217 0.152059
vt 0.844812 0.143169
vt 0.844445 0.158105
vt 0.818787 0.495058
vt 0.819153 0.493457
vt 0.818787 0.493102
vt 0.639542 0.443848
vt 0.681329 0.447582
vt 0.639542 0.440647
vt 0.639542 0.443848
vt 0.651821 0.472120
vt 0.681329 0.447582
vt 0.651821 0.472120
vt 0.656220 0.477277
vt 0.681329 0.447582
vt 0.656220 0.477277
vt 0.686278 0.475498
vt 0.681329 0.447582
vt 0.817870 0.492568
vt 0.818787 0.493102
vt 0.819153 0.493457
vt 0.817870 0.492568
vt 0.817870 0.493102
vt 0.818787 0.493102
vt 0.819520 0.494880
vt 0.819153 0.493457
vt 0.818787 0.495058
vt 0.819520 0.494880
vt 0.819520 0.492390
vt 0.819153 0.493457
vt 0.819520 0.492390
vt 0.819153 0.489545
vt 0.819153 0.493457
vt 0.817870 0.492568
vt 0.819153 0.489545
vt 0.817687 0.489723
vt 0.817870 0.492568
vt 0.819153 0.485456
vt 0.819703 0.487412
vt 0.819703 0.485456
vt 0.819153 0.485456
vt 0.818787 0.487412
vt 0.819703 0.487412
vt 0.819703 0.489723
vt 0.818787 0.487412
vt 0.819153 0.489545
vt 0.819703 0.489723
vt 0.819153 0.489545
vt 0.819520 0.492390
vt 0.819703 0.489723
vt 0.820619 0.492568
vt 0.819520 0.492390
vt 0.819703 0.493102
vt 0.820619 0.492568
vt 0.820619 0.493102
vt 0.820619 0.492568
vt 0.820619 0.489723
vt 0.819703 0.489723
vt 0.855992 0.177664
vt 0.872303 0.133212
vt 0.849943 0.133745
vt 0.855992 0.177664
vt 0.872303 0.178020
vt 0.872303 0.133212
vt 0.872303 0.178020
vt 0.888615 0.177664
vt 0.872303 0.133212
vt 0.894480 0.133745
vt 0.848844 0.135345
vt 0.850310 0.177309
vt 0.849943 0.133745
vt 0.855992 0.177664
vt 0.850310 0.177309
vt 0.852693 0.199713
vt 0.855992 0.177664
vt 0.852693 0.199713
vt 0.858741 0.204336
vt 0.855992 0.177664
vt 0.872303 0.178020
vt 0.858741 0.204336
vt 0.872303 0.208070
vt 0.872303 0.178020
vt 0.872303 0.208070
vt 0.885682 0.204336
vt 0.872303 0.178020
vt 0.888615 0.177664
vt 0.885682 0.204336
vt 0.891914 0.199713
vt 0.888615 0.177664
vt 0.891914 0.199713
vt 0.894113 0.177309
vt 0.888615 0.177664
vt 0.894480 0.133745
vt 0.894113 0.177309
vt 0.895763 0.135345
vt 0.894480 0.133745
vt 0.820070 0.489012
vt 0.819703 0.489723
vt 0.820803 0.489012
vt 0.820803 0.489545
vt 0.819703 0.489723
vt 0.820619 0.489723
vt 0.820803 0.489545
vt 0.949829 0.313334
vt 0.936084 0.325070
vt 0.948913 0.309778
vt 0.949829 0.313334
vt 0.937183 0.328093
vt 0.936084 0.325070
vt 0.928936 0.354764
vt 0.937183 0.328093
vt 0.930768 0.354231
vt 0.928936 0.354764
vt 0.907309 0.393883
vt 0.880184 0.404907
vt 0.880367 0.392994
vt 0.907309 0.393883
vt 0.907309 0.405263
vt 0.880184 0.404907
vt 0.878168 0.441714
vt 0.907309 0.405263
vt 0.907492 0.445270
vt 0.878168 0.441714
vt 0.870287 0.467141
vt 0.907492 0.445270
vt 0.907492 0.472298
vt 0.870287 0.467141
vt 0.907492 0.472298
vt 0.907859 0.486167
vt 0.870287 0.467141
vt 0.861673 0.474787
vt 0.907859 0.486167
vt 0.865522 0.487056
vt 0.861673 0.474787
vt 0.907859 0.486167
vt 0.908225 0.493279
vt 0.865522 0.487056
vt 0.867538 0.496302
vt 0.819703 0.485456
vt 0.819703 0.487412
vt 0.820070 0.485456
vt 0.820070 0.487412
vt 0.819703 0.487412
vt 0.820070 0.489012
vt 0.820070 0.487412
vt 0.819703 0.487412
vt 0.819703 0.489723
vt 0.820070 0.489012
vt 0.740711 0.356720
vt 0.761421 0.374501
vt 0.747492 0.369167
vt 0.740711 0.356720
vt 0.737412 0.328982
vt 0.761421 0.374501
vt 0.737412 0.328982
vt 0.740528 0.301421
vt 0.761421 0.374501
vt 0.761787 0.253946
vt 0.740528 0.301421
vt 0.740528 0.253946
vt 0.761787 0.253946
vt 0.740528 0.253946
vt 0.740528 0.206470
vt 0.761787 0.253946
vt 0.761421 0.133389
vt 0.740528 0.206470
vt 0.737412 0.178909
vt 0.761421 0.133389
vt 0.737412 0.178909
vt 0.740711 0.150993
vt 0.761421 0.133389
vt 0.747492 0.138724
vt 0.651821 0.471942
vt 0.639542 0.443848
vt 0.639542 0.440647
vt 0.681329 0.447582
vt 0.686278 0.475498
vt 0.639542 0.440647
vt 0.651821 0.471942
vt 0.686278 0.475498
vt 0.656220 0.477098
vt 0.651821 0.471942
vt 0.732646 0.453627
vt 0.732646 0.373435
vt 0.747309 0.454339
vt 0.746392 0.373435
vt 0.732646 0.373435
vt 0.747309 0.454339
vt 0.746392 0.373435
vt 0.732646 0.373435
vt 0.732646 0.453627
vt 0.747309 0.454339
vt 0.935230 0.395303
vt 0.910425 0.405441
vt 0.910425 0.394061
vt 0.935230 0.395303
vt 0.934132 0.404109
vt 0.910425 0.405441
vt 0.910241 0.445448
vt 0.934132 0.404109
vt 0.939749 0.442247
vt 0.910241 0.445448
vt 0.910058 0.472475
vt 0.939749 0.442247
vt 0.947447 0.467319
vt 0.910058 0.472475
vt 0.909875 0.486345
vt 0.947447 0.467319
vt 0.956060 0.474965
vt 0.909875 0.486345
vt 0.956060 0.474965
vt 0.952212 0.487234
vt 0.909875 0.486345
vt 0.952212 0.487234
vt 0.950012 0.496480
vt 0.909875 0.486345
vt 0.909508 0.493457
vt 0.655670 0.482077
vt 0.650355 0.474254
vt 0.645590 0.476743
vt 0.628179 0.440825
vt 0.650355 0.474254
vt 0.637526 0.444559
vt 0.628179 0.440825
vt 0.637526 0.444559
vt 0.636243 0.438869
vt 0.628179 0.440825
vt 0.626896 0.438514
vt 0.817687 0.489723
vt 0.819153 0.489545
vt 0.817687 0.489545
vt 0.818054 0.489012
vt 0.819153 0.489545
vt 0.818420 0.489012
vt 0.818054 0.489012
vt 0.715235 0.436202
vt 0.718168 0.423755
vt 0.719084 0.429090
vt 0.715235 0.436202
vt 0.707355 0.439758
vt 0.718168 0.423755
vt 0.708821 0.424822
vt 0.707355 0.439758
vt 0.675831 0.422511
vt 0.708821 0.424822
vt 0.707355 0.439758
vt 0.669416 0.421088
vt 0.675831 0.422511
vt 0.707355 0.439758
vt 0.665384 0.437269
vt 0.669416 0.421088
vt 0.665384 0.437269
vt 0.654571 0.433535
vt 0.669416 0.421088
vt 0.654571 0.433535
vt 0.652738 0.427134
vt 0.669416 0.421088
vt 0.657870 0.416998
vt 0.930768 0.354231
vt 0.937183 0.328093
vt 0.928936 0.354764
vt 0.936084 0.325070
vt 0.937183 0.328093
vt 0.949829 0.313334
vt 0.936084 0.325070
vt 0.949829 0.313334
vt 0.948913 0.309778
vt 0.936084 0.325070
vt 0.799176 0.435669
vt 0.806324 0.494702
vt 0.809989 0.435669
vt 0.799176 0.435669
vt 0.798993 0.494169
vt 0.806324 0.494702
vt 0.799176 0.435669
vt 0.761238 0.490079
vt 0.798993 0.494169
vt 0.799176 0.435669
vt 0.760871 0.435669
vt 0.761238 0.490079
vt 0.751341 0.487945
vt 0.760871 0.435669
vt 0.751707 0.435669
vt 0.751341 0.487945
vt 0.760871 0.435669
vt 0.751341 0.383392
vt 0.751707 0.435669
vt 0.760871 0.435669
vt 0.761238 0.381258
vt 0.751341 0.383392
vt 0.760871 0.435669
vt 0.798993 0.377169
vt 0.761238 0.381258
vt 0.760871 0.435669
vt 0.799176 0.435669
vt 0.798993 0.377169
vt 0.799176 0.435669
vt 0.809989 0.435669
vt 0.798993 0.377169
vt 0.806324 0.376457
vt 0.809989 0.435669
vt 0.809073 0.375035
vt 0.806324 0.376457
vt 0.809989 0.435669
vt 0.813471 0.435669
vt 0.809073 0.375035
vt 0.809989 0.435669
vt 0.806324 0.494702
vt 0.813471 0.435669
vt 0.809073 0.496302
vt 0.819153 0.489545
vt 0.818787 0.487412
vt 0.818420 0.489012
vt 0.818420 0.487412
vt 0.818787 0.487412
vt 0.818420 0.485456
vt 0.818420 0.487412
vt 0.818787 0.487412
vt 0.819153 0.485456
vt 0.818420 0.485456
vt 0.779749 0.150282
vt 0.780665 0.172686
vt 0.769485 0.138012
vt 0.780665 0.172686
vt 0.780665 0.253946
vt 0.769485 0.138012
vt 0.769852 0.253946
vt 0.780665 0.253946
vt 0.769485 0.370056
vt 0.769852 0.253946
vt 0.780665 0.253946
vt 0.780665 0.335205
vt 0.769485 0.370056
vt 0.779749 0.357610
vt 0.848477 0.304088
vt 0.846278 0.337339
vt 0.851776 0.285951
vt 0.816221 0.296264
vt 0.846278 0.337339
vt 0.816587 0.337339
vt 0.816221 0.296264
vt 0.846278 0.337339
vt 0.816221 0.378236
vt 0.816587 0.337339
vt 0.846278 0.337339
vt 0.851776 0.388727
vt 0.816221 0.378236
vt 0.846278 0.337339
vt 0.848477 0.370590
vt 0.851776 0.388727
vt 0.674182 0.151704
vt 0.674365 0.162373
vt 0.662452 0.162373
vt 0.665567 0.157927
vt 0.674365 0.162373
vt 0.676014 0.157927
vt 0.665567 0.157927
vt 0.665567 0.147436
vt 0.676014 0.157927
vt 0.676014 0.147436
vt 0.665567 0.147436
vt 0.662452 0.151704
vt 0.676014 0.147436
vt 0.674182 0.151704
vt 0.662452 0.151704
vt 0.662452 0.162373
vt 0.674365 0.151704
vt 0.674365 0.162373
vt 0.662452 0.162373
vt 0.665567 0.157927
vt 0.674365 0.162373
vt 0.676014 0.157927
vt 0.665567 0.157927
vt 0.665384 0.147436
vt 0.676014 0.157927
vt 0.676014 0.147436
vt 0.665384 0.147436
vt 0.662268 0.151704
vt 0.676014 0.147436
vt 0.674365 0.151704
vt 0.662268 0.151704
vt 0.662452 0.162373
vt 0.930768 0.354231
vt 0.941215 0.386237
vt 0.928936 0.354764
vt 0.939382 0.387837
vt 0.941215 0.386237
vt 0.960093 0.464474
vt 0.939382 0.387837
vt 0.958260 0.466074
vt 0.672705 0.412132
vt 0.670019 0.394022
vt 0.677106 0.391948
vt 0.722320 0.414373
vt 0.721228 0.414346
vt 0.723779 0.412132
vt 0.726465 0.394022
vt 0.721228 0.414346
vt 0.719378 0.391948
vt 0.726465 0.394022
vt 0.721228 0.414346
vt 0.716019 0.413989
vt 0.719378 0.391948
vt 0.716019 0.413989
vt 0.698242 0.413506
vt 0.719378 0.391948
vt 0.698242 0.390314
vt 0.698242 0.413506
vt 0.677106 0.391948
vt 0.698242 0.390314
vt 0.698242 0.413506
vt 0.680465 0.413989
vt 0.677106 0.391948
vt 0.680465 0.413989
vt 0.675256 0.414346
vt 0.677106 0.391948
vt 0.672705 0.412132
vt 0.675256 0.414346
vt 0.674164 0.414373
vt 0.672705 0.412132
vt 0.711130 0.471557
vt 0.708395 0.467122
vt 0.722767 0.462202
vt 0.708395 0.467122
vt 0.708168 0.461635
vt 0.722767 0.462202
vt 0.723900 0.456861
vt 0.708168 0.461635
vt 0.723593 0.451649
vt 0.723900 0.456861
vt 0.708168 0.461635
vt 0.708071 0.456068
vt 0.723593 0.451649
vt 0.708103 0.450856
vt 0.708071 0.456068
vt 0.702002 0.449707
vt 0.708103 0.450856
vt 0.708071 0.456068
vt 0.703652 0.456699
vt 0.702002 0.449707
vt 0.703652 0.456699
vt 0.699201 0.459839
vt 0.702002 0.449707
vt 0.691724 0.448428
vt 0.699201 0.459839
vt 0.694136 0.463626
vt 0.691724 0.448428
vt 0.699201 0.459839
vt 0.699460 0.462024
vt 0.694136 0.463626
vt 0.696838 0.480604
vt 0.699460 0.462024
vt 0.699703 0.464209
vt 0.696838 0.480604
vt 0.703442 0.476655
vt 0.699703 0.464209
vt 0.704025 0.466734
vt 0.703442 0.476655
vt 0.704025 0.466734
vt 0.708395 0.467122
vt 0.703442 0.476655
vt 0.711130 0.471557
vt 0.703733 0.457508
vt 0.704073 0.460680
vt 0.708006 0.456327
vt 0.708476 0.459871
vt 0.704073 0.460680
vt 0.704073 0.465309
vt 0.708476 0.459871
vt 0.708427 0.464970
vt 0.704073 0.465309
vt 0.704025 0.466734
vt 0.708427 0.464970
vt 0.704025 0.466734
vt 0.708395 0.467122
vt 0.708427 0.464970
vt 0.708395 0.467122
vt 0.708168 0.461635
vt 0.708427 0.464970
vt 0.708476 0.459871
vt 0.708168 0.461635
vt 0.708006 0.456327
vt 0.708476 0.459871
vt 0.708168 0.461635
vt 0.708071 0.456068
vt 0.708006 0.456327
vt 0.703733 0.457508
vt 0.708071 0.456068
vt 0.703652 0.456699
vt 0.703733 0.457508
vt 0.703652 0.456699
vt 0.699201 0.459839
vt 0.703733 0.457508
vt 0.699201 0.459839
vt 0.699460 0.462024
vt 0.703733 0.457508
vt 0.704073 0.460680
vt 0.699460 0.462024
vt 0.699703 0.464209
vt 0.704073 0.460680
vt 0.704073 0.465309
vt 0.699703 0.464209
vt 0.704025 0.466734
vt 0.704073 0.465309
vt 0.708006 0.456327
vt 0.704073 0.460680
vt 0.703733 0.457508
vt 0.708006 0.456327
vt 0.708476 0.459871
vt 0.704073 0.460680
vt 0.704073 0.465309
vt 0.708476 0.459871
vt 0.708427 0.464970
vt 0.704073 0.465309
vt 0.704025 0.466734
vt 0.708427 0.464970
vt 0.708395 0.467122
vt 0.704025 0.466734
vt 0.708427 0.464970
vt 0.708168 0.461635
vt 0.708395 0.467122
vt 0.708427 0.464970
vt 0.708476 0.459871
vt 0.708168 0.461635
vt 0.708476 0.459871
vt 0.708006 0.456327
vt 0.708168 0.461635
vt 0.708071 0.456068
vt 0.708006 0.456327
vt 0.703733 0.457508
vt 0.708071 0.456068
vt 0.703652 0.456699
vt 0.703733 0.457508
vt 0.699201 0.459839
vt 0.703652 0.456699
vt 0.703733 0.457508
vt 0.699460 0.462024
vt 0.699201 0.459839
vt 0.703733 0.457508
vt 0.704073 0.460680
vt 0.699460 0.462024
vt 0.699703 0.464209
vt 0.704073 0.460680
vt 0.704073 0.465309
vt 0.699703 0.464209
vt 0.704025 0.466734
vt 0.711130 0.471557
vt 0.722767 0.462202
vt 0.708395 0.467122
vt 0.708168 0.461635
vt 0.722767 0.462202
vt 0.723900 0.456861
vt 0.708168 0.461635
vt 0.723900 0.456861
vt 0.723593 0.451649
vt 0.708168 0.461635
vt 0.708071 0.456068
vt 0.723593 0.451649
vt 0.708103 0.450856
vt 0.708071 0.456068
vt 0.708103 0.450856
vt 0.702002 0.449707
vt 0.708071 0.456068
vt 0.703652 0.456699
vt 0.702002 0.449707
vt 0.699201 0.459839
vt 0.703652 0.456699
vt 0.702002 0.449707
vt 0.691724 0.448428
vt 0.699201 0.459839
vt 0.691724 0.448428
vt 0.694136 0.463626
vt 0.699201 0.459839
vt 0.699460 0.462024
vt 0.694136 0.463626
vt 0.696838 0.480604
vt 0.699460 0.462024
vt 0.699703 0.464209
vt 0.696838 0.480604
vt 0.703442 0.476655
vt 0.699703 0.464209
vt 0.704025 0.466734
vt 0.703442 0.476655
vt 0.708395 0.467122
vt 0.704025 0.466734
vt 0.703442 0.476655
vt 0.711130 0.471557
vt 0.708395 0.467122
vt 0.892476 0.150217
vt 0.888656 0.165224
vt 0.871537 0.133394
vt 0.882643 0.176676
vt 0.875463 0.182600
vt 0.871537 0.133394
vt 0.850563 0.150059
vt 0.849254 0.133552
vt 0.871537 0.133394
vt 0.867611 0.182600
vt 0.860431 0.176676
vt 0.871537 0.133394
vt 0.854418 0.165303
vt 0.850598 0.150296
vt 0.871537 0.133394
vt 0.854418 0.165303
vt 0.850598 0.150296
vt 0.871537 0.133394
vt 0.860360 0.176597
vt 0.854489 0.165460
vt 0.871537 0.133394
vt 0.893820 0.133552
vt 0.892512 0.150059
vt 0.871537 0.133394
vt 0.875357 0.182679
vt 0.867717 0.182679
vt 0.871537 0.133394
vt 0.888586 0.165460
vt 0.882750 0.176597
vt 0.871537 0.133394
vt 0.850563 0.150059
vt 0.849254 0.133552
vt 0.871537 0.133394
vt 0.892476 0.150217
vt 0.888656 0.165224
vt 0.871537 0.133394
vt 0.860360 0.176597
vt 0.854489 0.165460
vt 0.871537 0.133394
vt 0.882643 0.176676
vt 0.875463 0.182600
vt 0.871537 0.133394
vt 0.875357 0.182679
vt 0.867717 0.182679
vt 0.871537 0.133394
vt 0.867611 0.182600
vt 0.860431 0.176676
vt 0.871537 0.133394
vt 0.888586 0.165460
vt 0.882750 0.176597
vt 0.871537 0.133394
vt 0.854418 0.165303
vt 0.850598 0.150296
vt 0.871537 0.133394
vt 0.893820 0.133552
vt 0.892512 0.150059
vt 0.871537 0.133394
vt 0.683262 0.397863
vt 0.684256 0.403630
vt 0.677858 0.396825
vt 0.683262 0.397863
vt 0.685438 0.400199
vt 0.684256 0.403630
vt 0.689509 0.402319
vt 0.696282 0.406331
vt 0.684256 0.403630
vt 0.689509 0.402319
vt 0.693599 0.403231
vt 0.696282 0.406331
vt 0.698927 0.403242
vt 0.708308 0.403630
vt 0.696282 0.406331
vt 0.698927 0.403242
vt 0.703017 0.402319
vt 0.708308 0.403630
vt 0.707107 0.400222
vt 0.714705 0.396825
vt 0.708308 0.403630
vt 0.707107 0.400222
vt 0.709283 0.397897
vt 0.714705 0.396825
vt 0.682342 0.394990
vt 0.680072 0.400564
vt 0.677277 0.394854
vt 0.682342 0.394990
vt 0.683093 0.397589
vt 0.680072 0.400564
vt 0.685738 0.400427
vt 0.689884 0.405636
vt 0.680072 0.400564
vt 0.685738 0.400427
vt 0.689078 0.402159
vt 0.689884 0.405636
vt 0.694087 0.403288
vt 0.702680 0.405636
vt 0.689884 0.405636
vt 0.694087 0.403288
vt 0.698439 0.403288
vt 0.702680 0.405636
vt 0.703449 0.402171
vt 0.712492 0.400564
vt 0.702680 0.405636
vt 0.703449 0.402171
vt 0.706788 0.400450
vt 0.712492 0.400564
vt 0.709452 0.397623
vt 0.715287 0.394854
vt 0.712492 0.400564
vt 0.709452 0.397623
vt 0.710221 0.395013
vt 0.715287 0.394854
vt 0.683262 0.397863
vt 0.684256 0.403630
vt 0.677858 0.396825
vt 0.683262 0.397863
vt 0.685438 0.400199
vt 0.684256 0.403630
vt 0.689509 0.402319
vt 0.696282 0.406331
vt 0.684256 0.403630
vt 0.689509 0.402319
vt 0.693599 0.403231
vt 0.696282 0.406331
vt 0.698927 0.403242
vt 0.708308 0.403630
vt 0.696282 0.406331
vt 0.698927 0.403242
vt 0.703017 0.402319
vt 0.708308 0.403630
vt 0.707107 0.400222
vt 0.714705 0.396825
vt 0.708308 0.403630
vt 0.707107 0.400222
vt 0.709283 0.397897
vt 0.714705 0.396825
vt 0.683262 0.397863
vt 0.684256 0.403630
vt 0.677858 0.396825
vt 0.683262 0.397863
vt 0.685438 0.400199
vt 0.684256 0.403630
vt 0.689509 0.402308
vt 0.696282 0.406331
vt 0.684256 0.403630
vt 0.689509 0.402308
vt 0.693599 0.403231
vt 0.696282 0.406331
vt 0.698927 0.403242
vt 0.708308 0.403630
vt 0.696282 0.406331
vt 0.698927 0.403242
vt 0.703017 0.402319
vt 0.708308 0.403630
vt 0.707107 0.400222
vt 0.714705 0.396825
vt 0.708308 0.403630
vt 0.707107 0.400222
vt 0.709283 0.397885
vt 0.714705 0.396825
vt 0.682342 0.394990
vt 0.680072 0.400564
vt 0.677277 0.394854
vt 0.682342 0.394990
vt 0.683093 0.397589
vt 0.680072 0.400564
vt 0.685738 0.400427
vt 0.689884 0.405636
vt 0.680072 0.400564
vt 0.685738 0.400427
vt 0.689078 0.402159
vt 0.689884 0.405636
vt 0.694087 0.403288
vt 0.702680 0.405636
vt 0.689884 0.405636
vt 0.694087 0.403288
vt 0.698439 0.403288
vt 0.702680 0.405636
vt 0.703449 0.402182
vt 0.712492 0.400564
vt 0.702680 0.405636
vt 0.703449 0.402182
vt 0.706788 0.400450
vt 0.712492 0.400564
vt 0.709452 0.397623
vt 0.715287 0.394854
vt 0.712492 0.400564
vt 0.709452 0.397623
vt 0.710221 0.395013
vt 0.715287 0.394854
vt 0.682342 0.394990
vt 0.680072 0.400564
vt 0.677277 0.394854
vt 0.682342 0.394990
vt 0.683093 0.397589
vt 0.680072 0.400564
vt 0.685738 0.400427
vt 0.689884 0.405636
vt 0.680072 0.400564
vt 0.685738 0.400427
vt 0.689078 0.402159
vt 0.689884 0.405636
vt 0.694087 0.403288
vt 0.702680 0.405636
vt 0.689884 0.405636
vt 0.694087 0.403288
vt 0.698439 0.403288
vt 0.702680 0.405636
vt 0.703449 0.402171
vt 0.712492 0.400564
vt 0.702680 0.405636
vt 0.703449 0.402171
vt 0.706788 0.400450
vt 0.712492 0.400564
vt 0.709452 0.397623
vt 0.715287 0.394854
vt 0.712492 0.400564
vt 0.709452 0.397623
vt 0.710221 0.395013
vt 0.715287 0.394854
vt 0.683262 0.397863
vt 0.684256 0.403630
vt 0.677858 0.396825
vt 0.683262 0.397863
vt 0.685438 0.400199
vt 0.684256 0.403630
vt 0.689509 0.402319
vt 0.696282 0.406331
vt 0.684256 0.403630
vt 0.689509 0.402319
vt 0.693599 0.403231
vt 0.696282 0.406331
vt 0.698927 0.403242
vt 0.708308 0.403630
vt 0.696282 0.406331
vt 0.698927 0.403242
vt 0.703017 0.402319
vt 0.708308 0.403630
vt 0.707107 0.400222
vt 0.714705 0.396825
vt 0.708308 0.403630
vt 0.707107 0.400222
vt 0.709283 0.397897
vt 0.714705 0.396825
vt 0.683093 0.397589
vt 0.677277 0.394854
vt 0.682342 0.394990
vt 0.683093 0.397589
vt 0.678421 0.398797
vt 0.677277 0.394854
vt 0.683262 0.397863
vt 0.681723 0.402319
vt 0.678421 0.398797
vt 0.683262 0.397863
vt 0.685438 0.400199
vt 0.681723 0.402319
vt 0.685738 0.400427
vt 0.689884 0.405636
vt 0.681723 0.402319
vt 0.685738 0.400427
vt 0.689078 0.402159
vt 0.689884 0.405636
vt 0.694087 0.403288
vt 0.702680 0.405636
vt 0.689884 0.405636
vt 0.694087 0.403288
vt 0.698439 0.403288
vt 0.702680 0.405636
vt 0.703449 0.402171
vt 0.712492 0.400564
vt 0.702680 0.405636
vt 0.703449 0.402171
vt 0.706788 0.400450
vt 0.712492 0.400564
vt 0.715287 0.394854
vt 0.709452 0.397623
vt 0.710221 0.395013
vt 0.715287 0.394854
vt 0.712492 0.400564
vt 0.709452 0.397623
vt 0.837106 0.397656
vt 0.839932 0.397656
vt 0.837106 0.422107
vt 0.839932 0.422107
vt 0.839932 0.397656
vt 0.843694 0.397656
vt 0.839932 0.422107
vt 0.843694 0.422107
vt 0.843694 0.397656
vt 0.847462 0.397656
vt 0.843694 0.422107
vt 0.847462 0.422107
vt 0.847462 0.397656
vt 0.851229 0.397656
vt 0.847462 0.422107
vt 0.851229 0.422107
vt 0.851229 0.397656
vt 0.854991 0.397656
vt 0.851229 0.422107
vt 0.854991 0.422107
vt 0.854991 0.397656
vt 0.857817 0.397656
vt 0.854991 0.422107
vt 0.857817 0.422107
vt 0.857817 0.397656
vt 0.859700 0.397656
vt 0.857817 0.422107
vt 0.859700 0.422107
vt 0.859700 0.397656
vt 0.862521 0.397656
vt 0.859700 0.422107
vt 0.862521 0.422107
vt 0.862521 0.397656
vt 0.866288 0.397656
vt 0.862521 0.422107
vt 0.866288 0.422107
vt 0.866288 0.397656
vt 0.870051 0.397656
vt 0.866288 0.422107
vt 0.870051 0.422107
vt 0.870051 0.422107
vt 0.866288 0.422107
vt 0.870051 0.397656
vt 0.866288 0.397656
vt 0.866288 0.422107
vt 0.862521 0.422107
vt 0.866288 0.397656
vt 0.862521 0.397656
vt 0.862521 0.422107
vt 0.858759 0.422107
vt 0.862521 0.397656
vt 0.858759 0.397656
vt 0.858759 0.422107
vt 0.854991 0.422107
vt 0.858759 0.397656
vt 0.854991 0.397656
vt 0.854991 0.422107
vt 0.851229 0.422107
vt 0.854991 0.397656
vt 0.851229 0.397656
vt 0.851229 0.422107
vt 0.847462 0.422107
vt 0.851229 0.397656
vt 0.847462 0.397656
vt 0.847462 0.422107
vt 0.843694 0.422107
vt 0.847462 0.397656
vt 0.843694 0.397656
vt 0.843694 0.422107
vt 0.839932 0.422107
vt 0.843694 0.397656
vt 0.839932 0.397656
vt 0.839932 0.422107
vt 0.837106 0.422107
vt 0.839932 0.397656
vt 0.837106 0.397656
vt 0.838048 0.397656
vt 0.841816 0.397656
vt 0.838048 0.422107
vt 0.841816 0.422107
vt 0.841816 0.397656
vt 0.845578 0.397656
vt 0.841816 0.422107
vt 0.845578 0.422107
vt 0.845578 0.397656
vt 0.849345 0.397656
vt 0.845578 0.422107
vt 0.849345 0.422107
vt 0.849345 0.397656
vt 0.853108 0.397656
vt 0.849345 0.422107
vt 0.853108 0.422107
vt 0.853108 0.397656
vt 0.856875 0.397656
vt 0.853108 0.422107
vt 0.856875 0.422107
vt 0.856875 0.397656
vt 0.860637 0.397656
vt 0.856875 0.422107
vt 0.860637 0.422107
vt 0.860637 0.397656
vt 0.864405 0.397656
vt 0.860637 0.422107
vt 0.864405 0.422107
vt 0.864405 0.397656
vt 0.868172 0.397656
vt 0.864405 0.422107
vt 0.868172 0.422107
vt 0.868172 0.397656
vt 0.870993 0.397656
vt 0.868172 0.422107
vt 0.870993 0.422107
vt 0.870051 0.422107
vt 0.866288 0.422107
vt 0.870051 0.397656
vt 0.866288 0.397656
vt 0.866288 0.422107
vt 0.862521 0.422107
vt 0.866288 0.397656
vt 0.862521 0.397656
vt 0.862521 0.422107
vt 0.858759 0.422107
vt 0.862521 0.397656
vt 0.858759 0.397656
vt 0.858759 0.422107
vt 0.854991 0.422107
vt 0.858759 0.397656
vt 0.854991 0.397656
vt 0.854991 0.422107
vt 0.851229 0.422107
vt 0.854991 0.397656
vt 0.851229 0.397656
vt 0.851229 0.422107
vt 0.847462 0.422107
vt 0.851229 0.397656
vt 0.847462 0.397656
vt 0.847462 0.422107
vt 0.843694 0.422107
vt 0.847462 0.397656
vt 0.843694 0.397656
vt 0.843694 0.422107
vt 0.839932 0.422107
vt 0.843694 0.397656
vt 0.839932 0.397656
vt 0.839932 0.422107
vt 0.837106 0.422107
vt 0.839932 0.397656
vt 0.837106 0.397656
vt 0.892476 0.150217
vt 0.888656 0.165224
vt 0.871537 0.133394
vt 0.850563 0.150059
vt 0.849254 0.133552
vt 0.871537 0.133394
vt 0.882643 0.176676
vt 0.875463 0.182600
vt 0.871537 0.133394
vt 0.860360 0.176597
vt 0.854489 0.165460
vt 0.871537 0.133394
vt 0.867611 0.182600
vt 0.860431 0.176676
vt 0.871537 0.133394
vt 0.875357 0.182679
vt 0.867717 0.182679
vt 0.871537 0.133394
vt 0.854418 0.165303
vt 0.850598 0.150296
vt 0.871537 0.133394
vt 0.888586 0.165460
vt 0.882750 0.176597
vt 0.871537 0.133394
vt 0.893820 0.133552
vt 0.892512 0.150059
vt 0.871537 0.133394
vt 0.854418 0.165303
vt 0.850598 0.150296
vt 0.871537 0.133394
vt 0.893820 0.133552
vt 0.892512 0.150059
vt 0.871537 0.133394
vt 0.867611 0.182679
vt 0.860431 0.176755
vt 0.871537 0.133394
vt 0.888586 0.165460
vt 0.882750 0.176597
vt 0.871537 0.133394
vt 0.882643 0.176676
vt 0.875463 0.182600
vt 0.871537 0.133394
vt 0.875357 0.182679
vt 0.867717 0.182679
vt 0.871537 0.133394
vt 0.892476 0.150217
vt 0.888656 0.165303
vt 0.871537 0.133394
vt 0.860360 0.176597
vt 0.854489 0.165460
vt 0.871537 0.133394
vt 0.850563 0.150059
vt 0.849254 0.133552
vt 0.871537 0.133394
vt 0.818839 0.495799
vt 0.817949 0.495799
vt 0.818839 0.495977
vt 0.818839 0.495799
vt 0.817949 0.495799
vt 0.817949 0.495799
vt 0.818660 0.498644
vt 0.818660 0.498466
vt 0.818660 0.498644
vt 0.818660 0.498466
vt 0.818660 0.498466
vt 0.818660 0.498466
vt 0.818660 0.498466
vt 0.818660 0.498466
vt 0.818660 0.498466
vt 0.818660 0.498466
vt 0.818660 0.498466
vt 0.818660 0.498466
vt 0.818660 0.498466
vt 0.818660 0.498466
vt 0.818660 0.498466
vt 0.818660 0.498466
vt 0.818660 0.498466
vt 0.818660 0.498466
vt 0.818660 0.498644
vt 0.818660 0.498466
vt 0.818660 0.498644
vt 0.819194 0.498466
vt 0.818660 0.498644
vt 0.819194 0.498466
vt 0.818660 0.498644
vt 0.818660 0.498644
vt 0.818660 0.498644
vt 0.818660 0.498644
vt 0.818660 0.498644
vt 0.818660 0.498644
vt 0.818660 0.498644
vt 0.818660 0.498644
vt 0.819727 0.495799
vt 0.820083 0.495977
vt 0.820616 0.495799
vt 0.819727 0.495799
vt 0.819727 0.495977
vt 0.820083 0.495977
vt 0.819550 0.497577
vt 0.818660 0.498644
vt 0.819727 0.498644
vt 0.819550 0.497577
vt 0.818839 0.497755
vt 0.818660 0.498644
vt 0.819727 0.495799
vt 0.819550 0.497577
vt 0.819727 0.495977
vt 0.819727 0.495799
vt 0.819550 0.497577
vt 0.819550 0.497577
vt 0.819727 0.498466
vt 0.819550 0.497577
vt 0.819727 0.498644
vt 0.819727 0.498466
vt 0.818660 0.498644
vt 0.818660 0.498466
vt 0.818660 0.498644
vt 0.818660 0.498644
vt 0.818660 0.498466
vt 0.818660 0.498466
vt 0.818660 0.498466
vt 0.818660 0.498466
vt 0.818660 0.498466
vt 0.818660 0.498466
vt 0.818660 0.498466
vt 0.818660 0.498466
vt 0.818660 0.498466
vt 0.818660 0.498466
vt 0.818660 0.498466
vt 0.818660 0.498466
vt 0.818660 0.498466
vt 0.818660 0.498644
vt 0.818660 0.498466
vt 0.818660 0.498644
vt 0.818660 0.498644
vt 0.818660 0.498644
vt 0.818660 0.498644
vt 0.818660 0.498644
vt 0.818839 0.498466
vt 0.818660 0.498644
vt 0.818660 0.498644
vt 0.818660 0.498644
vt 0.973211 0.186352
vt 0.972710 0.141212
vt 0.981403 0.141714
vt 0.984245 0.215441
vt 0.997787 0.187689
vt 1.000127 0.211763
vt 0.984245 0.215441
vt 0.981570 0.190698
vt 0.997787 0.187689
vt 0.997787 0.141547
vt 0.981570 0.190698
vt 0.981403 0.141714
vt 0.997787 0.141547
vt 0.981570 0.190698
vt 0.973211 0.186352
vt 0.981403 0.141714
vt 0.981570 0.190698
vt 0.974883 0.212265
vt 0.973211 0.186352
vt 0.981570 0.190698
vt 0.984245 0.215441
vt 0.974883 0.212265
vt 0.974883 0.212265
vt 0.981570 0.190698
vt 0.973211 0.186352
vt 0.974883 0.212265
vt 0.984245 0.215441
vt 0.981570 0.190698
vt 0.984245 0.215441
vt 1.000127 0.211763
vt 0.981570 0.190698
vt 1.000127 0.211763
vt 0.997787 0.187689
vt 0.981570 0.190698
vt 0.997787 0.187689
vt 0.997787 0.141547
vt 0.981570 0.190698
vt 0.997787 0.141547
vt 0.981403 0.141714
vt 0.981570 0.190698
vt 0.973211 0.186352
vt 0.981403 0.141714
vt 0.972710 0.141212
vt 0.973211 0.186352
vt 0.725050 0.237871
vt 0.734652 0.240183
vt 0.734296 0.274323
vt 0.731273 0.316819
vt 0.722916 0.273967
vt 0.734296 0.274323
vt 0.725050 0.237871
vt 0.722916 0.273967
vt 0.680775 0.274856
vt 0.725050 0.237871
vt 0.680775 0.236982
vt 0.680775 0.274856
vt 0.636678 0.237871
vt 0.680775 0.236982
vt 0.680775 0.274856
vt 0.638812 0.273967
vt 0.636678 0.237871
vt 0.627254 0.274323
vt 0.638812 0.273967
vt 0.630276 0.316819
vt 0.627254 0.274323
vt 0.638812 0.273967
vt 0.642368 0.318242
vt 0.630276 0.316819
vt 0.633122 0.353271
vt 0.642368 0.318242
vt 0.645391 0.356472
vt 0.633122 0.353271
vt 0.647169 0.381721
vt 0.645391 0.356472
vt 0.680775 0.388477
vt 0.647169 0.381721
vt 0.645391 0.356472
vt 0.680775 0.359672
vt 0.680775 0.388477
vt 0.714559 0.381721
vt 0.680775 0.359672
vt 0.716337 0.356472
vt 0.714559 0.381721
vt 0.728606 0.353271
vt 0.716337 0.356472
vt 0.719360 0.318242
vt 0.728606 0.353271
vt 0.731273 0.316819
vt 0.719360 0.318242
vt 0.722916 0.273967
vt 0.731273 0.316819
vt 0.719360 0.318242
vt 0.680775 0.322865
vt 0.722916 0.273967
vt 0.680775 0.274856
vt 0.680775 0.322865
vt 0.638812 0.273967
vt 0.680775 0.274856
vt 0.680775 0.322865
vt 0.642368 0.318242
vt 0.638812 0.273967
vt 0.680775 0.322865
vt 0.645391 0.356472
vt 0.642368 0.318242
vt 0.680775 0.322865
vt 0.680775 0.359672
vt 0.645391 0.356472
vt 0.680775 0.322865
vt 0.716337 0.356472
vt 0.680775 0.359672
vt 0.680775 0.322865
vt 0.719360 0.318242
vt 0.716337 0.356472
vt 0.627254 0.274323
vt 0.627076 0.240183
vt 0.636678 0.237871
vt 0.829089 0.439145
vt 0.818776 0.435103
vt 0.827696 0.420191
vt 0.829089 0.439145
vt 0.834246 0.469389
vt 0.818776 0.435103
vt 0.821563 0.472734
vt 0.834246 0.469389
vt 0.832295 0.480817
vt 0.821563 0.472734
vt 0.834246 0.469389
vt 0.838288 0.474127
vt 0.832295 0.480817
vt 0.838288 0.474127
vt 0.845396 0.478169
vt 0.832295 0.480817
vt 0.845535 0.487507
vt 0.845396 0.478169
vt 0.852504 0.477751
vt 0.845535 0.487507
vt 0.852504 0.477751
vt 0.855430 0.487367
vt 0.845535 0.487507
vt 0.855430 0.487367
vt 0.856963 0.494615
vt 0.845535 0.487507
vt 0.856963 0.494615
vt 0.845814 0.494754
vt 0.845535 0.487507
vt 0.832295 0.480817
vt 0.845814 0.494754
vt 0.831180 0.486810
vt 0.832295 0.480817
vt 0.821563 0.472734
vt 0.818660 0.498644
vt 0.818839 0.497755
vt 0.818660 0.498466
vt 0.818839 0.497577
vt 0.818839 0.497755
vt 0.818839 0.495799
vt 0.818839 0.497577
vt 0.818839 0.495977
vt 0.984796 0.480988
vt 0.979056 0.474580
vt 0.982927 0.470041
vt 0.984796 0.480988
vt 0.972247 0.478452
vt 0.979056 0.474580
vt 0.984796 0.480988
vt 0.971980 0.487396
vt 0.972247 0.478452
vt 0.965438 0.478051
vt 0.971980 0.487396
vt 0.962635 0.487263
vt 0.965438 0.478051
vt 0.971980 0.487396
vt 0.961033 0.494205
vt 0.962635 0.487263
vt 0.971980 0.487396
vt 0.971847 0.494338
vt 0.961033 0.494205
vt 0.971980 0.487396
vt 0.984796 0.480988
vt 0.971847 0.494338
vt 0.985864 0.486729
vt 0.984796 0.480988
vt 0.995076 0.473245
vt 0.985864 0.486729
vt 0.984796 0.480988
vt 0.982927 0.470041
vt 0.995076 0.473245
vt 0.982927 0.470041
vt 0.987867 0.441071
vt 0.995076 0.473245
vt 0.997746 0.437200
vt 0.987867 0.441071
vt 0.989202 0.422915
vt 0.997746 0.437200

vn -0.625301 -0.292997 -0.723293
vn 0.002240 -0.591168 -0.806546
vn 0.004326 -0.268684 -0.963219
vn 0.430880 -0.379629 -0.818673
vn 0.613980 -0.275984 -0.739501
vn 0.402550 -0.799809 -0.445264
vn 0.840266 -0.181200 -0.510998
vn 0.561295 -0.727588 -0.394417
vn 0.860065 -0.080122 -0.503853
vn 0.700103 -0.688205 -0.190338
vn 0.962610 -0.082792 -0.257931
vn 0.701476 -0.688205 0.185215
vn 0.962610 -0.082792 0.257931
vn 0.514889 -0.688206 0.511138
vn 0.704679 -0.082792 0.704679
vn 0.190338 -0.688205 0.700103
vn 0.257931 -0.082792 0.962610
vn -0.185215 -0.688205 0.701476
vn -0.257931 -0.082792 0.962610
vn -0.511138 -0.688206 0.514889
vn -0.704679 -0.082792 0.704679
vn -0.700103 -0.688205 0.190338
vn -0.962610 -0.082792 0.257931
vn -0.701476 -0.688205 -0.185215
vn -0.962610 -0.082792 -0.257931
vn -0.561141 -0.709003 -0.427125
vn -0.832241 -0.130896 -0.538741
vn -0.430648 -0.785687 -0.444116
vn -0.841691 -0.250913 -0.478119
vn -0.430648 -0.785687 -0.444116
vn -0.841691 -0.250913 -0.478119
vn -0.597472 -0.379990 -0.706141
vn 0.635718 -0.752892 0.170340
vn 0.559170 -0.616065 0.554791
vn 0.465378 -0.752892 0.465378
vn 0.240751 -0.399464 0.884572
vn 0.183739 -0.704288 0.685725
vn -0.246662 -0.253945 0.935238
vn -0.160858 -0.783410 0.600328
vn -0.601570 -0.520090 0.606317
vn -0.465378 -0.752892 0.465378
vn -0.697705 -0.690760 0.189892
vn -0.635720 -0.752891 0.170341
vn -0.699176 -0.690759 -0.184402
vn -0.635718 -0.752892 -0.170340
vn -0.559170 -0.616065 -0.554791
vn -0.465378 -0.752892 -0.465378
vn -0.240751 -0.399464 -0.884572
vn -0.170341 -0.752891 -0.635720
vn 0.246662 -0.253945 -0.935238
vn 0.170340 -0.752892 -0.635718
vn 0.601570 -0.520090 -0.606317
vn 0.465378 -0.752892 -0.465378
vn 0.697705 -0.690760 -0.189892
vn 0.635720 -0.752891 -0.170341
vn 0.699176 -0.690759 0.184402
vn 0.635718 -0.752892 0.170340
vn 0.559170 -0.616065 0.554791
vn -0.701476 -0.688205 -0.185215
vn 0.465378 -0.752892 0.465378
vn -0.561141 -0.709003 -0.427125
vn 0.183739 -0.704288 0.685725
vn -0.430648 -0.785687 -0.444116
vn -0.160858 -0.783410 0.600328
vn 0.402550 -0.799809 -0.445264
vn -0.465378 -0.752892 0.465378
vn 0.561295 -0.727588 -0.394417
vn -0.635720 -0.752891 0.170341
vn 0.700103 -0.688205 -0.190338
vn -0.635718 -0.752892 -0.170340
vn 0.701476 -0.688205 0.185215
vn -0.465378 -0.752892 -0.465378
vn 0.514889 -0.688206 0.511138
vn -0.170341 -0.752891 -0.635720
vn 0.190338 -0.688205 0.700103
vn 0.170340 -0.752892 -0.635718
vn -0.185215 -0.688205 0.701476
vn 0.465378 -0.752892 -0.465378
vn -0.511138 -0.688206 0.514889
vn 0.635720 -0.752891 -0.170341
vn -0.700103 -0.688205 0.190338
vn 0.635718 -0.752892 0.170340
vn -0.701476 -0.688205 -0.185215
vn 0.465378 -0.752892 0.465378
vn 0.246662 -0.253945 -0.935238
vn -0.240751 -0.399464 -0.884572
vn 0.601570 -0.520090 -0.606317
vn -0.559170 -0.616065 -0.554791
vn 0.697705 -0.690760 -0.189892
vn -0.699176 -0.690759 -0.184402
vn 0.699176 -0.690759 0.184402
vn -0.697705 -0.690760 0.189892
vn 0.559170 -0.616065 0.554791
vn -0.601570 -0.520090 0.606317
vn 0.240751 -0.399464 0.884572
vn -0.246662 -0.253945 0.935238
vn -0.597472 -0.379990 -0.706141
vn -0.430648 -0.785687 -0.444116
vn 0.002240 -0.591168 -0.806546
vn 0.402550 -0.799809 -0.445264
vn 0.430880 -0.379629 -0.818673
vn 0.002240 -0.591168 -0.806546
vn -0.625301 -0.292997 -0.723293
vn -0.597472 -0.379990 -0.706141
vn -0.841691 -0.250913 -0.478119
vn -0.008200 0.008100 -0.999900
vn -0.008300 0.008100 -0.999900
vn -0.008400 0.008400 -0.999900
vn -0.008200 0.008100 -0.999900
vn -0.007100 0.006500 -1.000000
vn -0.008300 0.008100 -0.999900
vn -0.008400 0.003900 -1.000000
vn -0.008400 0.003900 -1.000000
vn -0.008400 0.003900 -1.000000
vn -0.008600 0.004200 -1.000000
vn -0.007000 0.006500 -1.000000
vn -0.008400 0.003900 -1.000000
vn -0.008600 0.004200 -1.000000
vn -0.008500 0.008100 -0.999900
vn -0.007000 0.006500 -1.000000
vn -0.008400 0.008400 -0.999900
vn 0.000000 -1.000000 0.000000
vn 0.000000 -1.000000 0.000000
vn 0.000000 -1.000000 0.000000
vn 0.000000 -1.000000 0.000000
vn 0.000000 -1.000000 0.000000
vn 0.000000 -1.000000 0.000000
vn -1.000000 0.000000 0.008400
vn -1.000000 0.000000 0.008400
vn -1.000000 0.000000 0.008400
vn -1.000000 0.000000 0.008400
vn -1.000000 0.000000 0.008400
vn -1.000000 0.000000 0.008400
vn 0.008400 0.000000 1.000000
vn 0.008400 0.000000 1.000000
vn 0.008400 0.000000 1.000000
vn 0.008400 0.000000 1.000000
vn 0.008400 0.000000 1.000000
vn 0.008400 0.000000 1.000000
vn 1.000000 0.000000 -0.008400
vn 1.000000 0.000000 -0.008400
vn 1.000000 0.000000 -0.008400
vn 1.000000 0.000000 -0.008400
vn 1.000000 0.000000 -0.008400
vn 1.000000 0.000000 -0.008400
vn -0.008400 0.000000 -1.000000
vn -0.008400 0.000000 -1.000000
vn -0.008400 0.000000 -1.000000
vn -0.008400 0.000000 -1.000000
vn -0.008400 0.000000 -1.000000
vn -0.008400 0.000000 -1.000000
vn 0.008500 0.708700 0.705400
vn 0.007400 0.710800 0.703300
vn 0.007800 0.713000 0.701100
vn 0.008500 0.708700 0.705400
vn 0.004300 0.710900 0.703300
vn 0.007400 0.710800 0.703300
vn 0.003900 0.708700 0.705500
vn 0.004300 0.710900 0.703300
vn 0.003000 0.713200 0.701000
vn 0.003900 0.708700 0.705500
vn 0.009500 -0.388400 0.921400
vn 0.009400 -0.388400 0.921500
vn 0.009400 -0.388300 0.921500
vn 0.009500 -0.388400 0.921400
vn 0.009600 -0.388500 0.921400
vn 0.009400 -0.388400 0.921500
vn 0.000800 -0.387100 0.922000
vn 0.000600 -0.386300 0.922400
vn 0.001400 -0.387000 0.922100
vn 0.010000 -0.389100 0.921100
vn 0.000600 -0.386300 0.922400
vn 0.012600 -0.389800 0.920800
vn 0.010000 -0.389100 0.921100
vn -0.003200 0.385400 -0.922700
vn -0.003200 0.385000 -0.922900
vn -0.002900 0.385500 -0.922700
vn -0.003200 0.385400 -0.922700
vn -0.009300 0.385400 -0.922700
vn -0.003200 0.385000 -0.922900
vn -0.003700 0.387300 -0.921900
vn -0.009300 0.385400 -0.922700
vn -0.004100 0.387000 -0.922100
vn -0.003700 0.387300 -0.921900
vn -0.007700 0.386800 -0.922100
vn -0.004100 0.387000 -0.922100
vn -0.007700 0.386800 -0.922100
vn -0.007700 0.386800 -0.922100
vn -0.007700 0.386800 -0.922100
vn -0.011900 0.386900 -0.922000
vn -0.011700 0.387300 -0.921900
vn -0.012100 0.386800 -0.922100
vn -0.011900 0.386900 -0.922000
vn -0.006200 0.385400 -0.922700
vn -0.011700 0.387300 -0.921900
vn -0.012300 0.385000 -0.922800
vn -0.006200 0.385400 -0.922700
vn -0.012100 0.385300 -0.922700
vn -0.012300 0.385000 -0.922800
vn -0.012500 0.385500 -0.922600
vn 0.002800 -0.389800 0.920900
vn 0.014900 -0.386300 0.922200
vn 0.005400 -0.389100 0.921200
vn 0.014100 -0.387000 0.922000
vn 0.014900 -0.386300 0.922200
vn 0.014600 -0.387100 0.921900
vn 0.014100 -0.387000 0.922000
vn 0.005900 -0.388500 0.921400
vn 0.005900 -0.388400 0.921500
vn 0.006000 -0.388400 0.921500
vn 0.007700 -0.388300 0.921500
vn 0.005900 -0.388400 0.921500
vn 0.007700 -0.388300 0.921500
vn 0.007700 -0.388300 0.921500
vn 0.007700 -0.388300 0.921500
vn 0.875500 -0.482600 0.025700
vn 0.875500 -0.482600 0.025700
vn 0.875500 -0.482600 0.025700
vn 0.461900 0.875400 -0.142200
vn 0.461900 0.875400 -0.142200
vn 0.461900 0.875400 -0.142200
vn -0.009500 0.998900 0.046600
vn 0.008000 0.999100 0.040600
vn 0.118900 0.992600 0.023600
vn 0.139500 0.990000 -0.021000
vn 0.008000 0.999100 0.040600
vn 0.038300 0.999300 0.004400
vn 0.139500 0.990000 -0.021000
vn 0.086200 0.978800 -0.185600
vn 0.013700 0.999700 0.018000
vn 0.008300 0.999900 0.009800
vn 0.013700 0.999700 0.018000
vn 0.008300 0.999900 0.009800
vn 0.000000 1.000000 0.000000
vn 0.001700 1.000000 0.000000
vn 0.000000 1.000000 0.000000
vn -0.014000 0.999800 0.013400
vn -0.006600 0.999900 0.007600
vn -0.025600 0.999600 0.011800
vn -0.014000 0.999800 0.013400
vn -0.055800 0.996700 -0.059300
vn -0.025600 0.999600 0.011800
vn -0.089300 0.978800 -0.184100
vn 0.010300 0.998900 0.046400
vn -0.001200 0.999000 0.044600
vn 0.010300 0.998900 0.046400
vn -0.425800 0.897900 -0.112100
vn -0.233900 0.972200 -0.005500
vn -0.001400 0.999000 0.044600
vn -0.425800 0.897900 -0.112100
vn -0.464300 0.875400 -0.134400
vn -0.233900 0.972200 -0.005500
vn 0.887900 0.427300 0.170300
vn 0.933000 0.334200 0.133100
vn 0.858000 0.477100 0.190200
vn 0.887900 0.427300 0.170300
vn 0.935000 0.333900 0.119600
vn 0.933000 0.334200 0.133100
vn 0.935000 0.333900 0.119600
vn 0.932600 0.343600 0.110900
vn 0.932600 0.343600 0.110900
vn -0.894700 0.428300 0.126800
vn -0.931300 0.328300 0.158000
vn -0.875400 0.470000 0.112900
vn -0.894700 0.428300 0.126800
vn -0.937600 0.311100 0.155600
vn -0.931300 0.328300 0.158000
vn -0.937600 0.311100 0.155600
vn -0.930600 0.343600 0.126500
vn -0.930600 0.343600 0.126500
vn 0.050100 0.969000 0.242000
vn -0.072200 0.969000 0.236300
vn -0.076600 0.968700 0.236100
vn 0.050100 0.969000 0.242000
vn 0.054400 0.968700 0.242200
vn -0.072200 0.969000 0.236300
vn 0.070600 0.968800 0.237700
vn -0.027000 0.972500 0.231300
vn -0.030600 0.972500 0.231000
vn 0.070600 0.968800 0.237700
vn 0.074100 0.968500 0.237900
vn -0.027000 0.972500 0.231300
vn 0.031100 0.971300 0.235800
vn -0.066800 0.970000 0.233900
vn -0.070400 0.969700 0.233800
vn 0.031100 0.971300 0.235800
vn 0.034600 0.971200 0.235800
vn -0.066800 0.970000 0.233900
vn 0.874900 0.471300 0.111800
vn 0.389100 0.914000 0.115200
vn 0.874900 0.471300 0.111800
vn 0.593300 0.771500 0.229600
vn 0.332900 0.933700 0.131800
vn 0.389100 0.914000 0.115300
vn 0.593300 0.771500 0.229600
vn 0.601100 0.762800 0.238400
vn 0.332900 0.933700 0.131800
vn 0.595400 0.767500 0.237700
vn 0.306200 -0.941600 0.139800
vn 0.321600 -0.944900 0.061300
vn 0.337800 -0.934400 0.113000
vn 0.132100 -0.990300 -0.043900
vn 0.321600 -0.944900 0.061300
vn -0.000800 -0.994900 -0.101100
vn 0.132100 -0.990300 -0.043900
vn -0.234800 0.963500 -0.128400
vn -0.832400 0.435600 -0.342600
vn -0.871200 0.340000 -0.354200
vn -0.234800 0.963500 -0.128400
vn -0.145400 0.984900 -0.094100
vn -0.832400 0.435600 -0.342600
vn -0.762000 0.543500 -0.352000
vn -0.812400 0.493400 -0.310700
vn -0.826400 0.477700 -0.298000
vn -0.762000 0.543500 -0.352000
vn -0.739300 0.563500 -0.368700
vn -0.812400 0.493400 -0.310700
vn -0.772800 0.617200 -0.147800
vn -0.772800 0.617200 -0.147800
vn -0.772800 0.617200 -0.147800
vn -0.573700 0.550600 -0.606400
vn -0.703100 0.636700 -0.316500
vn -0.732400 0.632800 -0.251400
vn -0.749800 0.661600 -0.011000
vn -0.703100 0.636700 -0.316500
vn -0.733700 0.677900 -0.046300
vn -0.749800 0.661600 -0.011000
vn -0.658700 0.726200 0.197000
vn -0.733700 0.677900 -0.046300
vn -0.639800 0.759500 0.117700
vn -0.658700 0.726200 0.197000
vn -0.459500 0.873500 0.160900
vn -0.485900 0.860700 0.152300
vn -0.521300 0.830500 0.196200
vn -0.459400 0.873500 0.160800
vn -0.485900 0.860700 0.152300
vn -0.553200 0.810400 0.192900
vn -0.521300 0.830500 0.196200
vn -0.330600 0.933700 0.137300
vn -0.553200 0.810400 0.192900
vn -0.690700 0.692400 0.208700
vn -0.330600 0.933700 0.137300
vn -0.387100 0.914000 0.121800
vn -0.690700 0.692400 0.208700
vn -0.872900 0.471300 0.126400
vn -0.387100 0.914000 0.121800
vn 0.739100 0.673400 -0.015600
vn 0.200600 0.979200 0.030800
vn 0.739100 0.673400 -0.015600
vn 0.200700 0.979200 0.030700
vn -0.930900 0.359200 0.066700
vn -0.931500 0.357000 0.069500
vn -0.930100 0.361900 0.063400
vn -0.249700 0.966600 0.058500
vn -0.251200 0.967900 0.011700
vn -0.250100 0.966400 0.058700
vn -0.249700 0.966600 0.058500
vn -0.250200 0.968000 0.021200
vn -0.251200 0.967900 0.011700
vn -0.253900 0.966700 -0.031600
vn -0.977700 0.209100 -0.019300
vn -0.977700 0.209100 -0.019300
vn -0.977700 0.209100 -0.019300
vn -0.171600 -0.879800 0.443300
vn -0.389700 -0.814500 0.429700
vn -0.125200 -0.900700 0.416100
vn -0.171600 -0.879800 0.443300
vn -0.604200 -0.669900 0.431600
vn -0.389700 -0.814500 0.429700
vn -0.661300 -0.635800 0.398000
vn -0.604200 -0.669900 0.431600
vn -0.876400 -0.358900 0.321100
vn -0.661300 -0.635800 0.398000
vn -0.876400 -0.358900 0.321000
vn -0.979400 -0.024200 0.200400
vn -0.909100 -0.282000 0.306700
vn -0.953900 -0.120500 0.274900
vn -0.979400 -0.024200 0.200400
vn -0.870900 0.479100 0.109500
vn -0.953900 -0.120500 0.274900
vn -0.968100 0.113500 0.223200
vn -0.870900 0.479100 0.109500
vn -0.779700 0.620700 0.082600
vn -0.968100 0.113500 0.223200
vn -0.779700 0.620700 0.082600
vn -0.819300 0.561400 0.116200
vn -0.830200 0.538600 0.143900
vn -0.813300 0.580200 0.042900
vn -0.819300 0.561400 0.116200
vn -0.808900 0.578400 -0.105900
vn -0.813300 0.580200 0.042900
vn -0.847200 0.488700 -0.208300
vn -0.808900 0.578400 -0.105900
vn -0.984800 -0.009100 -0.173500
vn -0.847200 0.488700 -0.208300
vn -0.989800 -0.009400 -0.142200
vn -0.984800 -0.009100 -0.173500
vn -0.978200 -0.153300 -0.140100
vn -0.989800 -0.009400 -0.142200
vn -0.971000 -0.207600 -0.118700
vn -0.954400 -0.283200 -0.094300
vn -0.947300 -0.306000 -0.094600
vn -0.971000 -0.207600 -0.118700
vn -0.889800 -0.446200 -0.095600
vn -0.880500 -0.460500 -0.112200
vn -0.947300 -0.306100 -0.094600
vn -0.865000 -0.482400 -0.138200
vn -0.856300 -0.513000 -0.060100
vn -0.880500 -0.460500 -0.112200
vn -0.852400 -0.521600 -0.036400
vn -0.806900 -0.590500 -0.013600
vn -0.856300 -0.513000 -0.060100
vn -0.800000 -0.599900 -0.010400
vn -0.900500 -0.433400 -0.035300
vn -0.806900 -0.590500 -0.013600
vn -0.983800 -0.173700 -0.045000
vn -0.996300 -0.056500 -0.064600
vn -0.900600 -0.433300 -0.035300
vn -0.983800 -0.173700 -0.045000
vn -0.997800 0.045400 -0.049000
vn -0.996300 -0.056500 -0.064600
vn -0.977900 0.193900 -0.077800
vn -0.997800 0.045400 -0.049000
vn -0.744400 0.653800 -0.136000
vn -0.977900 0.193900 -0.077800
vn -0.572100 0.804100 -0.161800
vn -0.744400 0.653800 -0.136000
vn -0.342700 0.935700 -0.083600
vn -0.572100 0.804100 -0.161800
vn -0.281300 0.957500 -0.063300
vn -0.342700 0.935700 -0.083600
vn 0.014000 0.999600 -0.025200
vn -0.281300 0.957500 -0.063300
vn 0.047500 0.998500 -0.027600
vn 0.014000 0.999600 -0.025200
vn 0.206100 0.978500 0.004800
vn 0.047500 0.998500 -0.027600
vn 0.206200 0.978500 0.004800
vn 0.209500 0.977800 0.008800
vn 0.224800 0.974400 0.005000
vn 0.209400 0.977800 0.008900
vn -0.003000 0.997100 0.076600
vn -0.138000 0.974600 0.176600
vn -0.174000 0.963600 0.203000
vn -0.147400 -0.867200 0.475600
vn -0.147400 -0.867200 0.475600
vn -0.147400 -0.867200 0.475600
vn -0.551000 0.826600 -0.114400
vn -0.710800 0.697600 -0.089700
vn -0.741300 0.666000 -0.083900
vn -0.814300 0.576400 -0.067700
vn -0.112400 0.987500 -0.110200
vn -0.230000 0.973100 -0.014500
vn -0.112400 0.987500 -0.110200
vn -0.250400 0.968100 0.002500
vn -0.004700 0.997200 -0.075200
vn -0.230100 0.973100 -0.014500
vn 0.150700 0.981100 -0.121800
vn 0.146200 0.976000 -0.161500
vn -0.004600 0.997100 -0.075300
vn 0.142700 0.971200 -0.191000
vn 0.143600 0.978000 -0.151500
vn 0.146100 0.976000 -0.161500
vn 0.142700 0.971200 -0.191000
vn 0.069200 0.986900 -0.145800
vn 0.143600 0.978000 -0.151500
vn -0.459500 0.885700 -0.066100
vn 0.069200 0.986900 -0.145800
vn -0.388400 0.918000 -0.080300
vn -0.459500 0.885700 -0.066100
vn -0.512200 0.856800 -0.059400
vn -0.419900 0.904100 -0.080000
vn -0.410200 0.907600 -0.089400
vn -0.422800 0.903000 -0.077100
vn -0.419900 0.904100 -0.080000
vn -0.406800 0.908800 -0.092700
vn -0.410200 0.907600 -0.089400
vn -0.000800 -0.994900 -0.101100
vn -0.343200 -0.938000 0.049000
vn -0.133000 -0.990200 -0.041700
vn -0.404600 -0.912500 0.061000
vn -0.343200 -0.938000 0.049000
vn -0.417200 -0.907500 0.049900
vn -0.404600 -0.912500 0.061000
vn -0.500600 -0.824900 0.262600
vn -0.621600 -0.425700 0.657600
vn -0.547700 0.038400 0.835800
vn -0.500600 -0.824900 0.262600
vn 0.000200 -0.857800 -0.513900
vn -0.621600 -0.425700 0.657600
vn -0.226900 -0.942300 -0.246100
vn 0.000200 -0.857800 -0.513900
vn 0.614600 0.557800 -0.557800
vn -0.226900 -0.942300 -0.246100
vn 0.620800 0.448400 -0.643100
vn 0.614600 0.557800 -0.557800
vn -0.084200 0.790800 0.606300
vn 0.620800 0.448400 -0.643100
vn 0.485800 0.848000 -0.212000
vn -0.084200 0.790800 0.606300
vn -0.530800 0.118500 0.839200
vn 0.485800 0.848000 -0.212000
vn -0.554800 -0.805300 0.209100
vn -0.659500 -0.424600 0.620400
vn -0.547700 0.038400 0.835800
vn -0.554800 -0.805300 0.209100
vn -0.045200 -0.817600 -0.574000
vn -0.659500 -0.424600 0.620400
vn -0.344400 -0.907300 -0.241100
vn -0.045200 -0.817600 -0.574000
vn 0.660100 0.581200 -0.475800
vn -0.344400 -0.907300 -0.241100
vn 0.655000 0.405700 -0.637400
vn 0.660100 0.581200 -0.475800
vn -0.021100 0.758800 0.651000
vn 0.655000 0.405700 -0.637400
vn 0.553700 0.811700 -0.185600
vn -0.021100 0.758800 0.651000
vn -0.529200 0.106900 0.841800
vn 0.553700 0.811700 -0.185600
vn -0.126300 0.914500 0.384400
vn -0.123100 0.902600 0.412400
vn -0.126500 0.915300 0.382400
vn -0.126300 0.914500 0.384400
vn -0.122800 0.901800 0.414400
vn -0.123100 0.902600 0.412400
vn 0.932600 0.357000 0.053900
vn 0.931800 0.359200 0.051100
vn 0.933300 0.354600 0.056800
vn 0.932600 0.357000 0.053900
vn 0.931000 0.361900 0.047900
vn 0.931800 0.359200 0.051100
vn 0.995800 0.041500 -0.081500
vn 0.992700 -0.103200 -0.061900
vn 0.986200 -0.156300 -0.054200
vn 0.995800 0.041500 -0.081500
vn 0.989300 0.114100 -0.090800
vn 0.992700 -0.103200 -0.061900
vn 0.973100 -0.216500 -0.079200
vn 0.899900 -0.433300 -0.050400
vn 0.973100 -0.216500 -0.079200
vn 0.799700 -0.599900 -0.023800
vn 0.806600 -0.590500 -0.027200
vn 0.899800 -0.433400 -0.050300
vn 0.851700 -0.521600 -0.050700
vn 0.855100 -0.513000 -0.074500
vn 0.806600 -0.590500 -0.027200
vn 0.862600 -0.482400 -0.152700
vn 0.891600 -0.440700 -0.104100
vn 0.855100 -0.513000 -0.074500
vn 0.954800 -0.274800 -0.113100
vn 0.972000 -0.183000 -0.147100
vn 0.891600 -0.440700 -0.104100
vn 0.954800 -0.274800 -0.113100
vn 0.975600 -0.153100 -0.157100
vn 0.972000 -0.183000 -0.147100
vn 0.987000 -0.010900 -0.160500
vn 0.984200 0.079800 -0.158300
vn 0.969200 0.159500 -0.187800
vn 0.987000 -0.010900 -0.160500
vn 0.966600 0.221200 -0.129700
vn 0.963600 0.223200 -0.147100
vn 0.969200 0.159500 -0.187800
vn 0.966600 0.221200 -0.129700
vn 0.856700 0.502200 -0.118000
vn 0.963600 0.223200 -0.147100
vn 0.856600 0.502300 -0.118000
vn 0.768300 0.626100 -0.133000
vn 0.624800 0.771800 -0.118400
vn 0.085400 0.982400 -0.165900
vn 0.768300 0.626100 -0.133000
vn -0.145800 0.974100 -0.172900
vn 0.085400 0.982400 -0.165900
vn -0.148900 0.976000 -0.159000
vn -0.145800 0.974100 -0.172900
vn -0.149600 0.977100 -0.151300
vn -0.148900 0.976000 -0.159000
vn 0.003300 0.997100 -0.075400
vn 0.250400 0.968100 -0.001700
vn 0.229900 0.973000 -0.018300
vn 0.003400 0.997200 -0.075300
vn 0.124100 0.986000 -0.111100
vn 0.407300 0.909000 -0.088100
vn 0.229800 0.973100 -0.018300
vn 0.124100 0.986000 -0.111100
vn 0.404100 0.909800 -0.094600
vn 0.407300 0.909000 -0.088100
vn 0.390600 0.916200 -0.089300
vn 0.404100 0.909800 -0.094600
vn 0.502700 0.861700 -0.069300
vn 0.390600 0.916200 -0.089300
vn 0.511200 0.856800 -0.068000
vn 0.556400 0.827700 -0.072300
vn 0.556400 0.827700 -0.072300
vn 0.556400 0.827700 -0.072300
vn 0.946900 -0.283000 -0.152500
vn 0.946900 -0.283000 -0.152500
vn 0.946900 -0.283000 -0.152500
vn 0.102300 -0.851100 0.514900
vn 0.469000 -0.722500 0.508000
vn 0.155400 -0.867200 0.473000
vn 0.102300 -0.851100 0.514900
vn 0.210900 -0.802700 0.557900
vn 0.469000 -0.722500 0.508000
vn 0.666400 -0.560000 0.492200
vn 0.711300 -0.583500 0.391900
vn 0.858100 -0.382400 0.342600
vn 0.666400 -0.560000 0.492200
vn 0.711300 -0.583500 0.391900
vn 0.885900 -0.353900 0.300000
vn 0.858100 -0.382400 0.342600
vn 0.971000 -0.149700 0.186400
vn 0.885900 -0.353900 0.300000
vn 0.958100 -0.144100 0.247700
vn 0.971000 -0.149700 0.186400
vn 0.958100 -0.144100 0.247700
vn 0.980300 0.042600 0.192600
vn 0.974200 0.106400 0.199100
vn 0.865300 0.489700 0.107500
vn 0.754300 0.654700 0.048700
vn 0.780900 0.620700 0.069600
vn 0.865200 0.489800 0.107500
vn 0.832500 0.538600 0.130000
vn 0.821100 0.561400 0.102400
vn 0.781000 0.620700 0.069600
vn 0.832500 0.538600 0.130000
vn 0.813900 0.580200 0.029300
vn 0.821100 0.561400 0.102400
vn 0.810100 0.585600 -0.029500
vn 0.813900 0.580200 0.029300
vn 0.834200 0.541700 -0.103200
vn 0.810100 0.585600 -0.029500
vn 0.834200 0.541700 -0.103200
vn 0.668700 0.724800 -0.165700
vn 0.831300 0.542900 -0.119000
vn 0.668600 0.724900 -0.165700
vn 0.552600 0.814500 -0.176600
vn 0.591400 0.785700 -0.181700
vn 0.552500 0.814600 -0.176600
vn 0.280200 0.957500 -0.068000
vn 0.314000 0.946100 -0.079400
vn -0.014400 0.999600 -0.025000
vn 0.280200 0.957500 -0.068000
vn -0.048000 0.998500 -0.026800
vn -0.014400 0.999600 -0.025000
vn -0.205900 0.978500 0.008200
vn -0.224600 0.974400 0.008700
vn -0.209300 0.977800 0.012300
vn -0.206100 0.978500 0.008200
vn 0.140900 0.974600 0.174300
vn 0.004200 0.997100 0.076500
vn -0.209200 0.977800 0.012400
vn 0.140900 0.974600 0.174300
vn 0.177300 0.963600 0.200000
vn 0.004200 0.997100 0.076500
vn 0.951800 -0.121200 0.281700
vn 0.951800 -0.121200 0.281700
vn 0.951800 -0.121200 0.281700
vn 0.251100 0.966400 0.054500
vn 0.251300 0.967900 0.007500
vn 0.250600 0.966600 0.054400
vn 0.250500 0.968000 0.017000
vn 0.251300 0.967900 0.007500
vn 0.253300 0.966700 -0.035800
vn 0.250500 0.968000 0.017000
vn 0.224000 -0.894300 0.387300
vn 0.524900 -0.769800 0.363200
vn 0.664200 -0.668700 0.334200
vn 0.224000 -0.894300 0.387300
vn 0.094900 -0.915000 0.392100
vn 0.524900 -0.769800 0.363200
vn 0.094900 -0.915000 0.392100
vn 0.132100 -0.900700 0.413900
vn 0.132100 -0.900700 0.413900
vn -0.875300 -0.481800 0.040600
vn -0.875300 -0.481800 0.040600
vn -0.875300 -0.481800 0.040600
vn 0.962900 0.269800 0.003000
vn 0.954000 0.299800 0.001400
vn 0.967100 0.254300 0.003800
vn 0.962900 0.269800 0.003000
vn 0.940900 0.338400 0.015700
vn 0.954000 0.299800 0.001400
vn 0.940900 0.338400 0.015700
vn 0.920000 0.390100 0.037100
vn 0.916900 0.397000 0.041800
vn 0.920000 0.390100 0.037100
vn 0.930400 0.365900 0.020700
vn 0.930400 0.365900 0.020700
vn 0.036300 -0.733000 -0.679300
vn 0.171800 -0.886300 -0.430100
vn 0.227500 -0.925700 -0.302200
vn 0.036300 -0.733000 -0.679300
vn -0.026200 -0.638900 -0.768900
vn 0.171800 -0.886300 -0.430100
vn 0.001500 -0.998200 0.060200
vn 0.000900 -0.998200 0.059900
vn 0.001800 -0.998200 0.060400
vn 0.001500 -0.998200 0.060200
vn 0.000200 -0.999600 0.028800
vn 0.000900 -0.998200 0.059900
vn 0.000200 -0.999600 0.028800
vn 0.034400 -0.996900 0.070800
vn 0.106600 -0.994200 -0.013000
vn 0.102700 -0.993000 0.058200
vn 0.034400 -0.996900 0.070800
vn -0.055000 -0.986300 0.155800
vn 0.102700 -0.993000 0.058200
vn -0.000900 -0.994600 -0.103300
vn 0.000200 -0.999700 0.023000
vn -0.000900 -0.994600 -0.103300
vn -0.000900 -0.994600 -0.103300
vn 0.000200 -0.999700 0.023000
vn 0.000200 -0.999700 0.023000
vn 0.001300 -0.988100 0.153700
vn 0.000200 -0.999700 0.023000
vn 0.000700 -0.996300 0.085800
vn 0.001300 -0.988100 0.153700
vn 0.000700 -0.996300 0.085800
vn -0.190900 -0.974000 -0.122300
vn -0.058600 -0.998200 -0.013200
vn -0.111800 -0.874600 -0.471800
vn -0.190900 -0.974000 -0.122300
vn -0.178900 -0.886300 -0.427200
vn -0.111800 -0.874600 -0.471800
vn 0.013300 -0.638900 -0.769200
vn 0.057600 -0.986300 0.154800
vn 0.057600 -0.986300 0.154800
vn 0.057600 -0.986300 0.154800
vn -0.035300 0.960100 0.277500
vn -0.035900 0.960200 0.277100
vn -0.038400 0.960600 0.275400
vn -0.035300 0.960100 0.277500
vn 0.002300 0.960200 0.279400
vn -0.035900 0.960200 0.277100
vn 0.002300 0.960200 0.279400
vn 0.039900 0.960100 0.276900
vn 0.040600 0.960200 0.276400
vn 0.043000 0.960600 0.274700
vn -0.283300 0.923500 0.258800
vn -0.020900 0.974200 0.224700
vn -0.222300 0.938900 0.262800
vn -0.013200 0.974900 0.222300
vn -0.020900 0.974200 0.224700
vn -0.039700 0.985700 0.163600
vn -0.013200 0.974900 0.222300
vn -0.039800 0.985700 0.163600
vn -0.032600 0.985900 0.164200
vn -0.037400 0.986700 0.158400
vn -0.023900 0.985800 0.166300
vn -0.032600 0.985900 0.164200
vn 0.001500 0.984500 0.175200
vn -0.023900 0.985800 0.166300
vn 0.001500 0.984500 0.175200
vn 0.035300 0.985900 0.163600
vn 0.026700 0.985800 0.165900
vn 0.040100 0.986700 0.157700
vn 0.035300 0.985900 0.163600
vn 0.042500 0.985700 0.162800
vn 0.040100 0.986700 0.157700
vn 0.042400 0.985700 0.162900
vn 0.024700 0.974200 0.224300
vn 0.016900 0.974900 0.222000
vn 0.226600 0.938900 0.259000
vn 0.024700 0.974200 0.224300
vn 0.287600 0.923500 0.254000
vn 0.226600 0.938900 0.259000
vn -0.074500 -0.343700 0.936100
vn 0.026200 -0.428800 0.903000
vn 0.058600 -0.510400 0.857900
vn 0.136800 -0.544400 0.827600
vn 0.026200 -0.428800 0.903000
vn 0.059600 -0.366200 0.928600
vn 0.136800 -0.544400 0.827600
vn -0.992000 0.115700 0.050700
vn -0.913700 0.398700 0.078500
vn -0.991800 0.113100 0.060100
vn -0.992000 0.115700 0.050700
vn -0.921700 0.381600 0.069400
vn -0.913700 0.398700 0.078500
vn -0.766000 0.585300 0.265800
vn -0.921700 0.381600 0.069400
vn -0.765200 0.582800 0.273500
vn -0.766000 0.585300 0.265800
vn -0.799200 -0.597800 0.061700
vn -0.906600 -0.416300 0.068700
vn -0.804300 -0.590700 0.064100
vn -0.799200 -0.597800 0.061700
vn -0.902500 -0.424400 0.073600
vn -0.906600 -0.416300 0.068700
vn -0.991000 -0.107300 0.079500
vn -0.902500 -0.424400 0.073600
vn -0.992900 -0.061200 0.102100
vn -0.991000 -0.107300 0.079500
vn -0.995200 0.031400 0.093200
vn -0.992900 -0.061200 0.102100
vn -0.923800 0.370300 0.097000
vn -0.995200 0.031400 0.093200
vn -0.923800 0.370400 0.097000
vn -0.830500 0.551300 0.079200
vn -0.917400 0.373000 0.138800
vn -0.828100 0.549600 0.110500
vn -0.581800 0.810000 0.074200
vn -0.673100 0.735300 0.079300
vn -0.828000 0.549700 0.110600
vn -0.581800 0.810000 0.074200
vn -0.564400 0.822300 0.072600
vn -0.673100 0.735300 0.079300
vn -0.527000 0.847200 0.066500
vn 0.945200 -0.323900 -0.041600
vn 0.945300 -0.323400 -0.042000
vn 0.945300 -0.323500 -0.041900
vn 0.945800 -0.322900 0.033600
vn 0.925000 -0.376400 0.052400
vn 0.923400 -0.380800 0.047900
vn 0.945800 -0.322900 0.033600
vn 0.925000 -0.376400 0.052400
vn 0.906600 -0.421900 0.004800
vn 0.923400 -0.380800 0.047900
vn 0.055200 -0.203600 0.977500
vn 0.082500 -0.192400 0.977800
vn 0.149300 -0.164000 0.975100
vn 0.055200 -0.203600 0.977500
vn 0.026200 -0.222500 0.974600
vn 0.082500 -0.192400 0.977800
vn 0.026200 -0.222500 0.974600
vn 0.012200 -0.230400 0.973000
vn 0.017300 -0.233600 0.972200
vn 0.004900 -0.227200 0.973800
vn 0.012200 -0.230400 0.973000
vn 0.008100 -0.217600 0.976000
vn 0.004900 -0.227200 0.973800
vn 0.008200 -0.217600 0.976000
vn 0.004100 -0.230400 0.973100
vn 0.011400 -0.227200 0.973800
vn -0.001100 -0.233600 0.972300
vn 0.004100 -0.230400 0.973100
vn -0.009800 -0.222500 0.974900
vn -0.001100 -0.233600 0.972300
vn -0.009900 -0.222500 0.974900
vn -0.038900 -0.203600 0.978300
vn -0.066100 -0.192400 0.979100
vn -0.133000 -0.164000 0.977400
vn -0.967300 0.226200 0.114900
vn -0.967300 0.226200 0.114900
vn -0.967300 0.226200 0.114900
vn -0.927100 0.374800 0.006500
vn -0.934800 0.354700 0.019800
vn -0.950000 0.310100 0.035700
vn -0.951800 0.302900 0.049000
vn -0.934800 0.354700 0.019800
vn -0.906000 0.421800 0.036300
vn -0.951800 0.302900 0.049000
vn 0.004900 -0.878900 0.477000
vn 0.024600 -0.851200 0.524200
vn 0.010400 -0.871500 0.490200
vn 0.004500 -0.843400 0.537200
vn -0.015800 -0.851200 0.524500
vn -0.002200 -0.871500 0.490300
vn 0.004500 -0.843400 0.537200
vn -0.015800 -0.851200 0.524500
vn 0.003100 -0.878900 0.477000
vn -0.002200 -0.871500 0.490300
vn 0.804500 -0.592000 0.048500
vn 0.906500 -0.418800 0.053600
vn 0.799100 -0.599000 0.050400
vn 0.804500 -0.592000 0.048500
vn 0.910900 -0.408400 0.058900
vn 0.906500 -0.418800 0.053600
vn 0.997000 -0.050700 0.058700
vn 0.910900 -0.408400 0.058900
vn 0.992600 -0.083400 0.088100
vn 0.997000 -0.050700 0.058700
vn 0.931500 0.357700 0.066100
vn 0.992600 -0.083400 0.088100
vn 0.956100 0.266900 0.121000
vn 0.931500 0.357700 0.066100
vn 0.831700 0.551400 0.065300
vn 0.956100 0.266900 0.121000
vn 0.829800 0.549600 0.096700
vn 0.831700 0.551400 0.065300
vn 0.829800 0.549700 0.096700
vn 0.673800 0.735600 0.069200
vn 0.741400 0.667100 0.072400
vn 0.673800 0.735700 0.069200
vn 0.530900 0.845200 0.061300
vn 0.565700 0.822500 0.058000
vn 0.568500 0.820600 0.057700
vn 0.770200 0.617200 -0.160800
vn 0.793000 0.558400 -0.243800
vn 0.807800 0.528400 -0.261200
vn 0.756000 0.543500 -0.364700
vn 0.793000 0.558400 -0.243800
vn 0.782900 0.492700 -0.379800
vn 0.756000 0.543500 -0.364700
vn 0.783000 0.492700 -0.379800
vn 0.826500 0.435600 -0.356500
vn 0.232600 0.963500 -0.132300
vn 0.143800 0.984900 -0.096600
vn -0.044000 -0.366200 0.929500
vn -0.025800 -0.446200 0.894600
vn -0.123400 -0.545600 0.828900
vn -0.064300 -0.533400 0.843400
vn -0.025800 -0.446200 0.894600
vn 0.061500 -0.381100 0.922500
vn -0.064300 -0.533400 0.843400
vn 0.728100 0.632800 -0.263600
vn 0.697700 0.636700 -0.328200
vn 0.563400 0.550600 -0.616000
vn 0.728100 0.632800 -0.263600
vn 0.740400 0.657300 -0.140500
vn 0.697700 0.636700 -0.328200
vn 0.737700 0.670800 -0.076200
vn 0.747500 0.663900 0.021700
vn 0.647600 0.759700 0.058600
vn 0.737700 0.670800 -0.076200
vn 0.633800 0.770900 0.062900
vn 0.633400 0.771300 0.063100
vn 0.647600 0.759700 0.058600
vn 0.633800 0.770900 0.062900
vn 0.655700 0.728800 0.197200
vn 0.633400 0.771300 0.063100
vn 0.655700 0.728800 0.197300
vn 0.462100 0.873500 0.153200
vn 0.663800 0.690600 0.287100
vn 0.462100 0.873500 0.153100
vn 0.425500 0.896900 0.120400
vn 0.488300 0.860700 0.144200
vn 0.539200 0.826100 0.163600
vn 0.769700 0.582800 0.260700
vn 0.922800 0.381600 0.053900
vn 0.770400 0.585300 0.252900
vn 0.909600 0.410600 0.063900
vn 0.922800 0.381600 0.053900
vn 0.992700 0.115700 0.034100
vn 0.909600 0.410600 0.063900
vn 0.992700 0.115700 0.034100
vn 0.992600 0.113100 0.043500
vn 0.992600 0.113100 0.043500
vn 0.085800 0.983900 -0.156700
vn 0.074100 0.976500 -0.202600
vn 0.085800 0.983900 -0.156700
vn 0.070900 0.974100 -0.214800
vn 0.072000 0.993400 -0.089600
vn 0.074100 0.976400 -0.202700
vn 0.061700 0.996700 0.053000
vn 0.054600 0.984700 0.165600
vn 0.072100 0.993400 -0.089400
vn 0.061700 0.996700 0.053000
vn 0.047900 0.992900 0.109200
vn 0.054600 0.984700 0.165600
vn 0.048400 0.955300 0.291700
vn 0.042400 0.951000 0.306200
vn 0.002600 0.951800 0.306800
vn 0.048400 0.955300 0.291700
vn -0.037300 0.951000 0.306900
vn -0.043600 0.955300 0.292500
vn 0.002500 0.951800 0.306800
vn -0.045300 0.956400 0.288500
vn -0.046000 0.986000 0.160000
vn -0.043600 0.955300 0.292500
vn -0.056800 0.996900 0.053600
vn -0.060600 0.996500 0.056800
vn -0.046000 0.986000 0.160000
vn -0.056800 0.996900 0.053600
vn -0.072900 0.996300 -0.045900
vn -0.060600 0.996500 0.056800
vn -0.072900 0.996300 -0.046000
vn -0.077500 0.983300 -0.164500
vn -0.090600 0.975500 -0.200400
vn -0.126100 0.840500 -0.527000
vn -0.142400 0.615500 -0.775200
vn -0.144200 0.627300 -0.765300
vn -0.126100 0.840400 -0.527100
vn -0.010000 0.733800 -0.679300
vn -0.015300 0.728800 -0.684500
vn -0.144200 0.627300 -0.765300
vn -0.010000 0.733800 -0.679300
vn 0.149700 0.626200 -0.765100
vn -0.015300 0.728800 -0.684500
vn 0.151900 0.615500 -0.773400
vn -0.897200 -0.441000 0.023500
vn -0.920100 -0.383700 0.078900
vn -0.917100 -0.392400 0.070700
vn -0.944900 -0.322800 0.054000
vn -0.945900 -0.323400 -0.026200
vn -0.945900 -0.323500 -0.026100
vn -0.944900 -0.322800 0.054000
vn -0.945900 -0.323400 -0.026200
vn -0.945700 -0.323900 -0.025700
vn -0.945900 -0.323500 -0.026100
vn -0.158500 -0.351400 0.922700
vn -0.022300 -0.156700 0.987400
vn -0.158500 -0.351400 0.922700
vn -0.022300 -0.156700 0.987400
vn 0.006400 -0.114900 0.993400
vn 0.006400 -0.114700 0.993400
vn 0.008300 -0.114900 0.993300
vn 0.010200 -0.114900 0.993300
vn 0.084700 -0.224500 0.970800
vn 0.008500 -0.114900 0.993300
vn 0.010200 -0.114900 0.993300
vn 0.038700 -0.156800 0.986900
vn 0.084700 -0.224500 0.970800
vn 0.174000 -0.353600 0.919100
vn 0.008000 -1.000000 0.000100
vn 0.005600 0.998100 0.062000
vn 0.006400 0.997800 0.065600
vn 0.001800 0.998200 0.060300
vn -0.000300 0.998100 0.061600
vn 0.000500 0.998100 0.061600
vn 0.001800 0.998200 0.060300
vn 0.001300 0.998100 0.061600
vn -0.000800 0.998200 0.060300
vn 0.000500 0.998100 0.061600
vn -0.004600 0.998100 0.062100
vn -0.005300 0.997800 0.065700
vn -0.000800 0.998200 0.060300
vn -0.004600 0.998100 0.062100
vn -0.008000 -1.000000 0.000200
vn -0.005300 0.997800 0.065700
vn 0.525400 0.115600 0.843000
vn 0.072500 0.777700 0.624400
vn -0.502600 0.839000 -0.208400
vn -0.624200 0.435300 -0.648800
vn 0.072500 0.777700 0.624400
vn -0.620200 0.569000 -0.540000
vn -0.624200 0.435300 -0.648800
vn 0.241700 -0.932700 -0.267800
vn -0.620200 0.569000 -0.540000
vn 0.018900 -0.847800 -0.529900
vn 0.241700 -0.932700 -0.267800
vn 0.626700 -0.438100 0.644500
vn 0.018900 -0.847800 -0.529900
vn 0.512900 -0.822000 0.247500
vn 0.626700 -0.438100 0.644500
vn 0.543100 0.038300 0.838800
vn 0.518900 0.102900 0.848600
vn 0.008000 0.740900 0.671500
vn -0.567700 0.803700 -0.178300
vn -0.654900 0.395100 -0.644200
vn 0.008000 0.740900 0.671500
vn -0.665500 0.592200 -0.454300
vn -0.654900 0.395100 -0.644200
vn 0.362400 -0.895000 -0.259900
vn -0.665500 0.592200 -0.454300
vn 0.065600 -0.804200 -0.590700
vn 0.362400 -0.895000 -0.259900
vn 0.663400 -0.435800 0.608200
vn 0.065600 -0.804200 -0.590700
vn 0.566300 -0.801300 0.193000
vn 0.663400 -0.435800 0.608200
vn 0.537800 0.038500 0.842200
vn 0.129800 0.901800 0.412300
vn 0.068100 0.920700 0.384200
vn 0.130000 0.902600 0.410300
vn 0.068300 0.921100 0.383200
vn 0.068100 0.920700 0.384200
vn 0.003200 0.923100 0.384600
vn 0.068300 0.921100 0.383200
vn 0.003200 0.923100 0.384600
vn 0.283100 0.706600 -0.648500
vn 0.283100 0.706600 -0.648500
vn 0.283100 0.706600 -0.648500
vn -0.431500 0.829800 -0.353900
vn -0.333400 0.797400 -0.503000
vn -0.218600 0.735200 -0.641600
vn -0.284200 0.715200 -0.638600
vn -0.305900 0.710500 -0.633700
vn -0.293800 0.714000 -0.635500
vn -0.284200 0.715200 -0.638600
vn -0.305900 0.710500 -0.633700
vn -0.204800 0.718100 -0.665100
vn -0.293800 0.714000 -0.635500
vn -0.204700 0.718100 -0.665100
vn -0.107200 0.717200 -0.688500
vn -0.106800 0.717000 -0.688900
vn -0.005800 0.719400 -0.694600
vn 0.095700 0.717200 -0.690200
vn 0.095200 0.717000 -0.690600
vn -0.005800 0.719400 -0.694600
vn 0.095700 0.717200 -0.690200
vn 0.193600 0.718100 -0.668500
vn 0.095200 0.717000 -0.690600
vn 0.193600 0.718100 -0.668400
vn 0.306500 0.756500 -0.577700
vn 0.266300 0.718700 -0.642300
vn 0.238300 0.753600 -0.612700
vn 0.306500 0.756500 -0.577700
vn 0.425500 0.829800 -0.361100
vn 0.238300 0.753600 -0.612700
vn -0.917400 0.337800 0.210600
vn -0.896800 0.390100 0.208600
vn -0.917400 0.337800 0.210600
vn -0.896800 0.390100 0.208600
vn -0.884200 0.419300 0.206000
vn -0.859400 0.473600 0.192900
vn -0.858500 0.475500 0.191800
vn -0.943700 0.283000 0.171500
vn -0.868400 0.459000 0.187600
vn -0.858600 0.475500 0.191800
vn -0.943700 0.283000 0.171500
vn -0.910500 0.379400 0.164500
vn -0.868400 0.459000 0.187600
vn -0.862400 0.494900 0.106300
vn -0.864100 0.499800 0.058800
vn -0.860900 0.505800 0.054300
vn -0.862400 0.494900 0.106300
vn -0.864100 0.499800 0.058800
vn -0.864000 0.494100 0.097000
vn -0.860900 0.505800 0.054300
vn -0.864000 0.494100 0.097100
vn -0.900300 0.421600 0.108100
vn -0.894500 0.430100 0.121600
vn -0.932600 0.337000 0.129000
vn -0.951900 0.253600 0.172100
vn -0.931400 0.320800 0.171800
vn -0.932600 0.337000 0.129000
vn -0.951900 0.253600 0.172100
vn -0.922300 0.332200 0.197600
vn -0.931400 0.320800 0.171800
vn -0.916400 0.370000 0.152500
vn -0.922300 0.332200 0.197600
vn -0.878800 0.407800 0.247900
vn -0.916400 0.370000 0.152500
vn -0.925000 0.360300 0.120700
vn -0.878800 0.407800 0.247900
vn -0.925000 0.367700 0.095500
vn -0.925000 0.360300 0.120700
vn -0.925000 0.367700 0.095500
vn -0.905800 0.407400 0.116500
vn -0.915900 0.388200 0.101900
vn -0.895900 0.424900 0.129800
vn 0.697500 0.693800 0.179000
vn 0.911000 0.378900 0.162700
vn 0.815300 0.565700 0.123300
vn 0.922000 0.349400 0.166800
vn 0.911000 0.378900 0.162700
vn 0.975700 0.011000 0.219000
vn 0.922000 0.349400 0.166800
vn 0.940700 0.242800 0.237100
vn 0.975700 0.011000 0.219000
vn 0.956900 -0.140400 0.254300
vn 0.940700 0.242800 0.237100
vn 0.956900 -0.140400 0.254300
vn 0.669200 -0.587000 -0.455600
vn 0.793700 -0.580100 0.183400
vn 0.669200 -0.587000 -0.455700
vn -0.218600 -0.122000 -0.968200
vn -0.180900 -0.073500 -0.980800
vn -0.295000 -0.057200 -0.953800
vn -0.215100 0.018800 -0.976400
vn 0.046500 0.567900 -0.821800
vn -0.295000 -0.057200 -0.953800
vn -0.215100 0.018800 -0.976400
vn 0.199600 0.767600 -0.609000
vn 0.046500 0.567900 -0.821800
vn 0.951300 0.302600 0.058800
vn 0.199600 0.767600 -0.609000
vn 0.977100 0.195200 0.084900
vn 0.951300 0.302600 0.058800
vn 0.977100 0.195200 0.084900
vn 0.962200 0.244500 0.119600
vn 0.974100 0.194600 0.114900
vn 0.962200 0.244500 0.119700
vn 0.896300 0.387800 0.214900
vn 0.738200 0.630000 0.241000
vn 0.892200 0.368300 0.261500
vn 0.896300 0.387800 0.214900
vn 0.897200 0.334700 0.288000
vn 0.892200 0.368300 0.261500
vn 0.971800 -0.021700 0.234900
vn 0.897200 0.334700 0.288000
vn 0.968600 -0.058400 0.241500
vn 0.971800 -0.021700 0.234900
vn -0.813100 0.565800 0.137000
vn -0.908200 0.378900 0.178000
vn -0.694400 0.693800 0.190700
vn -0.813100 0.565800 0.137000
vn -0.919100 0.349400 0.182200
vn -0.908200 0.378900 0.178000
vn -0.971900 0.011000 0.235300
vn -0.919100 0.349400 0.182200
vn -0.936600 0.242800 0.252800
vn -0.971900 0.011000 0.235300
vn -0.952500 -0.140400 0.270300
vn -0.790500 -0.580100 0.196600
vn -0.676700 -0.587000 -0.444400
vn -0.952500 -0.140400 0.270300
vn 0.164400 -0.073500 -0.983600
vn 0.202300 -0.122000 -0.971700
vn -0.676700 -0.587000 -0.444500
vn 0.164400 -0.073500 -0.983600
vn 0.279000 -0.057200 -0.958600
vn 0.202300 -0.122000 -0.971700
vn 0.279000 -0.057200 -0.958600
vn -0.060200 0.567900 -0.820900
vn 0.198700 0.018800 -0.979900
vn -0.209800 0.767600 -0.605600
vn -0.060200 0.567900 -0.820900
vn -0.950200 0.302600 0.074800
vn -0.209800 0.767600 -0.605600
vn -0.975500 0.195200 0.101300
vn -0.972000 0.194800 0.131200
vn -0.960100 0.244500 0.135700
vn -0.975500 0.195200 0.101300
vn -0.734100 0.630000 0.253400
vn -0.892600 0.387800 0.229800
vn -0.960100 0.244400 0.135700
vn -0.734100 0.630000 0.253400
vn -0.887700 0.368300 0.276400
vn -0.892600 0.387800 0.229800
vn -0.892300 0.334700 0.303000
vn -0.887700 0.368300 0.276400
vn -0.967700 -0.021700 0.251200
vn -0.892300 0.334700 0.303000
vn -0.964500 -0.058400 0.257700
vn 0.920800 0.337800 0.195200
vn 0.868200 0.462400 0.180000
vn 0.900200 0.390100 0.193600
vn 0.887500 0.419300 0.191100
vn 0.868200 0.462400 0.180000
vn 0.861600 0.475500 0.177400
vn 0.887500 0.419300 0.191100
vn 0.861700 0.475500 0.177400
vn 0.871400 0.459000 0.173100
vn 0.946400 0.283000 0.155700
vn 0.913100 0.379400 0.149200
vn 0.871400 0.459000 0.173100
vn 0.864100 0.494900 0.091900
vn 0.913100 0.379400 0.149200
vn 0.864100 0.494900 0.091800
vn 0.861700 0.505800 0.039900
vn 0.865000 0.499800 0.044400
vn 0.865500 0.494100 0.082500
vn 0.896400 0.430100 0.106600
vn 0.902000 0.421600 0.093000
vn 0.865500 0.494100 0.082600
vn 0.896400 0.430100 0.106600
vn 0.934600 0.337000 0.113400
vn 0.902000 0.421600 0.093000
vn 0.934700 0.337000 0.113400
vn 0.934200 0.320800 0.156200
vn 0.954600 0.253600 0.156100
vn 0.925500 0.332200 0.182100
vn 0.934200 0.320800 0.156200
vn 0.918900 0.370000 0.137100
vn 0.925500 0.332200 0.182100
vn 0.882800 0.407800 0.233100
vn 0.918900 0.370000 0.137100
vn 0.926900 0.360300 0.105200
vn 0.882800 0.407800 0.233100
vn 0.926500 0.367700 0.080000
vn 0.917500 0.388200 0.086600
vn 0.907600 0.407400 0.101300
vn 0.926500 0.367700 0.080100
vn 0.917500 0.388200 0.086600
vn 0.898000 0.424900 0.114700
vn 0.907600 0.407400 0.101300
vn -0.862800 -0.256200 -0.435900
vn -0.862800 -0.256200 -0.435900
vn -0.862800 -0.256200 -0.435900
vn -0.860300 -0.481000 -0.169100
vn -0.860300 -0.481000 -0.169100
vn -0.860300 -0.481000 -0.169100
vn -0.870500 0.030700 -0.491300
vn -0.870500 0.030700 -0.491300
vn -0.870500 0.030700 -0.491300
vn -0.857200 -0.480900 0.184500
vn -0.857200 -0.480900 0.184500
vn -0.857200 -0.480900 0.184500
vn -0.875200 0.245500 -0.416700
vn -0.875200 0.245500 -0.416700
vn -0.875200 0.245500 -0.416700
vn -0.854500 -0.256900 0.451500
vn -0.854500 -0.256900 0.451500
vn -0.854500 -0.256900 0.451500
vn -0.868200 0.416100 -0.270200
vn -0.868200 0.416100 -0.270200
vn -0.868200 0.416100 -0.270200
vn -0.853800 0.087300 0.513200
vn -0.853800 0.087300 0.513200
vn -0.853800 0.087300 0.513200
vn -0.858100 0.513400 0.007200
vn -0.858100 0.513400 0.007200
vn -0.858100 0.513400 0.007200
vn -0.855200 0.393400 0.337500
vn -0.855200 0.393400 0.337500
vn -0.855200 0.393400 0.337500
vn 0.862300 0.087400 0.498800
vn 0.862300 0.087400 0.498800
vn 0.862300 0.087400 0.498800
vn 0.861900 -0.256900 0.437100
vn 0.861900 -0.256900 0.437100
vn 0.861900 -0.256900 0.437100
vn 0.860700 0.393400 0.323100
vn 0.860700 0.393400 0.323100
vn 0.860700 0.393400 0.323100
vn 0.860100 -0.480900 0.170100
vn 0.860100 -0.480900 0.170100
vn 0.860100 -0.480900 0.170100
vn 0.858100 0.513400 -0.007200
vn 0.858100 0.513400 -0.007200
vn 0.858100 0.513400 -0.007200
vn 0.857300 -0.481000 -0.183400
vn 0.857300 -0.481000 -0.183400
vn 0.857300 -0.481000 -0.183400
vn 0.855500 0.391700 -0.338600
vn 0.855500 0.391700 -0.338600
vn 0.855500 0.391700 -0.338600
vn 0.855300 -0.256200 -0.450300
vn 0.855300 -0.256200 -0.450300
vn 0.855300 -0.256200 -0.450300
vn 0.854300 0.090100 -0.511900
vn 0.854300 0.090100 -0.511900
vn 0.854300 0.090100 -0.511900
vn -0.974200 0.116200 -0.193200
vn -0.974300 0.116200 -0.193100
vn -0.974200 0.116200 -0.193400
vn -0.974200 0.116200 -0.193200
vn -0.974300 0.116200 -0.192800
vn -0.974300 0.116200 -0.193100
vn -0.973300 0.218300 -0.071400
vn -0.973100 0.218900 -0.072000
vn -0.973400 0.217900 -0.070800
vn -0.973300 0.218300 -0.071400
vn -0.972900 0.219500 -0.072800
vn -0.973100 0.218900 -0.072000
vn -0.971800 0.219000 0.087500
vn -0.971900 0.218300 0.087600
vn -0.971700 0.219600 0.087400
vn -0.971800 0.219000 0.087500
vn -0.972100 0.217400 0.087800
vn -0.971900 0.218300 0.087600
vn -0.970900 0.116100 0.209400
vn -0.970900 0.116300 0.209500
vn -0.970900 0.116000 0.209300
vn -0.970900 0.116100 0.209400
vn -0.970800 0.116500 0.209600
vn -0.970900 0.116300 0.209500
vn 0.970800 -0.039800 -0.236600
vn 0.970700 -0.039700 -0.236900
vn 0.970800 -0.039900 -0.236400
vn 0.970800 -0.039800 -0.236600
vn 0.970700 -0.039500 -0.237200
vn 0.970700 -0.039700 -0.236900
vn 0.971500 -0.177700 -0.157000
vn 0.971400 -0.177800 -0.157200
vn 0.971500 -0.177600 -0.156700
vn 0.971500 -0.177700 -0.157000
vn 0.971400 -0.177900 -0.157500
vn 0.971400 -0.177800 -0.157200
vn 0.972500 -0.232700 -0.008100
vn 0.972500 -0.232700 -0.008100
vn 0.972500 -0.232700 -0.008100
vn 0.972500 -0.232700 -0.008100
vn 0.972500 -0.232700 -0.008100
vn 0.972500 -0.232700 -0.008100
vn 0.973800 -0.178300 0.141500
vn 0.973900 -0.177500 0.141300
vn 0.973600 -0.179000 0.141600
vn 0.973800 -0.178300 0.141500
vn 0.974100 -0.176400 0.141200
vn 0.973900 -0.177500 0.141300
vn 0.974600 -0.040800 0.220200
vn 0.974600 -0.040800 0.220200
vn 0.974600 -0.040800 0.220200
vn 0.974600 -0.040800 0.220200
vn 0.974600 -0.040800 0.220200
vn 0.974600 -0.040800 0.220200
vn 0.974200 0.116200 0.193200
vn 0.974300 0.116200 0.193100
vn 0.974200 0.116200 0.193400
vn 0.974200 0.116200 0.193200
vn 0.974300 0.116200 0.192800
vn 0.974300 0.116200 0.193100
vn 0.973200 0.218500 0.071000
vn 0.973100 0.218900 0.071600
vn 0.973400 0.218100 0.070600
vn 0.973200 0.218500 0.071000
vn 0.972900 0.219500 0.072300
vn 0.973100 0.218900 0.071600
vn 0.971800 0.218900 -0.087900
vn 0.972000 0.218100 -0.088000
vn 0.971600 0.219600 -0.087700
vn 0.971800 0.218900 -0.087900
vn 0.972200 0.217100 -0.088200
vn 0.972000 0.218100 -0.088000
vn 0.970900 0.116100 -0.209400
vn 0.970900 0.116300 -0.209500
vn 0.970900 0.116000 -0.209300
vn 0.970900 0.116100 -0.209400
vn 0.970800 0.116500 -0.209600
vn 0.970900 0.116300 -0.209500
vn 0.973000 -0.112300 -0.201800
vn 0.973000 -0.112300 -0.201600
vn 0.972900 -0.112300 -0.202000
vn 0.973000 -0.112300 -0.201800
vn 0.973100 -0.112300 -0.201400
vn 0.973000 -0.112300 -0.201600
vn 0.973800 -0.211000 -0.085100
vn 0.973800 -0.210800 -0.084800
vn 0.973700 -0.211200 -0.085300
vn 0.973800 -0.211000 -0.085100
vn 0.973900 -0.210500 -0.084500
vn 0.973800 -0.210800 -0.084800
vn 0.975100 -0.210900 0.068900
vn 0.975000 -0.211400 0.068900
vn 0.975200 -0.210500 0.069000
vn 0.975100 -0.210900 0.068900
vn 0.974800 -0.212100 0.068700
vn 0.975000 -0.211400 0.068900
vn 0.976000 -0.112500 0.186400
vn 0.976100 -0.112000 0.186200
vn 0.975900 -0.112800 0.186700
vn 0.976000 -0.112500 0.186400
vn 0.976200 -0.111400 0.185800
vn 0.976100 -0.112000 0.186200
vn 0.976300 0.038500 0.212900
vn 0.976300 0.038400 0.213100
vn 0.976400 0.038600 0.212700
vn 0.976300 0.038500 0.212900
vn 0.976200 0.038300 0.213500
vn 0.976300 0.038400 0.213100
vn 0.975600 0.172000 0.136500
vn 0.975600 0.171900 0.136400
vn 0.975600 0.172000 0.136700
vn 0.975600 0.172000 0.136500
vn 0.975700 0.171900 0.136100
vn 0.975600 0.171900 0.136400
vn 0.974400 0.224900 -0.008200
vn 0.974400 0.224900 -0.008200
vn 0.974400 0.224900 -0.008200
vn 0.974400 0.224900 -0.008200
vn 0.974400 0.224900 -0.008200
vn 0.974400 0.224900 -0.008200
vn 0.973200 0.171900 -0.152800
vn 0.973200 0.172100 -0.152800
vn 0.973200 0.171700 -0.152700
vn 0.973200 0.171900 -0.152800
vn 0.973100 0.172300 -0.152800
vn 0.973200 0.172100 -0.152800
vn 0.972600 0.039500 -0.229100
vn 0.972600 0.039500 -0.229100
vn 0.972600 0.039500 -0.229100
vn 0.972600 0.039500 -0.229100
vn 0.972600 0.039500 -0.229100
vn 0.972600 0.039500 -0.229100
vn -0.970400 -0.040400 0.238100
vn -0.970500 -0.040600 0.237600
vn -0.970300 -0.040200 0.238500
vn -0.970400 -0.040400 0.238100
vn -0.970700 -0.040800 0.236900
vn -0.970500 -0.040600 0.237600
vn -0.971300 -0.178600 0.157300
vn -0.971300 -0.178500 0.157000
vn -0.971200 -0.178700 0.157700
vn -0.971300 -0.178600 0.157300
vn -0.971500 -0.178300 0.156500
vn -0.971300 -0.178500 0.157000
vn -0.972500 -0.232700 0.008100
vn -0.972500 -0.232700 0.008100
vn -0.972500 -0.232800 0.008100
vn -0.972500 -0.232700 0.008100
vn -0.972500 -0.232700 0.008100
vn -0.972500 -0.232700 0.008100
vn -0.973800 -0.178400 -0.140900
vn -0.973700 -0.178800 -0.140900
vn -0.973900 -0.178000 -0.140800
vn -0.973800 -0.178400 -0.140900
vn -0.973600 -0.179300 -0.141000
vn -0.973700 -0.178800 -0.140900
vn -0.974400 -0.040300 -0.221400
vn -0.974200 -0.040700 -0.221800
vn -0.974400 -0.040000 -0.221000
vn -0.974400 -0.040300 -0.221400
vn -0.974100 -0.041200 -0.222400
vn -0.974200 -0.040700 -0.221800
vn -0.974100 0.116600 -0.193600
vn -0.974200 0.116600 -0.193100
vn -0.974100 0.116600 -0.194000
vn -0.974100 0.116600 -0.193600
vn -0.974400 0.116600 -0.192400
vn -0.974200 0.116600 -0.193100
vn -0.973400 0.217900 -0.070800
vn -0.973400 0.217900 -0.070800
vn -0.973400 0.217900 -0.070800
vn -0.973400 0.217900 -0.070800
vn -0.973400 0.217900 -0.070800
vn -0.973400 0.217900 -0.070800
vn -0.972100 0.217700 0.086800
vn -0.972200 0.217600 0.086900
vn -0.972100 0.217900 0.086800
vn -0.972100 0.217700 0.086800
vn -0.972200 0.217300 0.086900
vn -0.972200 0.217600 0.086900
vn -0.971100 0.115400 0.209000
vn -0.970900 0.116200 0.209500
vn -0.971300 0.114700 0.208600
vn -0.971100 0.115400 0.209000
vn -0.970600 0.117400 0.210100
vn -0.970900 0.116200 0.209500
vn -0.972500 -0.013800 0.232400
vn -0.972500 -0.013800 0.232400
vn -0.972500 -0.013800 0.232300
vn -0.972500 -0.013800 0.232400
vn -0.972500 -0.013900 0.232400
vn -0.972500 -0.013800 0.232400
vn -0.974100 -0.109300 0.197800
vn -0.974100 -0.109300 0.197900
vn -0.974000 -0.109100 0.198300
vn -0.974100 -0.109300 0.197800
vn -0.974200 -0.109500 0.197300
vn -0.974100 -0.109300 0.197900
vn -0.973300 -0.187600 0.132000
vn -0.973300 -0.187700 0.132300
vn -0.973500 -0.187300 0.131100
vn -0.973300 -0.187600 0.132000
vn -0.973000 -0.188100 0.133600
vn -0.973300 -0.187700 0.132300
vn -0.972500 -0.232700 0.008100
vn -0.972500 -0.232700 0.008100
vn -0.972500 -0.232700 0.008100
vn -0.972500 -0.232700 0.008100
vn -0.972500 -0.232700 0.008100
vn -0.972500 -0.232700 0.008100
vn -0.973900 -0.177800 -0.140800
vn -0.974000 -0.177600 -0.140700
vn -0.973900 -0.178000 -0.140800
vn -0.973900 -0.177800 -0.140800
vn -0.974100 -0.177200 -0.140700
vn -0.974000 -0.177600 -0.140700
vn -0.974600 -0.039600 -0.220300
vn -0.974600 -0.039800 -0.220500
vn -0.974700 -0.039400 -0.220000
vn -0.974600 -0.039600 -0.220300
vn -0.974500 -0.040000 -0.220700
vn -0.974600 -0.039800 -0.220500
vn -0.008200 -0.172000 -0.985100
vn -0.008200 0.174200 -0.984700
vn -0.008200 -0.172000 -0.985100
vn -0.008200 0.174200 -0.984700
vn -0.008200 0.174200 -0.984700
vn -0.005400 0.766300 -0.642500
vn -0.008200 0.174200 -0.984700
vn -0.005400 0.766300 -0.642500
vn -0.005400 0.766300 -0.642500
vn 0.000000 1.000000 -0.000700
vn -0.005400 0.766300 -0.642500
vn 0.000000 1.000000 -0.000700
vn 0.000000 1.000000 -0.000700
vn 0.005400 0.766700 0.642000
vn 0.000000 1.000000 -0.000700
vn 0.005400 0.766700 0.642000
vn 0.005400 0.766700 0.642000
vn 0.008200 0.228600 0.973500
vn 0.005400 0.766700 0.642000
vn 0.008200 0.228600 0.973500
vn 0.008200 0.228600 0.973500
vn 0.008000 -0.287300 0.957800
vn 0.008200 0.228600 0.973500
vn 0.008000 -0.287300 0.957800
vn 0.008000 -0.287300 0.957800
vn 0.006100 -0.685600 0.727900
vn 0.008000 -0.287300 0.957800
vn 0.006100 -0.685600 0.727900
vn 0.006100 -0.685600 0.727900
vn 0.002400 -0.958100 0.286400
vn 0.006100 -0.685600 0.727900
vn 0.002400 -0.958100 0.286400
vn 0.002400 -0.958100 0.286400
vn -0.002900 -0.939900 -0.341300
vn 0.002400 -0.958100 0.286400
vn -0.002900 -0.939900 -0.341400
vn -0.002900 -0.939900 -0.341300
vn -0.005400 -0.766900 -0.641700
vn -0.002900 -0.939900 -0.341400
vn -0.005400 -0.766900 -0.641700
vn -0.005400 -0.766900 -0.641700
vn -0.002900 -0.939900 -0.341400
vn -0.005400 -0.766900 -0.641700
vn -0.002900 -0.939900 -0.341300
vn -0.002900 -0.939900 -0.341400
vn 0.002900 -0.939900 0.341300
vn -0.002900 -0.939900 -0.341300
vn 0.002900 -0.939900 0.341400
vn 0.002900 -0.939900 0.341300
vn 0.007300 -0.499900 0.866100
vn 0.002900 -0.939900 0.341400
vn 0.007300 -0.499900 0.866100
vn 0.007300 -0.499900 0.866100
vn 0.008200 0.172500 0.985000
vn 0.007300 -0.499900 0.866100
vn 0.008200 0.172500 0.985000
vn 0.008200 0.172500 0.985000
vn 0.005400 0.765600 0.643300
vn 0.008200 0.172500 0.985000
vn 0.005400 0.765600 0.643300
vn 0.005400 0.765600 0.643300
vn 0.000000 1.000000 -0.000700
vn 0.005400 0.765600 0.643300
vn 0.000000 1.000000 -0.000700
vn 0.000000 1.000000 -0.000700
vn -0.005400 0.766300 -0.642500
vn 0.000000 1.000000 -0.000700
vn -0.005400 0.766300 -0.642500
vn -0.005400 0.766300 -0.642500
vn -0.008200 0.174200 -0.984700
vn -0.005400 0.766300 -0.642500
vn -0.008200 0.174200 -0.984700
vn -0.008200 0.174200 -0.984700
vn -0.008200 -0.172000 -0.985100
vn -0.008200 0.174200 -0.984700
vn -0.008200 -0.172000 -0.985100
vn 0.008200 0.172000 0.985100
vn 0.007300 0.498600 0.866800
vn 0.008200 0.172000 0.985100
vn 0.007300 0.498600 0.866800
vn 0.007300 0.498600 0.866800
vn 0.002900 0.939400 0.342800
vn 0.007300 0.498600 0.866800
vn 0.002900 0.939400 0.342800
vn 0.002900 0.939400 0.342800
vn -0.002900 0.939400 -0.342800
vn 0.002900 0.939400 0.342800
vn -0.002900 0.939400 -0.342800
vn -0.002900 0.939400 -0.342800
vn -0.007300 0.500300 -0.865800
vn -0.002900 0.939400 -0.342800
vn -0.007200 0.500200 -0.865900
vn -0.007300 0.500300 -0.865800
vn -0.008200 -0.173200 -0.984800
vn -0.007200 0.500200 -0.865900
vn -0.008200 -0.173300 -0.984800
vn -0.008200 -0.173200 -0.984800
vn -0.005400 -0.766100 -0.642600
vn -0.008200 -0.173300 -0.984800
vn -0.005400 -0.766200 -0.642600
vn -0.005400 -0.766100 -0.642600
vn 0.000000 -1.000000 0.000700
vn -0.005400 -0.766200 -0.642600
vn 0.000000 -1.000000 0.000700
vn 0.000000 -1.000000 0.000700
vn 0.005400 -0.765700 0.643100
vn 0.000000 -1.000000 0.000700
vn 0.005400 -0.765700 0.643200
vn 0.005400 -0.765700 0.643100
vn 0.007200 -0.501200 0.865300
vn 0.005400 -0.765700 0.643200
vn 0.007200 -0.501200 0.865300
vn 0.005400 -0.766900 0.641700
vn 0.002900 -0.939900 0.341400
vn 0.005400 -0.766900 0.641700
vn 0.002900 -0.939900 0.341300
vn 0.002900 -0.939900 0.341400
vn -0.002900 -0.939900 -0.341300
vn 0.002900 -0.939900 0.341300
vn -0.002900 -0.939900 -0.341400
vn -0.002900 -0.939900 -0.341300
vn -0.007300 -0.499900 -0.866100
vn -0.002900 -0.939900 -0.341400
vn -0.007300 -0.499900 -0.866100
vn -0.007300 -0.499900 -0.866100
vn -0.008200 0.174200 -0.984700
vn -0.007300 -0.499900 -0.866100
vn -0.008200 0.174200 -0.984700
vn -0.008200 0.174200 -0.984700
vn -0.005400 0.766300 -0.642500
vn -0.008200 0.174200 -0.984700
vn -0.005400 0.766300 -0.642500
vn -0.005400 0.766300 -0.642500
vn 0.000000 1.000000 -0.000700
vn -0.005400 0.766300 -0.642500
vn 0.000000 1.000000 -0.000700
vn 0.000000 1.000000 -0.000700
vn 0.005400 0.766700 0.642000
vn 0.000000 1.000000 -0.000700
vn 0.005400 0.766700 0.642000
vn 0.005400 0.766700 0.642000
vn 0.008200 0.172300 0.985000
vn 0.005400 0.766700 0.642000
vn 0.008200 0.172300 0.985000
vn 0.008200 0.172300 0.985000
vn 0.008200 -0.175800 0.984400
vn 0.008200 0.172300 0.985000
vn 0.008200 -0.175800 0.984400
vn -0.862100 -0.257700 -0.436300
vn -0.862100 -0.257700 -0.436300
vn -0.862100 -0.257700 -0.436300
vn -0.862900 0.090100 -0.497200
vn -0.862900 0.090100 -0.497200
vn -0.862900 0.090100 -0.497200
vn -0.859700 -0.482500 -0.167700
vn -0.859700 -0.482500 -0.167700
vn -0.859700 -0.482500 -0.167700
vn -0.861100 0.394400 -0.320900
vn -0.861100 0.394400 -0.320900
vn -0.861100 0.394400 -0.320900
vn -0.856700 -0.482500 0.182100
vn -0.856700 -0.482500 0.182100
vn -0.856700 -0.482500 0.182100
vn -0.858100 0.513400 0.007200
vn -0.858100 0.513400 0.007200
vn -0.858100 0.513400 0.007200
vn -0.854700 -0.257700 0.450700
vn -0.854700 -0.257700 0.450700
vn -0.854700 -0.257700 0.450700
vn -0.855600 0.394400 0.335300
vn -0.855600 0.394400 0.335300
vn -0.855600 0.394400 0.335300
vn -0.854500 0.090100 0.511600
vn -0.854500 0.090100 0.511600
vn -0.854500 0.090100 0.511600
vn 0.862100 0.257700 0.436300
vn 0.862100 0.257700 0.436300
vn 0.862100 0.257700 0.436300
vn 0.862900 -0.090100 0.497200
vn 0.862900 -0.090100 0.497200
vn 0.862900 -0.090100 0.497200
vn 0.859700 0.482500 0.167700
vn 0.859700 0.482500 0.167700
vn 0.859700 0.482500 0.167700
vn 0.861500 -0.392400 0.322300
vn 0.861500 -0.392400 0.322300
vn 0.861500 -0.392400 0.322300
vn 0.856700 0.482500 -0.182100
vn 0.856700 0.482500 -0.182100
vn 0.856700 0.482500 -0.182100
vn 0.859100 -0.511800 -0.007200
vn 0.859100 -0.511800 -0.007200
vn 0.859100 -0.511800 -0.007200
vn 0.854300 0.255800 -0.452600
vn 0.854300 0.255800 -0.452600
vn 0.854300 0.255800 -0.452600
vn 0.856000 -0.392400 -0.336700
vn 0.856000 -0.392400 -0.336700
vn 0.856000 -0.392400 -0.336700
vn 0.854000 -0.087300 -0.512900
vn 0.854000 -0.087300 -0.512900
vn 0.854000 -0.087300 -0.512900
vn -0.009100 -0.159300 -0.987200
vn -0.016700 -0.170900 -0.985100
vn 0.000200 -0.145000 -0.989400
vn -0.009100 -0.159300 -0.987200
vn -0.025800 -0.184700 -0.982500
vn -0.016700 -0.170900 -0.985100
vn 0.131700 -0.205500 0.969800
vn 0.033200 -0.391700 0.919500
vn 0.044500 -0.101000 0.993900
vn -0.047300 -0.660900 0.749000
vn 0.033200 -0.391700 0.919500
vn -0.049800 -0.945600 0.321400
vn -0.047300 -0.660900 0.749000
vn -0.071300 -0.996400 0.044800
vn -0.086400 -0.994400 0.061500
vn -0.071300 -0.996400 0.044800
vn -0.079100 -0.986200 0.145300
vn -0.168400 -0.935100 0.312000
vn -0.086400 -0.994400 0.061500
vn -0.079100 -0.986200 0.145300
vn -0.455000 -0.613800 0.645200
vn -0.168400 -0.935100 0.312000
vn -0.604000 -0.443400 0.662300
vn -0.455000 -0.613800 0.645200
vn -0.541500 -0.186000 0.819900
vn -0.604000 -0.443400 0.662300
vn -0.511500 -0.207100 0.834000
vn 0.001300 -0.369600 0.929200
vn -0.100300 -0.379300 0.919800
vn 0.002700 -0.366400 0.930500
vn -0.015100 -0.290800 0.956700
vn -0.100300 -0.379300 0.919800
vn -0.095800 -0.077600 0.992400
vn -0.015100 -0.290800 0.956700
vn -0.117700 0.106600 0.987300
vn -0.095800 -0.077600 0.992400
vn -0.426100 0.116900 0.897100
vn -0.117700 0.106600 0.987300
vn -0.007400 -0.159200 -0.987200
vn 0.000200 -0.170900 -0.985300
vn 0.009300 -0.184600 -0.982800
vn -0.007400 -0.159200 -0.987200
vn -0.016800 -0.145000 -0.989300
vn 0.000200 -0.170900 -0.985300
vn -0.000500 -0.999300 -0.037600
vn -0.000800 -0.999300 -0.037000
vn -0.000300 -0.999300 -0.038000
vn -0.000500 -0.999300 -0.037600
vn -0.001100 -0.999300 -0.036300
vn -0.000800 -0.999300 -0.037000
vn 0.997200 0.009500 -0.074200
vn 0.995200 -0.014700 0.097000
vn 0.997200 0.009700 -0.074100
vn 0.997200 0.009500 -0.074200
vn 0.976500 0.006600 0.215500
vn 0.995200 -0.014700 0.097000
vn 0.913500 -0.009500 0.406700
vn 0.976500 0.006600 0.215500
vn 0.875900 0.058500 0.478900
vn 0.913500 -0.009500 0.406700
vn 0.568300 -0.176400 0.803700
vn 0.633700 -0.451400 0.628200
vn 0.525400 -0.207100 0.825300
vn 0.568300 -0.176400 0.803700
vn 0.496100 -0.602600 0.625100
vn 0.633700 -0.451400 0.628200
vn 0.200400 -0.933500 0.297300
vn 0.496100 -0.602600 0.625100
vn 0.088000 -0.990000 0.110500
vn 0.200400 -0.933500 0.297300
vn 0.094700 -0.993200 0.067900
vn 0.088000 -0.990000 0.110500
vn 0.072000 -0.996400 0.043600
vn 0.094700 -0.993200 0.067900
vn 0.061200 -0.946000 0.318300
vn -0.030300 -0.369100 0.928900
vn 0.047500 -0.667100 0.743400
vn -0.045100 -0.083100 0.995500
vn -0.030300 -0.369100 0.928900
vn -0.123300 -0.042500 0.991500
vn -0.045100 -0.083100 0.995500
vn -0.123300 -0.042500 0.991500
vn 0.019900 -0.131100 0.991200
vn 0.074200 -0.210400 0.974800
vn 0.207200 -0.400200 0.892700
vn 0.441100 0.116900 0.889800
vn 0.441100 0.116900 0.889800
vn 0.441100 0.116900 0.889800
vn 0.081800 -0.797400 -0.597800
vn 0.081800 -0.797400 -0.597800
vn 0.081800 -0.797400 -0.597800
vn 0.568300 0.004800 -0.822800
vn 0.382800 -0.038700 -0.923000
vn 0.643100 0.107400 -0.758200
vn 0.568300 0.004800 -0.822800
vn 0.371600 -0.091000 -0.923900
vn 0.382800 -0.038700 -0.923000
vn 0.143400 -0.103500 -0.984200
vn 0.148500 -0.095700 -0.984300
vn 0.144700 -0.272400 -0.951300
vn 0.143400 -0.103500 -0.984200
vn 0.174200 -0.780600 -0.600200
vn 0.219700 -0.777300 -0.589500
vn 0.144700 -0.272300 -0.951300
vn 0.174200 -0.780600 -0.600200
vn 0.306500 -0.766000 -0.565100
vn 0.219700 -0.777300 -0.589500
vn 0.506000 -0.553600 -0.661500
vn 0.506000 -0.553600 -0.661500
vn 0.506000 -0.553600 -0.661500
vn -0.416000 -0.673400 -0.611100
vn -0.400400 -0.689300 -0.603700
vn -0.315900 -0.766000 -0.559800
vn -0.416000 -0.673400 -0.611100
vn -0.535500 -0.266300 -0.801400
vn -0.400400 -0.689300 -0.603700
vn -0.535400 -0.266300 -0.801500
vn -0.613400 0.013600 -0.789700
vn -0.488700 0.090800 -0.867700
vn -0.613500 0.013600 -0.789600
vn -0.449800 -0.082700 -0.889300
vn -0.693400 -0.042700 -0.719300
vn -0.449600 -0.082700 -0.889400
vn -0.159800 -0.103500 -0.981700
vn -0.151300 -0.116600 -0.981600
vn -0.159800 -0.103500 -0.981700
vn -0.144400 -0.467600 -0.872000
vn -0.131500 -0.635200 -0.761000
vn -0.102700 -0.787200 -0.608000
vn -0.144400 -0.467600 -0.872000
vn -0.091800 -0.797400 -0.596400
vn -0.102700 -0.787200 -0.608000
vn -0.017500 0.999800 -0.012900
vn -0.017500 0.999800 -0.012900
vn -0.017500 0.999800 -0.012900
vn -0.008600 0.953200 -0.302100
vn -0.010200 0.996300 -0.085800
vn -0.005100 0.984200 -0.177200
vn -0.010200 0.999900 -0.012500
vn -0.010200 0.996300 -0.085800
vn -0.004400 0.999200 -0.039300
vn -0.010200 0.999900 -0.012500
vn -0.000400 0.998700 -0.051700
vn 0.003700 0.999200 -0.039400
vn 0.010000 0.999900 -0.012700
vn -0.000400 0.998700 -0.051700
vn 0.003700 0.999200 -0.039400
vn 0.010600 0.999900 -0.003100
vn 0.010000 0.999900 -0.012700
vn 0.002000 0.984200 -0.177200
vn -0.027000 0.956300 -0.291100
vn -0.088400 0.909400 -0.406500
vn 0.002000 0.984200 -0.177300
vn -0.027000 0.956300 -0.291100
vn -0.140100 0.898800 -0.415400
vn -0.088400 0.909400 -0.406500
vn -0.255800 0.801300 -0.540800
vn -0.140100 0.898800 -0.415400
vn -0.298000 0.769800 -0.564400
vn -0.255800 0.801300 -0.540800
vn -0.150100 0.746100 -0.648700
vn -0.086900 0.763600 -0.639800
vn -0.000700 0.778700 -0.627400
vn -0.149900 0.746100 -0.648700
vn -0.086900 0.763600 -0.639800
vn -0.000300 0.778800 -0.627300
vn -0.000700 0.778700 -0.627400
vn 0.129500 0.752500 -0.645800
vn -0.000300 0.778800 -0.627300
vn 0.217900 0.771000 -0.598400
vn 0.129500 0.752500 -0.645800
vn 0.246700 0.801300 -0.545000
vn 0.217900 0.771000 -0.598400
vn 0.161400 0.832400 -0.530100
vn 0.246700 0.801300 -0.545000
vn 0.097900 0.899200 -0.426500
vn 0.042500 0.965200 -0.258000
vn 0.021500 0.969000 -0.246200
vn 0.097900 0.899200 -0.426400
vn 0.042500 0.965200 -0.258000
vn -0.011700 0.973600 -0.228000
vn 0.021500 0.969000 -0.246200
vn -0.001800 0.976200 -0.216900
vn 0.014900 0.976100 -0.217000
vn 0.001200 0.971100 -0.238700
vn -0.001800 0.976200 -0.216900
vn -0.007000 0.967800 -0.251800
vn -0.013000 0.940300 -0.340200
vn 0.001200 0.971100 -0.238700
vn -0.020800 0.892500 -0.450500
vn -0.035400 0.904100 -0.425800
vn -0.013000 0.940200 -0.340400
vn -0.069400 0.928000 -0.366100
vn -0.003100 0.930100 -0.367400
vn -0.035400 0.904100 -0.425800
vn 0.046400 0.917100 -0.396000
vn 0.028200 0.904100 -0.426300
vn -0.003100 0.930100 -0.367400
vn 0.046400 0.917100 -0.396000
vn 0.013300 0.892500 -0.450800
vn 0.028200 0.904100 -0.426300
vn 0.017300 0.999800 -0.013200
vn 0.017300 0.999800 -0.013200
vn 0.017300 0.999800 -0.013200
vn -0.801700 -0.049500 -0.595700
vn -0.800900 -0.088600 -0.592200
vn -0.780800 -0.359900 -0.510800
vn -0.801700 -0.049500 -0.595700
vn -0.774300 0.112300 -0.622700
vn -0.800900 -0.088600 -0.592200
vn -0.754600 0.201100 -0.624600
vn -0.655500 0.588500 -0.473200
vn -0.644500 0.556600 -0.524300
vn -0.754600 0.201300 -0.624600
vn -0.655500 0.588500 -0.473200
vn -0.577000 0.761900 -0.294200
vn -0.644500 0.556600 -0.524300
vn -0.577000 0.761900 -0.294200
vn -0.728500 0.668600 -0.149400
vn -0.620600 0.736100 -0.270300
vn -0.749200 0.639400 -0.172600
vn -0.728500 0.668600 -0.149400
vn -0.739700 0.671500 0.044000
vn -0.749200 0.639400 -0.172600
vn -0.739700 0.671500 0.044000
vn -0.595400 0.802100 0.046400
vn -0.729700 0.681600 0.053800
vn -0.595300 0.802200 0.046400
vn -0.479400 0.877300 0.023900
vn -0.519400 0.853500 0.042000
vn -0.479400 0.877300 0.023900
vn -0.377700 0.910100 -0.170700
vn -0.373900 0.905900 -0.198900
vn -0.363000 0.831300 -0.421000
vn -0.377700 0.910100 -0.170700
vn -0.363100 0.816500 -0.448900
vn -0.363000 0.831300 -0.421000
vn -0.357000 0.755800 -0.549000
vn -0.880700 0.049100 0.471000
vn -0.975400 0.005300 0.220600
vn -0.911100 -0.007900 0.412000
vn -0.993200 -0.012500 0.115300
vn -0.975400 0.005300 0.220600
vn -0.998300 0.008900 -0.057800
vn -0.993200 -0.012500 0.115300
vn -0.998300 0.009700 -0.057400
vn 0.659000 0.625700 -0.417300
vn 0.572000 0.761900 -0.303800
vn 0.659000 0.625700 -0.417300
vn 0.616000 0.736100 -0.280700
vn 0.725900 0.668600 -0.161600
vn 0.572000 0.761900 -0.303800
vn 0.616000 0.736100 -0.280700
vn 0.746200 0.639400 -0.185100
vn 0.725900 0.668600 -0.161600
vn 0.740300 0.671500 0.031600
vn 0.730500 0.681600 0.041600
vn 0.596100 0.802100 0.036400
vn 0.740300 0.671500 0.031600
vn 0.520100 0.853500 0.033300
vn 0.479800 0.877300 0.015900
vn 0.596000 0.802100 0.036400
vn 0.370600 0.905900 -0.205100
vn 0.374800 0.910100 -0.177000
vn 0.479700 0.877300 0.015900
vn 0.370600 0.905900 -0.205100
vn 0.356900 0.873000 -0.332400
vn 0.374800 0.910100 -0.177000
vn 0.355500 0.816500 -0.454900
vn 0.520400 0.629100 -0.577400
vn 0.512700 0.635800 -0.576900
vn 0.355500 0.816500 -0.454900
vn 0.520400 0.629100 -0.577400
vn 0.716500 0.305500 -0.627200
vn 0.512700 0.635800 -0.576900
vn 0.716500 0.305300 -0.627200
vn 0.788000 -0.042100 -0.614300
vn 0.763900 0.111800 -0.635600
vn 0.793500 -0.084100 -0.602700
vn 0.788000 -0.042100 -0.614300
vn 0.772100 -0.359900 -0.523800
vn 0.793500 -0.084100 -0.602700

g batch_0000
usemtl batch_0000
f 1/1/1 2/2/2 3/3/3
f 2/2/2 4/4/4 3/3/3
f 3/3/3 4/4/4 5/5/5
f 4/4/4 6/6/6 5/5/5
f 5/5/5 6/6/6 7/7/7
f 6/6/6 8/8/8 7/7/7
f 7/7/7 8/8/8 9/9/9
f 8/8/8 10/10/10 9/9/9
f 9/9/9 10/10/10 11/11/11
f 10/10/10 12/12/12 11/11/11
f 11/11/11 12/12/12 13/13/13
f 12/12/12 14/14/14 13/13/13
f 13/13/13 14/14/14 15/15/15
f 14/14/14 16/16/16 15/15/15
f 15/15/15 16/16/16 17/17/17
f 16/16/16 18/18/18 17/17/17
f 17/17/17 18/18/18 19/19/19
f 18/18/18 20/20/20 19/19/19
f 19/19/19 20/20/20 21/21/21
f 20/20/20 22/22/22 21/21/21
f 21/21/21 22/22/22 23/23/23
f 22/22/22 24/24/24 23/23/23
f 23/23/23 24/24/24 25/25/25
f 24/24/24 26/26/26 25/25/25
f 25/25/25 26/26/26 27/27/27
f 26/26/26 28/28/28 27/27/27
f 27/27/27 28/28/28 29/29/29
f 30/30/30 31/31/31 32/32/32
f 33/33/33 34/34/34 35/35/35
f 34/34/34 36/36/36 35/35/35
f 35/35/35 36/36/36 37/37/37
f 36/36/36 38/38/38 37/37/37
f 37/37/37 38/38/38 39/39/39
f 38/38/38 40/40/40 39/39/39
f 39/39/39 40/40/40 41/41/41
f 40/40/40 42/42/42 41/41/41
f 41/41/41 42/42/42 43/43/43
f 42/42/42 44/44/44 43/43/43
f 43/43/43 44/44/44 45/45/45
f 44/44/44 46/46/46 45/45/45
f 45/45/45 46/46/46 47/47/47
f 46/46/46 48/48/48 47/47/47
f 47/47/47 48/48/48 49/49/49
f 48/48/48 50/50/50 49/49/49
f 49/49/49 50/50/50 51/51/51
f 50/50/50 52/52/52 51/51/51
f 51/51/51 52/52/52 53/53/53
f 52/52/52 54/54/54 53/53/53
f 53/53/53 54/54/54 55/55/55
f 54/54/54 56/56/56 55/55/55
f 55/55/55 56/56/56 57/57/57
f 56/56/56 58/58/58 57/57/57
f 59/59/59 60/60/60 61/61/61
f 60/60/60 62/62/62 61/61/61
f 61/61/61 62/62/62 63/63/63
f 62/62/62 64/64/64 63/63/63
f 63/63/63 64/64/64 65/65/65
f 64/64/64 66/66/66 65/65/65
f 65/65/65 66/66/66 67/67/67
f 66/66/66 68/68/68 67/67/67
f 67/67/67 68/68/68 69/69/69
f 68/68/68 70/70/70 69/69/69
f 69/69/69 70/70/70 71/71/71
f 70/70/70 72/72/72 71/71/71
f 71/71/71 72/72/72 73/73/73
f 72/72/72 74/74/74 73/73/73
f 73/73/73 74/74/74 75/75/75
f 74/74/74 76/76/76 75/75/75
f 75/75/75 76/76/76 77/77/77
f 76/76/76 78/78/78 77/77/77
f 77/77/77 78/78/78 79/79/79
f 78/78/78 80/80/80 79/79/79
f 79/79/79 80/80/80 81/81/81
f 80/80/80 82/82/82 81/81/81
f 81/81/81 82/82/82 83/83/83
f 82/82/82 84/84/84 83/83/83
f 85/85/85 86/86/86 87/87/87
f 86/86/86 88/88/88 87/87/87
f 87/87/87 88/88/88 89/89/89
f 88/88/88 90/90/90 89/89/89
f 89/89/89 90/90/90 91/91/91
f 90/90/90 92/92/92 91/91/91
f 91/91/91 92/92/92 93/93/93
f 92/92/92 94/94/94 93/93/93
f 93/93/93 94/94/94 95/95/95
f 94/94/94 96/96/96 95/95/95
f 97/97/97 98/98/98 99/99/99
f 98/98/98 100/100/100 99/99/99
f 99/99/99 100/100/100 101/101/101
f 102/102/102 103/103/103 104/104/104
f 103/103/103 105/105/105 104/104/104
f 106/106/106 107/107/107 108/108/108
f 109/109/109 110/110/110 111/111/111
f 112/112/112 113/113/113 114/114/114
f 115/115/115 116/116/116 117/117/117
f 118/118/118 119/119/119 120/120/120
f 119/119/119 121/121/121 120/120/120
f 122/122/122 123/123/123 124/124/124
f 125/125/125 126/126/126 127/127/127
f 128/128/128 129/129/129 130/130/130
f 131/131/131 132/132/132 133/133/133
f 134/134/134 135/135/135 136/136/136
f 137/137/137 138/138/138 139/139/139
f 140/140/140 141/141/141 142/142/142
f 143/143/143 144/144/144 145/145/145
f 146/146/146 147/147/147 148/148/148
f 149/149/149 150/150/150 151/151/151
f 152/152/152 153/153/153 154/154/154
f 155/155/155 156/156/156 157/157/157
f 156/156/156 158/158/158 157/157/157
f 159/159/159 160/160/160 161/161/161
f 162/162/162 163/163/163 164/164/164
f 165/165/165 166/166/166 167/167/167
f 168/168/168 169/169/169 170/170/170
f 169/169/169 171/171/171 170/170/170
f 172/172/172 173/173/173 174/174/174
f 175/175/175 176/176/176 177/177/177
f 178/178/178 179/179/179 180/180/180
f 179/179/179 181/181/181 180/180/180
f 182/182/182 183/183/183 184/184/184
f 183/183/183 185/185/185 184/184/184
f 186/186/186 187/187/187 188/188/188
f 187/187/187 189/189/189 188/188/188
f 190/190/190 191/191/191 192/192/192
f 193/193/193 194/194/194 195/195/195
f 194/194/194 196/196/196 195/195/195
f 197/197/197 198/198/198 199/199/199
f 198/198/198 200/200/200 199/199/199
f 201/201/201 202/202/202 203/203/203
f 202/202/202 204/204/204 203/203/203
f 205/205/205 206/206/206 207/207/207
f 208/208/208 209/209/209 210/210/210
f 209/209/209 211/211/211 210/210/210
f 212/212/212 213/213/213 214/214/214
f 213/213/213 215/215/215 214/214/214
f 216/216/216 217/217/217 218/218/218
f 219/219/219 220/220/220 221/221/221
f 222/222/222 223/223/223 224/224/224
f 223/223/223 225/225/225 224/224/224
f 226/226/226 227/227/227 228/228/228
f 227/227/227 229/229/229 228/228/228
f 230/230/230 231/231/231 232/232/232
f 233/233/233 234/234/234 235/235/235
f 236/236/236 237/237/237 238/238/238
f 237/237/237 239/239/239 238/238/238
f 240/240/240 241/241/241 242/242/242
f 241/241/241 243/243/243 242/242/242
f 244/244/244 245/245/245 246/246/246
f 247/247/247 248/248/248 249/249/249
f 250/250/250 251/251/251 252/252/252
f 253/253/253 254/254/254 255/255/255
f 256/256/256 257/257/257 258/258/258
f 259/259/259 260/260/260 261/261/261
f 262/262/262 263/263/263 264/264/264
f 265/265/265 266/266/266 267/267/267
f 268/268/268 269/269/269 270/270/270
f 271/271/271 272/272/272 273/273/273
f 274/274/274 275/275/275 276/276/276
f 277/277/277 278/278/278 279/279/279
f 280/280/280 281/281/281 282/282/282
f 283/283/283 284/284/284 285/285/285
f 286/286/286 287/287/287 288/288/288
f 289/289/289 290/290/290 291/291/291
f 292/292/292 293/293/293 294/294/294
f 295/295/295 296/296/296 297/297/297
f 296/296/296 298/298/298 297/297/297
f 299/299/299 300/300/300 301/301/301
f 300/300/300 302/302/302 301/301/301
f 303/303/303 304/304/304 305/305/305
f 306/306/306 307/307/307 308/308/308
f 309/309/309 310/310/310 311/311/311
f 312/312/312 313/313/313 314/314/314
f 315/315/315 316/316/316 317/317/317
f 318/318/318 319/319/319 320/320/320
f 321/321/321 322/322/322 323/323/323
f 322/322/322 324/324/324 323/323/323
f 325/325/325 326/326/326 327/327/327
f 326/326/326 328/328/328 327/327/327
f 329/329/329 330/330/330 331/331/331
f 330/330/330 332/332/332 331/331/331
f 333/333/333 334/334/334 335/335/335
f 336/336/336 337/337/337 338/338/338
f 337/337/337 339/339/339 338/338/338
f 340/340/340 341/341/341 342/342/342
f 341/341/341 343/343/343 342/342/342
f 344/344/344 345/345/345 346/346/346
f 347/347/347 348/348/348 349/349/349
f 350/350/350 351/351/351 352/352/352
f 351/351/351 353/353/353 352/352/352
f 354/354/354 355/355/355 356/356/356
f 357/357/357 358/358/358 359/359/359
f 358/358/358 360/360/360 359/359/359
f 361/361/361 362/362/362 363/363/363
f 364/364/364 365/365/365 366/366/366
f 367/367/367 368/368/368 369/369/369
f 368/368/368 370/370/370 369/369/369
f 371/371/371 372/372/372 373/373/373
f 374/374/374 375/375/375 376/376/376
f 375/375/375 377/377/377 376/376/376
f 378/378/378 379/379/379 380/380/380
f 379/379/379 381/381/381 380/380/380
f 382/382/382 383/383/383 384/384/384
f 385/385/385 386/386/386 387/387/387
f 386/386/386 388/388/388 387/387/387
f 389/389/389 390/390/390 391/391/391
f 390/390/390 392/392/392 391/391/391
f 393/393/393 394/394/394 395/395/395
f 394/394/394 396/396/396 395/395/395
f 397/397/397 398/398/398 399/399/399
f 398/398/398 400/400/400 399/399/399
f 401/401/401 402/402/402 403/403/403
f 404/404/404 405/405/405 406/406/406
f 407/407/407 408/408/408 409/409/409
f 410/410/410 411/411/411 412/412/412
f 413/413/413 414/414/414 415/415/415
f 416/416/416 417/417/417 418/418/418
f 419/419/419 420/420/420 421/421/421
f 420/420/420 422/422/422 421/421/421
f 423/423/423 424/424/424 425/425/425
f 424/424/424 426/426/426 425/425/425
f 427/427/427 428/428/428 429/429/429
f 428/428/428 430/430/430 429/429/429
f 431/431/431 432/432/432 433/433/433
f 432/432/432 434/434/434 433/433/433
f 435/435/435 436/436/436 437/437/437
f 438/438/438 439/439/439 440/440/440
f 441/441/441 442/442/442 443/443/443
f 442/442/442 444/444/444 443/443/443
f 445/445/445 446/446/446 447/447/447
f 448/448/448 449/449/449 450/450/450
f 449/449/449 451/451/451 450/450/450
f 452/452/452 453/453/453 454/454/454
f 455/455/455 456/456/456 457/457/457
f 458/458/458 459/459/459 460/460/460
f 461/461/461 462/462/462 463/463/463
f 464/464/464 465/465/465 466/466/466
f 465/465/465 467/467/467 466/466/466
f 468/468/468 469/469/469 470/470/470
f 469/469/469 471/471/471 470/470/470
f 472/472/472 473/473/473 474/474/474
f 475/475/475 476/476/476 477/477/477
f 478/478/478 479/479/479 480/480/480
f 479/479/479 481/481/481 480/480/480
f 482/482/482 483/483/483 484/484/484
f 485/485/485 486/486/486 487/487/487
f 488/488/488 489/489/489 490/490/490
f 489/489/489 491/491/491 490/490/490
f 492/492/492 493/493/493 494/494/494
f 493/493/493 495/495/495 494/494/494
f 496/496/496 497/497/497 498/498/498
f 497/497/497 499/499/499 498/498/498
f 500/500/500 501/501/501 502/502/502
f 503/503/503 504/504/504 505/505/505
f 506/506/506 507/507/507 508/508/508
f 507/507/507 509/509/509 508/508/508
f 510/510/510 511/511/511 512/512/512
f 511/511/511 513/513/513 512/512/512
f 514/514/514 515/515/515 516/516/516
f 515/515/515 517/517/517 516/516/516
f 518/518/518 519/519/519 520/520/520
f 521/521/521 522/522/522 523/523/523
f 524/524/524 525/525/525 526/526/526
f 527/527/527 528/528/528 529/529/529
f 530/530/530 531/531/531 532/532/532
f 533/533/533 534/534/534 535/535/535
f 536/536/536 537/537/537 538/538/538
f 539/539/539 540/540/540 541/541/541
f 542/542/542 543/543/543 544/544/544
f 545/545/545 546/546/546 547/547/547
f 548/548/548 549/549/549 550/550/550
f 551/551/551 552/552/552 553/553/553
f 554/554/554 555/555/555 556/556/556
f 555/555/555 557/557/557 556/556/556
f 558/558/558 559/559/559 560/560/560
f 561/561/561 562/562/562 563/563/563
f 564/564/564 565/565/565 566/566/566
f 567/567/567 568/568/568 569/569/569
f 568/568/568 570/570/570 569/569/569
f 571/571/571 572/572/572 573/573/573
f 572/572/572 574/574/574 573/573/573
f 575/575/575 576/576/576 577/577/577
f 576/576/576 578/578/578 577/577/577
f 579/579/579 580/580/580 581/581/581
f 582/582/582 583/583/583 584/584/584
f 585/585/585 586/586/586 587/587/587
f 586/586/586 588/588/588 587/587/587
f 589/589/589 590/590/590 591/591/591
f 590/590/590 592/592/592 591/591/591
f 593/593/593 594/594/594 595/595/595
f 596/596/596 597/597/597 598/598/598
f 599/599/599 600/600/600 601/601/601
f 602/602/602 603/603/603 604/604/604
f 603/603/603 605/605/605 604/604/604
f 606/606/606 607/607/607 608/608/608
f 609/609/609 610/610/610 611/611/611
f 610/610/610 612/612/612 611/611/611
f 613/613/613 614/614/614 615/615/615
f 616/616/616 617/617/617 618/618/618
f 617/617/617 619/619/619 618/618/618
f 620/620/620 621/621/621 622/622/622
f 623/623/623 624/624/624 625/625/625
f 626/626/626 627/627/627 628/628/628
f 627/627/627 629/629/629 628/628/628
f 630/630/630 631/631/631 632/632/632
f 633/633/633 634/634/634 635/635/635
f 636/636/636 637/637/637 638/638/638
f 639/639/639 640/640/640 641/641/641
f 640/640/640 642/642/642 641/641/641
f 643/643/643 644/644/644 645/645/645
f 644/644/644 646/646/646 645/645/645
f 647/647/647 648/648/648 649/649/649
f 650/650/650 651/651/651 652/652/652
f 653/653/653 654/654/654 655/655/655
f 656/656/656 657/657/657 658/658/658
f 659/659/659 660/660/660 661/661/661
f 660/660/660 662/662/662 661/661/661
f 663/663/663 664/664/664 665/665/665
f 666/666/666 667/667/667 668/668/668
f 669/669/669 670/670/670 671/671/671
f 672/672/672 673/673/673 674/674/674
f 675/675/675 676/676/676 677/677/677
f 678/678/678 679/679/679 680/680/680
f 681/681/681 682/682/682 683/683/683
f 684/684/684 685/685/685 686/686/686
f 687/687/687 688/688/688 689/689/689
f 690/690/690 691/691/691 692/692/692
f 693/693/693 694/694/694 695/695/695
f 696/696/696 697/697/697 698/698/698
f 699/699/699 700/700/700 701/701/701
f 702/702/702 703/703/703 704/704/704
f 703/703/703 705/705/705 704/704/704
f 706/706/706 707/707/707 708/708/708
f 709/709/709 710/710/710 711/711/711
f 712/712/712 713/713/713 714/714/714
f 713/713/713 715/715/715 714/714/714
f 716/716/716 717/717/717 718/718/718
f 719/719/719 720/720/720 721/721/721
f 720/720/720 722/722/722 721/721/721
f 723/723/723 724/724/724 725/725/725
f 724/724/724 726/726/726 725/725/725
f 727/727/727 728/728/728 729/729/729
f 730/730/730 731/731/731 732/732/732
f 733/733/733 734/734/734 735/735/735
f 736/736/736 737/737/737 738/738/738
f 737/737/737 739/739/739 738/738/738
f 740/740/740 741/741/741 742/742/742
f 741/741/741 743/743/743 742/742/742
f 744/744/744 745/745/745 746/746/746
f 747/747/747 748/748/748 749/749/749
f 748/748/748 750/750/750 749/749/749
f 751/751/751 752/752/752 753/753/753
f 754/754/754 755/755/755 756/756/756
f 755/755/755 757/757/757 756/756/756
f 758/758/758 759/759/759 760/760/760
f 761/761/761 762/762/762 763/763/763
f 762/762/762 764/764/764 763/763/763
f 765/765/765 766/766/766 767/767/767
f 768/768/768 769/769/769 770/770/770
f 769/769/769 771/771/771 770/770/770
f 772/772/772 773/773/773 774/774/774
f 775/775/775 776/776/776 777/777/777
f 778/778/778 779/779/779 780/780/780
f 779/779/779 781/781/781 780/780/780
f 782/782/782 783/783/783 784/784/784
f 785/785/785 786/786/786 787/787/787
f 788/788/788 789/789/789 790/790/790
f 789/789/789 791/791/791 790/790/790
f 792/792/792 793/793/793 794/794/794
f 793/793/793 795/795/795 794/794/794
f 796/796/796 797/797/797 798/798/798
f 799/799/799 800/800/800 801/801/801
f 800/800/800 802/802/802 801/801/801
f 803/803/803 804/804/804 805/805/805
f 806/806/806 807/807/807 808/808/808
f 807/807/807 809/809/809 808/808/808
f 810/810/810 811/811/811 812/812/812
f 811/811/811 813/813/813 812/812/812
f 814/814/814 815/815/815 816/816/816
f 817/817/817 818/818/818 819/819/819
f 820/820/820 821/821/821 822/822/822
f 823/823/823 824/824/824 825/825/825
f 826/826/826 827/827/827 828/828/828
f 827/827/827 829/829/829 828/828/828
f 830/830/830 831/831/831 832/832/832
f 833/833/833 834/834/834 835/835/835
f 834/834/834 836/836/836 835/835/835
f 837/837/837 838/838/838 839/839/839
f 840/840/840 841/841/841 842/842/842
f 841/841/841 843/843/843 842/842/842
f 844/844/844 845/845/845 846/846/846
f 847/847/847 848/848/848 849/849/849
f 848/848/848 850/850/850 849/849/849
f 851/851/851 852/852/852 853/853/853
f 854/854/854 855/855/855 856/856/856
f 855/855/855 857/857/857 856/856/856
f 858/858/858 859/859/859 860/860/860
f 861/861/861 862/862/862 863/863/863
f 864/864/864 865/865/865 866/866/866
f 867/867/867 868/868/868 869/869/869
f 868/868/868 870/870/870 869/869/869
f 871/871/871 872/872/872 873/873/873
f 872/872/872 874/874/874 873/873/873
f 875/875/875 876/876/876 877/877/877
f 876/876/876 878/878/878 877/877/877
f 879/879/879 880/880/880 881/881/881
f 882/882/882 883/883/883 884/884/884
f 885/885/885 886/886/886 887/887/887
f 886/886/886 888/888/888 887/887/887
f 889/889/889 890/890/890 891/891/891
f 890/890/890 892/892/892 891/891/891
f 893/893/893 894/894/894 895/895/895
f 896/896/896 897/897/897 898/898/898
f 897/897/897 899/899/899 898/898/898
f 900/900/900 901/901/901 902/902/902
f 901/901/901 903/903/903 902/902/902
f 904/904/904 905/905/905 906/906/906
f 907/907/907 908/908/908 909/909/909
f 910/910/910 911/911/911 912/912/912
f 911/911/911 913/913/913 912/912/912
f 914/914/914 915/915/915 916/916/916
f 917/917/917 918/918/918 919/919/919
f 920/920/920 921/921/921 922/922/922
f 923/923/923 924/924/924 925/925/925
f 926/926/926 927/927/927 928/928/928
f 927/927/927 929/929/929 928/928/928
f 930/930/930 931/931/931 932/932/932
f 931/931/931 933/933/933 932/932/932
f 934/934/934 935/935/935 936/936/936
f 937/937/937 938/938/938 939/939/939
f 940/940/940 941/941/941 942/942/942
f 943/943/943 944/944/944 945/945/945
f 946/946/946 947/947/947 948/948/948
f 949/949/949 950/950/950 951/951/951
f 950/950/950 952/952/952 951/951/951
f 953/953/953 954/954/954 955/955/955
f 956/956/956 957/957/957 958/958/958
f 959/959/959 960/960/960 961/961/961
f 962/962/962 963/963/963 964/964/964
f 965/965/965 966/966/966 967/967/967
f 968/968/968 969/969/969 970/970/970
f 969/969/969 971/971/971 970/970/970
f 972/972/972 973/973/973 974/974/974
f 975/975/975 976/976/976 977/977/977
f 978/978/978 979/979/979 980/980/980
f 979/979/979 981/981/981 980/980/980
f 982/982/982 983/983/983 984/984/984
f 983/983/983 985/985/985 984/984/984
f 986/986/986 987/987/987 988/988/988
f 989/989/989 990/990/990 991/991/991
f 992/992/992 993/993/993 994/994/994
f 995/995/995 996/996/996 997/997/997
f 996/996/996 998/998/998 997/997/997
f 999/999/999 1000/1000/1000 1001/1001/1001
f 1002/1002/1002 1003/1003/1003 1004/1004/1004
f 1003/1003/1003 1005/1005/1005 1004/1004/1004
f 1006/1006/1006 1007/1007/1007 1008/1008/1008
f 1007/1007/1007 1009/1009/1009 1008/1008/1008
f 1010/1010/1010 1011/1011/1011 1012/1012/1012
f 1013/1013/1013 1014/1014/1014 1015/1015/1015
f 1016/1016/1016 1017/1017/1017 1018/1018/1018
f 1019/1019/1019 1020/1020/1020 1021/1021/1021
f 1022/1022/1022 1023/1023/1023 1024/1024/1024
f 1023/1023/1023 1025/1025/1025 1024/1024/1024
f 1026/1026/1026 1027/1027/1027 1028/1028/1028
f 1027/1027/1027 1029/1029/1029 1028/1028/1028
f 1030/1030/1030 1031/1031/1031 1032/1032/1032
f 1031/1031/1031 1033/1033/1033 1032/1032/1032
f 1034/1034/1034 1035/1035/1035 1036/1036/1036
f 1035/1035/1035 1037/1037/1037 1036/1036/1036
f 1038/1038/1038 1039/1039/1039 1040/1040/1040
f 1039/1039/1039 1041/1041/1041 1040/1040/1040
f 1042/1042/1042 1043/1043/1043 1044/1044/1044
f 1043/1043/1043 1045/1045/1045 1044/1044/1044
f 1046/1046/1046 1047/1047/1047 1048/1048/1048
f 1047/1047/1047 1049/1049/1049 1048/1048/1048
f 1050/1050/1050 1051/1051/1051 1052/1052/1052
f 1051/1051/1051 1053/1053/1053 1052/1052/1052
f 1054/1054/1054 1055/1055/1055 1056/1056/1056
f 1055/1055/1055 1057/1057/1057 1056/1056/1056
f 1058/1058/1058 1059/1059/1059 1060/1060/1060
f 1059/1059/1059 1061/1061/1061 1060/1060/1060
f 1062/1062/1062 1063/1063/1063 1064/1064/1064
f 1065/1065/1065 1066/1066/1066 1067/1067/1067
f 1066/1066/1066 1068/1068/1068 1067/1067/1067
f 1069/1069/1069 1070/1070/1070 1071/1071/1071
f 1072/1072/1072 1073/1073/1073 1074/1074/1074
f 1075/1075/1075 1076/1076/1076 1077/1077/1077
f 1076/1076/1076 1078/1078/1078 1077/1077/1077
f 1079/1079/1079 1080/1080/1080 1081/1081/1081
f 1082/1082/1082 1083/1083/1083 1084/1084/1084
f 1085/1085/1085 1086/1086/1086 1087/1087/1087
f 1086/1086/1086 1088/1088/1088 1087/1087/1087
f 1089/1089/1089 1090/1090/1090 1091/1091/1091
f 1092/1092/1092 1093/1093/1093 1094/1094/1094
f 1095/1095/1095 1096/1096/1096 1097/1097/1097
f 1096/1096/1096 1098/1098/1098 1097/1097/1097
f 1099/1099/1099 1100/1100/1100 1101/1101/1101
f 1102/1102/1102 1103/1103/1103 1104/1104/1104
f 1103/1103/1103 1105/1105/1105 1104/1104/1104
f 1106/1106/1106 1107/1107/1107 1108/1108/1108
f 1109/1109/1109 1110/1110/1110 1111/1111/1111
f 1112/1112/1112 1113/1113/1113 1114/1114/1114
f 1113/1113/1113 1115/1115/1115 1114/1114/1114
f 1116/1116/1116 1117/1117/1117 1118/1118/1118
f 1119/1119/1119 1120/1120/1120 1121/1121/1121
f 1120/1120/1120 1122/1122/1122 1121/1121/1121
f 1123/1123/1123 1124/1124/1124 1125/1125/1125
f 1124/1124/1124 1126/1126/1126 1125/1125/1125
f 1127/1127/1127 1128/1128/1128 1129/1129/1129
f 1130/1130/1130 1131/1131/1131 1132/1132/1132
f 1131/1131/1131 1133/1133/1133 1132/1132/1132
f 1134/1134/1134 1135/1135/1135 1136/1136/1136
f 1135/1135/1135 1137/1137/1137 1136/1136/1136
f 1138/1138/1138 1139/1139/1139 1140/1140/1140
f 1139/1139/1139 1141/1141/1141 1140/1140/1140
f 1142/1142/1142 1143/1143/1143 1144/1144/1144
f 1145/1145/1145 1146/1146/1146 1147/1147/1147
f 1148/1148/1148 1149/1149/1149 1150/1150/1150
f 1149/1149/1149 1151/1151/1151 1150/1150/1150
f 1152/1152/1152 1153/1153/1153 1154/1154/1154
f 1155/1155/1155 1156/1156/1156 1157/1157/1157
f 1156/1156/1156 1158/1158/1158 1157/1157/1157
f 1159/1159/1159 1160/1160/1160 1161/1161/1161
f 1162/1162/1162 1163/1163/1163 1164/1164/1164
f 1165/1165/1165 1166/1166/1166 1167/1167/1167
f 1166/1166/1166 1168/1168/1168 1167/1167/1167
f 1169/1169/1169 1170/1170/1170 1171/1171/1171
f 1170/1170/1170 1172/1172/1172 1171/1171/1171
f 1173/1173/1173 1174/1174/1174 1175/1175/1175
f 1176/1176/1176 1177/1177/1177 1178/1178/1178
f 1179/1179/1179 1180/1180/1180 1181/1181/1181
f 1180/1180/1180 1182/1182/1182 1181/1181/1181
f 1183/1183/1183 1184/1184/1184 1185/1185/1185
f 1184/1184/1184 1186/1186/1186 1185/1185/1185
f 1187/1187/1187 1188/1188/1188 1189/1189/1189
f 1190/1190/1190 1191/1191/1191 1192/1192/1192
f 1193/1193/1193 1194/1194/1194 1195/1195/1195
f 1196/1196/1196 1197/1197/1197 1198/1198/1198
f 1197/1197/1197 1199/1199/1199 1198/1198/1198
f 1200/1200/1200 1201/1201/1201 1202/1202/1202
f 1201/1201/1201 1203/1203/1203 1202/1202/1202
f 1204/1204/1204 1205/1205/1205 1206/1206/1206
f 1207/1207/1207 1208/1208/1208 1209/1209/1209
f 1210/1210/1210 1211/1211/1211 1212/1212/1212
f 1211/1211/1211 1213/1213/1213 1212/1212/1212
f 1214/1214/1214 1215/1215/1215 1216/1216/1216
f 1215/1215/1215 1217/1217/1217 1216/1216/1216
f 1218/1218/1218 1219/1219/1219 1220/1220/1220
f 1219/1219/1219 1221/1221/1221 1220/1220/1220
f 1222/1222/1222 1223/1223/1223 1224/1224/1224
f 1225/1225/1225 1226/1226/1226 1227/1227/1227
f 1226/1226/1226 1228/1228/1228 1227/1227/1227
f 1229/1229/1229 1230/1230/1230 1231/1231/1231
f 1232/1232/1232 1233/1233/1233 1234/1234/1234
f 1233/1233/1233 1235/1235/1235 1234/1234/1234
f 1236/1236/1236 1237/1237/1237 1238/1238/1238
f 1239/1239/1239 1240/1240/1240 1241/1241/1241
f 1242/1242/1242 1243/1243/1243 1244/1244/1244
f 1243/1243/1243 1245/1245/1245 1244/1244/1244
f 1246/1246/1246 1247/1247/1247 1248/1248/1248
f 1247/1247/1247 1249/1249/1249 1248/1248/1248
f 1250/1250/1250 1251/1251/1251 1252/1252/1252
f 1251/1251/1251 1253/1253/1253 1252/1252/1252
f 1254/1254/1254 1255/1255/1255 1256/1256/1256
f 1257/1257/1257 1258/1258/1258 1259/1259/1259
f 1260/1260/1260 1261/1261/1261 1262/1262/1262
f 1263/1263/1263 1264/1264/1264 1265/1265/1265
f 1266/1266/1266 1267/1267/1267 1268/1268/1268
f 1269/1269/1269 1270/1270/1270 1271/1271/1271
f 1272/1272/1272 1273/1273/1273 1274/1274/1274
f 1275/1275/1275 1276/1276/1276 1277/1277/1277
f 1278/1278/1278 1279/1279/1279 1280/1280/1280
f 1281/1281/1281 1282/1282/1282 1283/1283/1283
f 1284/1284/1284 1285/1285/1285 1286/1286/1286
f 1287/1287/1287 1288/1288/1288 1289/1289/1289
f 1290/1290/1290 1291/1291/1291 1292/1292/1292
f 1293/1293/1293 1294/1294/1294 1295/1295/1295
f 1296/1296/1296 1297/1297/1297 1298/1298/1298
f 1299/1299/1299 1300/1300/1300 1301/1301/1301
f 1302/1302/1302 1303/1303/1303 1304/1304/1304
f 1305/1305/1305 1306/1306/1306 1307/1307/1307
f 1308/1308/1308 1309/1309/1309 1310/1310/1310
f 1311/1311/1311 1312/1312/1312 1313/1313/1313
f 1314/1314/1314 1315/1315/1315 1316/1316/1316
f 1317/1317/1317 1318/1318/1318 1319/1319/1319
f 1320/1320/1320 1321/1321/1321 1322/1322/1322
f 1323/1323/1323 1324/1324/1324 1325/1325/1325
f 1326/1326/1326 1327/1327/1327 1328/1328/1328
f 1329/1329/1329 1330/1330/1330 1331/1331/1331
f 1332/1332/1332 1333/1333/1333 1334/1334/1334
f 1335/1335/1335 1336/1336/1336 1337/1337/1337
f 1338/1338/1338 1339/1339/1339 1340/1340/1340
f 1341/1341/1341 1342/1342/1342 1343/1343/1343
f 1344/1344/1344 1345/1345/1345 1346/1346/1346
f 1347/1347/1347 1348/1348/1348 1349/1349/1349
f 1350/1350/1350 1351/1351/1351 1352/1352/1352
f 1353/1353/1353 1354/1354/1354 1355/1355/1355
f 1356/1356/1356 1357/1357/1357 1358/1358/1358
f 1359/1359/1359 1360/1360/1360 1361/1361/1361
f 1362/1362/1362 1363/1363/1363 1364/1364/1364
f 1365/1365/1365 1366/1366/1366 1367/1367/1367
f 1368/1368/1368 1369/1369/1369 1370/1370/1370
f 1371/1371/1371 1372/1372/1372 1373/1373/1373
f 1374/1374/1374 1375/1375/1375 1376/1376/1376
f 1377/1377/1377 1378/1378/1378 1379/1379/1379
f 1380/1380/1380 1381/1381/1381 1382/1382/1382
f 1383/1383/1383 1384/1384/1384 1385/1385/1385
f 1386/1386/1386 1387/1387/1387 1388/1388/1388
f 1389/1389/1389 1390/1390/1390 1391/1391/1391
f 1392/1392/1392 1393/1393/1393 1394/1394/1394
f 1395/1395/1395 1396/1396/1396 1397/1397/1397
f 1398/1398/1398 1399/1399/1399 1400/1400/1400
f 1401/1401/1401 1402/1402/1402 1403/1403/1403
f 1404/1404/1404 1405/1405/1405 1406/1406/1406
f 1407/1407/1407 1408/1408/1408 1409/1409/1409
f 1410/1410/1410 1411/1411/1411 1412/1412/1412
f 1413/1413/1413 1414/1414/1414 1415/1415/1415
f 1416/1416/1416 1417/1417/1417 1418/1418/1418
f 1419/1419/1419 1420/1420/1420 1421/1421/1421
f 1422/1422/1422 1423/1423/1423 1424/1424/1424
f 1425/1425/1425 1426/1426/1426 1427/1427/1427
f 1428/1428/1428 1429/1429/1429 1430/1430/1430
f 1431/1431/1431 1432/1432/1432 1433/1433/1433
f 1434/1434/1434 1435/1435/1435 1436/1436/1436
f 1437/1437/1437 1438/1438/1438 1439/1439/1439
f 1440/1440/1440 1441/1441/1441 1442/1442/1442
f 1443/1443/1443 1444/1444/1444 1445/1445/1445
f 1446/1446/1446 1447/1447/1447 1448/1448/1448
f 1449/1449/1449 1450/1450/1450 1451/1451/1451
f 1452/1452/1452 1453/1453/1453 1454/1454/1454
f 1455/1455/1455 1456/1456/1456 1457/1457/1457
f 1458/1458/1458 1459/1459/1459 1460/1460/1460
f 1461/1461/1461 1462/1462/1462 1463/1463/1463
f 1464/1464/1464 1465/1465/1465 1466/1466/1466
f 1467/1467/1467 1468/1468/1468 1469/1469/1469
f 1470/1470/1470 1471/1471/1471 1472/1472/1472
f 1473/1473/1473 1474/1474/1474 1475/1475/1475
f 1476/1476/1476 1477/1477/1477 1478/1478/1478
f 1479/1479/1479 1480/1480/1480 1481/1481/1481
f 1482/1482/1482 1483/1483/1483 1484/1484/1484
f 1485/1485/1485 1486/1486/1486 1487/1487/1487
f 1488/1488/1488 1489/1489/1489 1490/1490/1490
f 1491/1491/1491 1492/1492/1492 1493/1493/1493
f 1494/1494/1494 1495/1495/1495 1496/1496/1496
f 1497/1497/1497 1498/1498/1498 1499/1499/1499
f 1500/1500/1500 1501/1501/1501 1502/1502/1502
f 1503/1503/1503 1504/1504/1504 1505/1505/1505
f 1506/1506/1506 1507/1507/1507 1508/1508/1508
f 1509/1509/1509 1510/1510/1510 1511/1511/1511
f 1512/1512/1512 1513/1513/1513 1514/1514/1514
f 1515/1515/1515 1516/1516/1516 1517/1517/1517
f 1518/1518/1518 1519/1519/1519 1520/1520/1520
f 1521/1521/1521 1522/1522/1522 1523/1523/1523
f 1524/1524/1524 1525/1525/1525 1526/1526/1526
f 1527/1527/1527 1528/1528/1528 1529/1529/1529
f 1530/1530/1530 1531/1531/1531 1532/1532/1532
f 1533/1533/1533 1534/1534/1534 1535/1535/1535
f 1536/1536/1536 1537/1537/1537 1538/1538/1538
f 1539/1539/1539 1540/1540/1540 1541/1541/1541
f 1540/1540/1540 1542/1542/1542 1541/1541/1541
f 1543/1543/1543 1544/1544/1544 1545/1545/1545
f 1544/1544/1544 1546/1546/1546 1545/1545/1545
f 1547/1547/1547 1548/1548/1548 1549/1549/1549
f 1548/1548/1548 1550/1550/1550 1549/1549/1549
f 1551/1551/1551 1552/1552/1552 1553/1553/1553
f 1552/1552/1552 1554/1554/1554 1553/1553/1553
f 1555/1555/1555 1556/1556/1556 1557/1557/1557
f 1556/1556/1556 1558/1558/1558 1557/1557/1557
f 1559/1559/1559 1560/1560/1560 1561/1561/1561
f 1560/1560/1560 1562/1562/1562 1561/1561/1561
f 1563/1563/1563 1564/1564/1564 1565/1565/1565
f 1564/1564/1564 1566/1566/1566 1565/1565/1565
f 1567/1567/1567 1568/1568/1568 1569/1569/1569
f 1568/1568/1568 1570/1570/1570 1569/1569/1569
f 1571/1571/1571 1572/1572/1572 1573/1573/1573
f 1572/1572/1572 1574/1574/1574 1573/1573/1573
f 1575/1575/1575 1576/1576/1576 1577/1577/1577
f 1576/1576/1576 1578/1578/1578 1577/1577/1577
f 1579/1579/1579 1580/1580/1580 1581/1581/1581
f 1580/1580/1580 1582/1582/1582 1581/1581/1581
f 1583/1583/1583 1584/1584/1584 1585/1585/1585
f 1584/1584/1584 1586/1586/1586 1585/1585/1585
f 1587/1587/1587 1588/1588/1588 1589/1589/1589
f 1588/1588/1588 1590/1590/1590 1589/1589/1589
f 1591/1591/1591 1592/1592/1592 1593/1593/1593
f 1592/1592/1592 1594/1594/1594 1593/1593/1593
f 1595/1595/1595 1596/1596/1596 1597/1597/1597
f 1596/1596/1596 1598/1598/1598 1597/1597/1597
f 1599/1599/1599 1600/1600/1600 1601/1601/1601
f 1600/1600/1600 1602/1602/1602 1601/1601/1601
f 1603/1603/1603 1604/1604/1604 1605/1605/1605
f 1604/1604/1604 1606/1606/1606 1605/1605/1605
f 1607/1607/1607 1608/1608/1608 1609/1609/1609
f 1608/1608/1608 1610/1610/1610 1609/1609/1609
f 1611/1611/1611 1612/1612/1612 1613/1613/1613
f 1612/1612/1612 1614/1614/1614 1613/1613/1613
f 1615/1615/1615 1616/1616/1616 1617/1617/1617
f 1616/1616/1616 1618/1618/1618 1617/1617/1617
f 1619/1619/1619 1620/1620/1620 1621/1621/1621
f 1620/1620/1620 1622/1622/1622 1621/1621/1621
f 1623/1623/1623 1624/1624/1624 1625/1625/1625
f 1624/1624/1624 1626/1626/1626 1625/1625/1625
f 1627/1627/1627 1628/1628/1628 1629/1629/1629
f 1628/1628/1628 1630/1630/1630 1629/1629/1629
f 1631/1631/1631 1632/1632/1632 1633/1633/1633
f 1632/1632/1632 1634/1634/1634 1633/1633/1633
f 1635/1635/1635 1636/1636/1636 1637/1637/1637
f 1636/1636/1636 1638/1638/1638 1637/1637/1637
f 1639/1639/1639 1640/1640/1640 1641/1641/1641
f 1640/1640/1640 1642/1642/1642 1641/1641/1641
f 1643/1643/1643 1644/1644/1644 1645/1645/1645
f 1644/1644/1644 1646/1646/1646 1645/1645/1645
f 1647/1647/1647 1648/1648/1648 1649/1649/1649
f 1648/1648/1648 1650/1650/1650 1649/1649/1649
f 1651/1651/1651 1652/1652/1652 1653/1653/1653
f 1652/1652/1652 1654/1654/1654 1653/1653/1653
f 1655/1655/1655 1656/1656/1656 1657/1657/1657
f 1656/1656/1656 1658/1658/1658 1657/1657/1657
f 1659/1659/1659 1660/1660/1660 1661/1661/1661
f 1660/1660/1660 1662/1662/1662 1661/1661/1661
f 1663/1663/1663 1664/1664/1664 1665/1665/1665
f 1664/1664/1664 1666/1666/1666 1665/1665/1665
f 1667/1667/1667 1668/1668/1668 1669/1669/1669
f 1668/1668/1668 1670/1670/1670 1669/1669/1669
f 1671/1671/1671 1672/1672/1672 1673/1673/1673
f 1672/1672/1672 1674/1674/1674 1673/1673/1673
f 1675/1675/1675 1676/1676/1676 1677/1677/1677
f 1676/1676/1676 1678/1678/1678 1677/1677/1677
f 1679/1679/1679 1680/1680/1680 1681/1681/1681
f 1680/1680/1680 1682/1682/1682 1681/1681/1681
f 1683/1683/1683 1684/1684/1684 1685/1685/1685
f 1684/1684/1684 1686/1686/1686 1685/1685/1685
f 1687/1687/1687 1688/1688/1688 1689/1689/1689
f 1690/1690/1690 1691/1691/1691 1692/1692/1692
f 1693/1693/1693 1694/1694/1694 1695/1695/1695
f 1696/1696/1696 1697/1697/1697 1698/1698/1698
f 1699/1699/1699 1700/1700/1700 1701/1701/1701
f 1702/1702/1702 1703/1703/1703 1704/1704/1704
f 1705/1705/1705 1706/1706/1706 1707/1707/1707
f 1708/1708/1708 1709/1709/1709 1710/1710/1710
f 1711/1711/1711 1712/1712/1712 1713/1713/1713
f 1714/1714/1714 1715/1715/1715 1716/1716/1716
f 1717/1717/1717 1718/1718/1718 1719/1719/1719
f 1720/1720/1720 1721/1721/1721 1722/1722/1722
f 1723/1723/1723 1724/1724/1724 1725/1725/1725
f 1726/1726/1726 1727/1727/1727 1728/1728/1728
f 1729/1729/1729 1730/1730/1730 1731/1731/1731
f 1732/1732/1732 1733/1733/1733 1734/1734/1734
f 1735/1735/1735 1736/1736/1736 1737/1737/1737
f 1738/1738/1738 1739/1739/1739 1740/1740/1740
f 1741/1741/1741 1742/1742/1742 1743/1743/1743
f 1744/1744/1744 1745/1745/1745 1746/1746/1746
f 1747/1747/1747 1748/1748/1748 1749/1749/1749
f 1748/1748/1748 1750/1750/1750 1749/1749/1749
f 1751/1751/1751 1752/1752/1752 1753/1753/1753
f 1754/1754/1754 1755/1755/1755 1756/1756/1756
f 1757/1757/1757 1758/1758/1758 1759/1759/1759
f 1760/1760/1760 1761/1761/1761 1762/1762/1762
f 1761/1761/1761 1763/1763/1763 1762/1762/1762
f 1764/1764/1764 1765/1765/1765 1766/1766/1766
f 1765/1765/1765 1767/1767/1767 1766/1766/1766
f 1768/1768/1768 1769/1769/1769 1770/1770/1770
f 1769/1769/1769 1771/1771/1771 1770/1770/1770
f 1772/1772/1772 1773/1773/1773 1774/1774/1774
f 1773/1773/1773 1775/1775/1775 1774/1774/1774
f 1776/1776/1776 1777/1777/1777 1778/1778/1778
f 1779/1779/1779 1780/1780/1780 1781/1781/1781
f 1782/1782/1782 1783/1783/1783 1784/1784/1784
f 1785/1785/1785 1786/1786/1786 1787/1787/1787
f 1788/1788/1788 1789/1789/1789 1790/1790/1790
f 1791/1791/1791 1792/1792/1792 1793/1793/1793
f 1794/1794/1794 1795/1795/1795 1796/1796/1796
f 1795/1795/1795 1797/1797/1797 1796/1796/1796
f 1798/1798/1798 1799/1799/1799 1800/1800/1800
f 1801/1801/1801 1802/1802/1802 1803/1803/1803
f 1804/1804/1804 1805/1805/1805 1806/1806/1806
f 1805/1805/1805 1807/1807/1807 1806/1806/1806
f 1808/1808/1808 1809/1809/1809 1810/1810/1810
f 1809/1809/1809 1811/1811/1811 1810/1810/1810
f 1812/1812/1812 1813/1813/1813 1814/1814/1814
f 1815/1815/1815 1816/1816/1816 1817/1817/1817
f 1816/1816/1816 1818/1818/1818 1817/1817/1817
f 1819/1819/1819 1820/1820/1820 1821/1821/1821
f 1822/1822/1822 1823/1823/1823 1824/1824/1824
f 1823/1823/1823 1825/1825/1825 1824/1824/1824
f 1826/1826/1826 1827/1827/1827 1828/1828/1828
f 1829/1829/1829 1830/1830/1830 1831/1831/1831
f 1832/1832/1832 1833/1833/1833 1834/1834/1834
f 1835/1835/1835 1836/1836/1836 1837/1837/1837
f 1836/1836/1836 1838/1838/1838 1837/1837/1837
f 1839/1839/1839 1840/1840/1840 1841/1841/1841
f 1842/1842/1842 1843/1843/1843 1844/1844/1844
f 1845/1845/1845 1846/1846/1846 1847/1847/1847
f 1848/1848/1848 1849/1849/1849 1850/1850/1850
f 1851/1851/1851 1852/1852/1852 1853/1853/1853
f 1854/1854/1854 1855/1855/1855 1856/1856/1856
f 1857/1857/1857 1858/1858/1858 1859/1859/1859
f 1860/1860/1860 1861/1861/1861 1862/1862/1862
f 1863/1863/1863 1864/1864/1864 1865/1865/1865
f 1866/1866/1866 1867/1867/1867 1868/1868/1868
f 1867/1867/1867 1869/1869/1869 1868/1868/1868
f 1870/1870/1870 1871/1871/1871 1872/1872/1872
f 1873/1873/1873 1874/1874/1874 1875/1875/1875
f 1876/1876/1876 1877/1877/1877 1878/1878/1878
f 1877/1877/1877 1879/1879/1879 1878/1878/1878
f 1880/1880/1880 1881/1881/1881 1882/1882/1882
f 1881/1881/1881 1883/1883/1883 1882/1882/1882
f 1884/1884/1884 1885/1885/1885 1886/1886/1886
f 1887/1887/1887 1888/1888/1888 1889/1889/1889
f 1888/1888/1888 1890/1890/1890 1889/1889/1889
f 1891/1891/1891 1892/1892/1892 1893/1893/1893
f 1894/1894/1894 1895/1895/1895 1896/1896/1896
f 1895/1895/1895 1897/1897/1897 1896/1896/1896
f 1898/1898/1898 1899/1899/1899 1900/1900/1900
f 1899/1899/1899 1901/1901/1901 1900/1900/1900
f 1902/1902/1902 1903/1903/1903 1904/1904/1904
f 1905/1905/1905 1906/1906/1906 1907/1907/1907
f 1906/1906/1906 1908/1908/1908 1907/1907/1907
f 1909/1909/1909 1910/1910/1910 1911/1911/1911
f 1910/1910/1910 1912/1912/1912 1911/1911/1911
f 1913/1913/1913 1914/1914/1914 1915/1915/1915
f 1914/1914/1914 1916/1916/1916 1915/1915/1915
f 1917/1917/1917 1918/1918/1918 1919/1919/1919
f 1920/1920/1920 1921/1921/1921 1922/1922/1922
f 1921/1921/1921 1923/1923/1923 1922/1922/1922
f 1924/1924/1924 1925/1925/1925 1926/1926/1926
f 1927/1927/1927 1928/1928/1928 1929/1929/1929
f 1930/1930/1930 1931/1931/1931 1932/1932/1932
f 1933/1933/1933 1934/1934/1934 1935/1935/1935
f 1936/1936/1936 1937/1937/1937 1938/1938/1938
f 1939/1939/1939 1940/1940/1940 1941/1941/1941
f 1942/1942/1942 1943/1943/1943 1944/1944/1944
f 1945/1945/1945 1946/1946/1946 1947/1947/1947
f 1948/1948/1948 1949/1949/1949 1950/1950/1950
f 1949/1949/1949 1951/1951/1951 1950/1950/1950
f 1952/1952/1952 1953/1953/1953 1954/1954/1954
f 1955/1955/1955 1956/1956/1956 1957/1957/1957
f 1958/1958/1958 1959/1959/1959 1960/1960/1960
f 1959/1959/1959 1961/1961/1961 1960/1960/1960
f 1962/1962/1962 1963/1963/1963 1964/1964/1964
f 1965/1965/1965 1966/1966/1966 1967/1967/1967
f 1968/1968/1968 1969/1969/1969 1970/1970/1970
f 1971/1971/1971 1972/1972/1972 1973/1973/1973
f 1972/1972/1972 1974/1974/1974 1973/1973/1973
f 1975/1975/1975 1976/1976/1976 1977/1977/1977
f 1976/1976/1976 1978/1978/1978 1977/1977/1977
f 1979/1979/1979 1980/1980/1980 1981/1981/1981
f 1980/1980/1980 1982/1982/1982 1981/1981/1981
f 1983/1983/1983 1984/1984/1984 1985/1985/1985
f 1984/1984/1984 1986/1986/1986 1985/1985/1985
f 1987/1987/1987 1988/1988/1988 1989/1989/1989
f 1990/1990/1990 1991/1991/1991 1992/1992/1992
f 1993/1993/1993 1994/1994/1994 1995/1995/1995
f 1994/1994/1994 1996/1996/1996 1995/1995/1995
f 1997/1997/1997 1998/1998/1998 1999/1999/1999
f 2000/2000/2000 2001/2001/2001 2002/2002/2002
f 2003/2003/2003 2004/2004/2004 2005/2005/2005
f 2006/2006/2006 2007/2007/2007 2008/2008/2008
f 2007/2007/2007 2009/2009/2009 2008/2008/2008
f 2010/2010/2010 2011/2011/2011 2012/2012/2012
f 2013/2013/2013 2014/2014/2014 2015/2015/2015
f 2016/2016/2016 2017/2017/2017 2018/2018/2018
f 2017/2017/2017 2019/2019/2019 2018/2018/2018
f 2020/2020/2020 2021/2021/2021 2022/2022/2022
