# Blender 5.1.0
# www.blender.org
mtllib batch_0005.mtl
o batch_0005
v 12.380030 29.159800 -11.883442
v 14.213080 23.989719 -7.729963
v 12.278550 25.661449 -12.498322
v -11.518640 7.733581 -4.979579
v -12.800790 11.257710 -0.519210
v -12.872400 11.414090 -3.863601
v 11.413910 7.733581 -5.440723
v 7.385316 5.158484 -2.220023
v 7.476881 4.567696 -6.722655
v -17.737909 21.597879 -0.725565
v -17.789881 21.643869 -0.282164
v -15.332430 23.327360 -2.133181
v -18.765520 19.233610 0.083305
v -17.581381 18.635651 -0.591979
v -18.909550 16.501390 0.174671
v -18.909550 16.501390 0.174671
v -17.581381 18.635651 -0.591979
v -17.717899 16.593380 -0.508803
v -13.603530 16.942961 -2.843540
v -17.039440 20.705521 -1.117626
v -15.332430 23.327360 -2.133181
v -15.332430 23.327360 -2.133181
v -17.039440 20.705521 -1.117626
v -17.737909 21.597879 -0.725565
v 19.386209 16.455379 -0.088708
v 18.684660 16.593380 1.236387
v 18.957609 14.284320 -0.369634
v 18.957609 14.284320 -0.369634
v 18.684660 16.593380 1.236387
v 18.140690 14.045140 0.949739
v -18.531570 14.413120 -0.114429
v -17.570499 14.937480 -0.801313
v -17.227140 12.472030 -0.912774
v -17.227140 12.472030 -0.912774
v -17.570499 14.937480 -0.801313
v -16.459539 13.842750 -1.306224
v 14.213080 23.989719 -7.729963
v 15.564300 23.327360 -2.754477
v 13.212890 18.341270 -8.152202
v 13.212890 18.341270 -8.152202
v 15.564300 23.327360 -2.754477
v 13.806480 16.942961 -3.394723
v -12.872400 11.414090 -3.863601
v -12.800790 11.257710 -0.519210
v -15.577090 11.331300 -1.718069
v -15.577090 11.331300 -1.718069
v -12.800790 11.257710 -0.519210
v -14.493880 11.248510 0.069794
v 13.212890 18.341270 -8.152202
v 13.806480 16.942961 -3.394723
v 12.705420 14.551089 -8.528055
v 12.705420 14.551089 -8.528055
v 13.806480 16.942961 -3.394723
v 13.162700 10.000850 -3.885257
v 18.098869 21.643869 -1.003842
v 17.635981 21.018299 0.702509
v 19.222691 19.325609 -0.189978
v 19.222691 19.325609 -0.189978
v 17.635981 21.018299 0.702509
v 18.534781 19.040430 1.054414
v -12.541640 29.159800 -11.382292
v -12.508450 31.238880 -10.908432
v -7.382439 29.877338 -13.721951
v -7.382439 29.877338 -13.721951
v -12.508450 31.238880 -10.908432
v -7.412167 34.605869 -12.957293
v -12.872400 11.414090 -3.863601
v -15.097620 12.306440 -2.290711
v -13.603530 16.942961 -2.843540
v -13.603530 16.942961 -2.843540
v -15.097620 12.306440 -2.290711
v -17.039440 20.705521 -1.117626
v -3.685303 2.882720 -8.323603
v -3.599908 3.971753 -13.613010
v 0.019863 1.531434 -8.952651
v 0.019863 1.531434 -8.952651
v -3.599908 3.971753 -13.613010
v -0.137210 3.769362 -14.446720
v -12.374450 10.757189 -8.382793
v -10.654180 11.838129 -12.735011
v -11.009610 7.955104 -9.804520
v -11.009610 7.955104 -9.804520
v -10.654180 11.838129 -12.735011
v -10.075760 8.102292 -12.839371
v -12.723130 14.551089 -8.016718
v -11.145940 14.630779 -12.779381
v -12.374450 10.757189 -8.382793
v -12.374450 10.757189 -8.382793
v -11.145940 14.630779 -12.779381
v -10.654180 11.838129 -12.735011
v -4.021439 3.244999 -3.156861
v -3.639887 -0.894743 -2.561318
v -3.913858 3.999356 1.867763
v -3.913858 3.999356 1.867763
v -3.639887 -0.894743 -2.561318
v -3.571725 -0.517568 0.622284
v -11.145940 14.630779 -12.779381
v -12.723130 14.551089 -8.016718
v -11.667970 18.925209 -12.869331
v -11.667970 18.925209 -12.869331
v -12.723130 14.551089 -8.016718
v -13.206390 18.341270 -7.620944
v 19.222691 19.325609 -0.189978
v 18.534781 19.040430 1.054414
v 19.386209 16.455379 -0.088708
v 19.386209 16.455379 -0.088708
v 18.534781 19.040430 1.054414
v 18.684660 16.593380 1.236387
v 15.564300 23.327360 -2.754477
v 15.618180 22.067030 -0.238144
v 18.098869 21.643869 -1.003842
v 18.098869 21.643869 -1.003842
v 15.618180 22.067030 -0.238144
v 17.635981 21.018299 0.702509
v 17.060329 19.307211 0.730177
v 17.635981 21.018299 0.702509
v 15.939430 20.070770 0.052981
v 15.939430 20.070770 0.052981
v 17.635981 21.018299 0.702509
v 15.618180 22.067030 -0.238144
v 17.541821 14.689090 0.969825
v 18.140690 14.045140 0.949739
v 17.853670 16.740570 1.180710
v 17.853670 16.740570 1.180710
v 18.140690 14.045140 0.949739
v 18.684660 16.593380 1.236387
v 18.854780 14.413120 -0.866223
v 18.957609 14.284320 -0.369634
v 17.517290 12.472030 -1.611440
v 17.517290 12.472030 -1.611440
v 18.957609 14.284320 -0.369634
v 17.649811 12.343230 -1.163707
v 18.017250 16.593380 -1.227395
v 17.865129 14.937480 -1.513880
v 17.877291 18.635651 -1.305009
v 17.877291 18.635651 -1.305009
v 17.865129 14.937480 -1.513880
v 16.725840 13.842750 -1.973541
v 13.162700 10.000850 -3.885257
v 15.826520 11.331300 -2.349556
v 13.111610 11.257710 -1.040277
v 13.111610 11.257710 -1.040277
v 15.826520 11.331300 -2.349556
v 14.828450 11.248510 -0.519842
v 19.089310 19.233610 -0.677909
v 19.222691 19.325609 -0.189978
v 19.244801 16.501390 -0.592566
v 19.244801 16.501390 -0.592566
v 19.222691 19.325609 -0.189978
v 19.386209 16.455379 -0.088708
v 19.244801 16.501390 -0.592566
v 19.386209 16.455379 -0.088708
v 18.854780 14.413120 -0.866223
v 18.854780 14.413120 -0.866223
v 19.386209 16.455379 -0.088708
v 18.957609 14.284320 -0.369634
v 17.877291 18.635651 -1.305009
v 16.725840 13.842750 -1.973541
v 17.313311 20.705521 -1.808418
v 17.313311 20.705521 -1.808418
v 16.725840 13.842750 -1.973541
v 15.330630 12.306440 -2.902586
v -13.917360 12.987200 0.082328
v -12.800790 11.257710 -0.519210
v -15.278560 22.067030 0.383150
v -15.579390 20.070770 0.686791
v -13.917360 12.987200 0.082328
v -15.278560 22.067030 0.383150
v -15.579390 20.070770 0.686791
v -15.278560 22.067030 0.383150
v -17.254360 21.018299 1.404112
v -16.670340 19.307211 1.408459
v -15.579390 20.070770 0.686791
v -17.254360 21.018299 1.404112
v -16.670340 19.307211 1.408459
v -17.254360 21.018299 1.404112
v -18.137329 19.040430 1.791844
v -17.323420 17.872101 1.767435
v -16.670340 19.307211 1.408459
v -18.137329 19.040430 1.791844
v -17.323420 17.872101 1.767435
v -18.137329 19.040430 1.791844
v -18.271610 16.593380 1.979530
v -17.451401 16.740570 1.890652
v -17.323420 17.872101 1.767435
v -18.271610 16.593380 1.979530
v -17.451401 16.740570 1.890652
v -18.271610 16.593380 1.979530
v -17.748060 14.045140 1.671417
v -17.148840 14.689090 1.667411
v -17.451401 16.740570 1.890652
v -17.748060 14.045140 1.671417
v -17.148840 14.689090 1.667411
v -17.748060 14.045140 1.671417
v -16.654869 12.177650 1.054262
v -16.168270 13.134390 1.173164
v -17.148840 14.689090 1.667411
v -16.654869 12.177650 1.054262
v -16.168270 13.134390 1.173164
v -16.654869 12.177650 1.054262
v -14.493880 11.248510 0.069794
v -15.103060 12.904400 0.685257
v -16.168270 13.134390 1.173164
v -14.493880 11.248510 0.069794
v -14.493880 11.248510 0.069794
v -12.800790 11.257710 -0.519210
v -13.917360 12.987200 0.082328
v -15.103060 12.904400 0.685257
v -14.493880 11.248510 0.069794
v -13.917360 12.987200 0.082328
v -15.103060 12.904400 0.685257
v -13.917360 12.987200 0.082328
v -15.579390 20.070770 0.686791
v -16.670340 19.307211 1.408459
v -15.103060 12.904400 0.685257
v -15.579390 20.070770 0.686791
v 15.826520 11.331300 -2.349556
v 17.649811 12.343230 -1.163707
v 17.022030 12.177650 0.377062
v 14.828450 11.248510 -0.519842
v 15.826520 11.331300 -2.349556
v 17.022030 12.177650 0.377062
v 14.828450 11.248510 -0.519842
v 17.022030 12.177650 0.377062
v 16.548630 13.134390 0.515265
v 15.463440 12.904400 0.070604
v 14.828450 11.248510 -0.519842
v 16.548630 13.134390 0.515265
v 18.534781 19.040430 1.054414
v 17.635981 21.018299 0.702509
v 17.060329 19.307211 0.730177
v 17.720530 17.872101 1.062744
v 18.534781 19.040430 1.054414
v 17.060329 19.307211 0.730177
v 17.720530 17.872101 1.062744
v 17.060329 19.307211 0.730177
v 15.463440 12.904400 0.070604
v 16.548630 13.134390 0.515265
v 17.720530 17.872101 1.062744
v 15.463440 12.904400 0.070604
v 0.044728 -1.271927 -5.949071
v -3.639887 -0.894743 -2.561318
v -4.021439 3.244999 -3.156861
v 0.028892 2.426250 -6.688695
v 0.044728 -1.271927 -5.949071
v -4.021439 3.244999 -3.156861
v 0.028892 2.426250 -6.688695
v -4.021439 3.244999 -3.156861
v -3.685303 2.882720 -8.323603
v 0.019863 1.531434 -8.952651
v 0.028892 2.426250 -6.688695
v -3.685303 2.882720 -8.323603
v 15.564300 23.327360 -2.754477
v 18.035641 21.597879 -1.444929
v 17.313311 20.705521 -1.808418
v 13.806480 16.942961 -3.394723
v 15.564300 23.327360 -2.754477
v 17.313311 20.705521 -1.808418
v 13.806480 16.942961 -3.394723
v 17.313311 20.705521 -1.808418
v 15.330630 12.306440 -2.902586
v 13.040000 11.414090 -4.384667
v 13.806480 16.942961 -3.394723
v 15.330630 12.306440 -2.902586
v 15.940620 11.616480 -2.762036
v 15.330630 12.306440 -2.902586
v 16.725840 13.842750 -1.973541
v 17.517290 12.472030 -1.611440
v 15.940620 11.616480 -2.762036
v 16.725840 13.842750 -1.973541
v 17.517290 12.472030 -1.611440
v 16.725840 13.842750 -1.973541
v 17.865129 14.937480 -1.513880
v 18.854780 14.413120 -0.866223
v 17.517290 12.472030 -1.611440
v 17.865129 14.937480 -1.513880
v 18.854780 14.413120 -0.866223
v 17.865129 14.937480 -1.513880
v 18.017250 16.593380 -1.227395
v 19.244801 16.501390 -0.592566
v 18.854780 14.413120 -0.866223
v 18.017250 16.593380 -1.227395
v 19.244801 16.501390 -0.592566
v 18.017250 16.593380 -1.227395
v 17.877291 18.635651 -1.305009
v 19.089310 19.233610 -0.677909
v 19.244801 16.501390 -0.592566
v 17.877291 18.635651 -1.305009
v 19.089310 19.233610 -0.677909
v 17.877291 18.635651 -1.305009
v 17.313311 20.705521 -1.808418
v 18.035641 21.597879 -1.444929
v 19.089310 19.233610 -0.677909
v 17.313311 20.705521 -1.808418
v -18.620741 14.284320 0.386022
v -17.748060 14.045140 1.671417
v -18.271610 16.593380 1.979530
v -19.021420 16.455379 0.691663
v -18.620741 14.284320 0.386022
v -18.271610 16.593380 1.979530
v -19.021420 16.455379 0.691663
v -18.271610 16.593380 1.979530
v -18.137329 19.040430 1.791844
v -18.877899 19.325609 0.576179
v -19.021420 16.455379 0.691663
v -18.137329 19.040430 1.791844
v -18.877899 19.325609 0.576179
v -18.137329 19.040430 1.791844
v -17.254360 21.018299 1.404112
v -17.789881 21.643869 -0.282164
v -18.877899 19.325609 0.576179
v -17.254360 21.018299 1.404112
v -17.789881 21.643869 -0.282164
v -17.254360 21.018299 1.404112
v -15.278560 22.067030 0.383150
v -15.332430 23.327360 -2.133181
v -17.789881 21.643869 -0.282164
v -15.278560 22.067030 0.383150
v -17.748060 14.045140 1.671417
v -18.620741 14.284320 0.386022
v -17.340380 12.343230 -0.460097
v -16.654869 12.177650 1.054262
v -17.748060 14.045140 1.671417
v -17.340380 12.343230 -0.460097
v -16.654869 12.177650 1.054262
v -17.340380 12.343230 -0.460097
v -15.577090 11.331300 -1.718069
v -14.493880 11.248510 0.069794
v -16.654869 12.177650 1.054262
v -15.577090 11.331300 -1.718069
v 17.649811 12.343230 -1.163707
v 18.957609 14.284320 -0.369634
v 18.140690 14.045140 0.949739
v 17.022030 12.177650 0.377062
v 17.649811 12.343230 -1.163707
v 18.140690 14.045140 0.949739
v 17.022030 12.177650 0.377062
v 18.140690 14.045140 0.949739
v 17.541821 14.689090 0.969825
v 16.548630 13.134390 0.515265
v 17.022030 12.177650 0.377062
v 17.541821 14.689090 0.969825
v 17.060329 19.307211 0.730177
v 15.939430 20.070770 0.052981
v 15.463440 12.904400 0.070604
v 19.222691 19.325609 -0.189978
v 19.089310 19.233610 -0.677909
v 18.035641 21.597879 -1.444929
v 18.098869 21.643869 -1.003842
v 19.222691 19.325609 -0.189978
v 18.035641 21.597879 -1.444929
v 18.098869 21.643869 -1.003842
v 18.035641 21.597879 -1.444929
v 15.564300 23.327360 -2.754477
v 18.684660 16.593380 1.236387
v 18.534781 19.040430 1.054414
v 17.720530 17.872101 1.062744
v 17.853670 16.740570 1.180710
v 18.684660 16.593380 1.236387
v 17.720530 17.872101 1.062744
v 17.853670 16.740570 1.180710
v 17.720530 17.872101 1.062744
v 16.548630 13.134390 0.515265
v 17.541821 14.689090 0.969825
v 17.853670 16.740570 1.180710
v 16.548630 13.134390 0.515265
v 0.019863 1.531434 -8.952651
v -0.137210 3.769362 -14.446720
v 3.358193 3.971753 -13.752930
v 3.779679 2.882720 -8.473713
v 0.019863 1.531434 -8.952651
v 3.358193 3.971753 -13.752930
v 3.779679 2.882720 -8.473713
v 3.358193 3.971753 -13.752930
v 7.164650 5.379258 -12.526530
v 7.476881 4.567696 -6.722655
v 3.779679 2.882720 -8.473713
v 7.164650 5.379258 -12.526530
v 7.476881 4.567696 -6.722655
v 7.385316 5.158484 -2.220023
v 4.226908 3.244999 -3.322725
v 3.779679 2.882720 -8.473713
v 7.476881 4.567696 -6.722655
v 4.226908 3.244999 -3.322725
v 3.779679 2.882720 -8.473713
v 4.226908 3.244999 -3.322725
v 0.028892 2.426250 -6.688695
v 0.019863 1.531434 -8.952651
v 3.779679 2.882720 -8.473713
v 0.028892 2.426250 -6.688695
v -0.163029 29.343767 -15.652642
v 3.454828 34.513870 -13.545783
v 6.536265 34.449478 -12.449573
v 7.132807 29.877338 -14.013842
v -0.163029 29.343767 -15.652642
v 6.536265 34.449478 -12.449573
v 7.132807 29.877338 -14.013842
v 6.536265 34.449478 -12.449573
v 12.036330 31.073290 -11.788052
v 12.380030 29.159800 -11.883442
v 7.132807 29.877338 -14.013842
v 12.036330 31.073290 -11.788052
v -17.039440 20.705521 -1.117626
v -15.097620 12.306440 -2.290711
v -16.459539 13.842750 -1.306224
v -17.581381 18.635651 -0.591979
v -17.039440 20.705521 -1.117626
v -16.459539 13.842750 -1.306224
v -17.581381 18.635651 -0.591979
v -16.459539 13.842750 -1.306224
v -17.570499 14.937480 -0.801313
v -17.717899 16.593380 -0.508803
v -17.581381 18.635651 -0.591979
v -17.570499 14.937480 -0.801313
v -17.717899 16.593380 -0.508803
v -17.570499 14.937480 -0.801313
v -18.531570 14.413120 -0.114429
v -18.909550 16.501390 0.174671
v -17.717899 16.593380 -0.508803
v -18.531570 14.413120 -0.114429
v -13.206390 18.341270 -7.620944
v -13.603530 16.942961 -2.843540
v -15.332430 23.327360 -2.133181
v -14.195330 23.989719 -7.158706
v -13.206390 18.341270 -7.620944
v -15.332430 23.327360 -2.133181
v -14.195330 23.989719 -7.158706
v -15.332430 23.327360 -2.133181
v -15.425720 26.979530 -6.490536
v -12.541640 29.159800 -11.382292
v -14.195330 23.989719 -7.158706
v -15.425720 26.979530 -6.490536
v -12.541640 29.159800 -11.382292
v -15.425720 26.979530 -6.490536
v -12.508450 31.238880 -10.908432
v -11.009610 7.955104 -9.804520
v -7.468446 4.567696 -6.422125
v -11.518640 7.733581 -4.979579
v -12.374450 10.757189 -8.382793
v -11.009610 7.955104 -9.804520
v -11.518640 7.733581 -4.979579
v -12.374450 10.757189 -8.382793
v -11.518640 7.733581 -4.979579
v -12.872400 11.414090 -3.863601
v -12.723130 14.551089 -8.016718
v -12.374450 10.757189 -8.382793
v -12.872400 11.414090 -3.863601
v -12.723130 14.551089 -8.016718
v -12.872400 11.414090 -3.863601
v -13.603530 16.942961 -2.843540
v -13.206390 18.341270 -7.620944
v -12.723130 14.551089 -8.016718
v -13.603530 16.942961 -2.843540
v 10.924710 7.955104 -10.237541
v 9.853905 8.102292 -13.240131
v 10.855120 12.285139 -12.831511
v 12.547230 10.757189 -8.883938
v 10.924710 7.955104 -10.237541
v 10.855120 12.285139 -12.831511
v 12.547230 10.757189 -8.883938
v 10.855120 12.285139 -12.831511
v 11.138920 14.833789 -12.746811
v 12.705420 14.551089 -8.528055
v 12.547230 10.757189 -8.883938
v 11.138920 14.833789 -12.746811
v 12.278550 25.661449 -12.498322
v 14.213080 23.989719 -7.729963
v 13.212890 18.341270 -8.152202
v 11.612790 18.859829 -12.981400
v 12.278550 25.661449 -12.498322
v 13.212890 18.341270 -8.152202
v 11.612790 18.859829 -12.981400
v 13.212890 18.341270 -8.152202
v 12.705420 14.551089 -8.528055
v 11.138920 14.833789 -12.746811
v 11.612790 18.859829 -12.981400
v 12.705420 14.551089 -8.528055
v 4.334486 3.999356 1.701899
v 3.931658 -0.517568 0.471400
v 3.863495 -0.894743 -2.712203
v 4.226908 3.244999 -3.322725
v 4.334486 3.999356 1.701899
v 3.863495 -0.894743 -2.712203
v 4.226908 3.244999 -3.322725
v 3.863495 -0.894743 -2.712203
v 0.044728 -1.271927 -5.949071
v 0.028892 2.426250 -6.688695
v 4.226908 3.244999 -3.322725
v 0.044728 -1.271927 -5.949071
v -15.103060 12.904400 0.685257
v -16.670340 19.307211 1.408459
v -17.323420 17.872101 1.767435
v -16.168270 13.134390 1.173164
v -15.103060 12.904400 0.685257
v -17.323420 17.872101 1.767435
v -16.168270 13.134390 1.173164
v -17.323420 17.872101 1.767435
v -17.451401 16.740570 1.890652
v -17.148840 14.689090 1.667411
v -16.168270 13.134390 1.173164
v -17.451401 16.740570 1.890652
v -15.708750 11.616480 -2.125607
v -15.577090 11.331300 -1.718069
v -17.340380 12.343230 -0.460097
v -17.227140 12.472030 -0.912774
v -15.708750 11.616480 -2.125607
v -17.340380 12.343230 -0.460097
v -17.227140 12.472030 -0.912774
v -17.340380 12.343230 -0.460097
v -18.620741 14.284320 0.386022
v -18.531570 14.413120 -0.114429
v -17.227140 12.472030 -0.912774
v -18.620741 14.284320 0.386022
v -18.531570 14.413120 -0.114429
v -18.620741 14.284320 0.386022
v -19.021420 16.455379 0.691663
v -18.909550 16.501390 0.174671
v -18.531570 14.413120 -0.114429
v -19.021420 16.455379 0.691663
v -18.909550 16.501390 0.174671
v -19.021420 16.455379 0.691663
v -18.877899 19.325609 0.576179
v -18.765520 19.233610 0.083305
v -18.909550 16.501390 0.174671
v -18.877899 19.325609 0.576179
v -17.039440 20.705521 -1.117626
v -17.581381 18.635651 -0.591979
v -18.765520 19.233610 0.083305
v -17.737909 21.597879 -0.725565
v -17.039440 20.705521 -1.117626
v -18.765520 19.233610 0.083305
v -17.737909 21.597879 -0.725565
v -18.765520 19.233610 0.083305
v -18.877899 19.325609 0.576179
v -17.789881 21.643869 -0.282164
v -17.737909 21.597879 -0.725565
v -18.877899 19.325609 0.576179
v 4.226908 3.244999 -3.322725
v 7.385316 5.158484 -2.220023
v 4.334486 3.999356 1.701899
v 4.334486 3.999356 1.701899
v 7.385316 5.158484 -2.220023
v 5.949726 5.811643 2.859761
v 5.949726 5.811643 2.859761
v 7.385316 5.158484 -2.220023
v 13.111610 11.257710 -1.040277
v 13.111610 11.257710 -1.040277
v 7.385316 5.158484 -2.220023
v 11.413910 7.733581 -5.440723
v 15.330630 12.306440 -2.902586
v 15.940620 11.616480 -2.762036
v 13.040000 11.414090 -4.384667
v 13.040000 11.414090 -4.384667
v 15.940620 11.616480 -2.762036
v 15.826520 11.331300 -2.349556
v 15.826520 11.331300 -2.349556
v 15.940620 11.616480 -2.762036
v 17.649811 12.343230 -1.163707
v 17.649811 12.343230 -1.163707
v 15.940620 11.616480 -2.762036
v 17.517290 12.472030 -1.611440
v -5.485829 5.811643 3.089715
v -3.913858 3.999356 1.867763
v 0.267633 4.394938 4.461946
v 0.267633 4.394938 4.461946
v -3.913858 3.999356 1.867763
v 0.259369 3.898158 4.076056
v 0.259369 3.898158 4.076056
v -3.913858 3.999356 1.867763
v 0.229592 -1.170726 2.685244
v 0.229592 -1.170726 2.685244
v -3.913858 3.999356 1.867763
v -3.571725 -0.517568 0.622284
v -11.518640 7.733581 -4.979579
v -7.129928 5.158484 -1.928140
v -12.800790 11.257710 -0.519210
v -12.800790 11.257710 -0.519210
v -7.129928 5.158484 -1.928140
v -5.485829 5.811643 3.089715
v -5.485829 5.811643 3.089715
v -7.129928 5.158484 -1.928140
v -3.913858 3.999356 1.867763
v -3.913858 3.999356 1.867763
v -7.129928 5.158484 -1.928140
v -4.021439 3.244999 -3.156861
v -11.518640 7.733581 -4.979579
v -7.468446 4.567696 -6.422125
v -7.129928 5.158484 -1.928140
v -7.129928 5.158484 -1.928140
v -7.468446 4.567696 -6.422125
v -4.021439 3.244999 -3.156861
v -4.021439 3.244999 -3.156861
v -7.468446 4.567696 -6.422125
v -3.685303 2.882720 -8.323603
v -12.541640 29.159800 -11.382292
v -12.272120 25.448019 -12.907622
v -14.195330 23.989719 -7.158706
v -14.195330 23.989719 -7.158706
v -12.279300 25.528559 -12.915322
v -13.206390 18.341270 -7.620944
v -13.206390 18.341270 -7.620944
v -12.282810 25.558289 -12.883562
v -11.667970 18.925209 -12.869331
v -10.075760 8.102292 -12.839371
v -7.350595 5.379258 -12.234650
v -11.009610 7.955104 -9.804520
v -11.009610 7.955104 -9.804520
v -7.350595 5.379258 -12.234650
v -7.468446 4.567696 -6.422125
v -7.468446 4.567696 -6.422125
v -7.350595 5.379258 -12.234650
v -3.685303 2.882720 -8.323603
v -3.685303 2.882720 -8.323603
v -7.350595 5.379258 -12.234650
v -3.599908 3.971753 -13.613010
v 3.931658 -0.517568 0.471400
v 4.334486 3.999356 1.701899
v 0.229592 -1.170726 2.685244
v 0.229592 -1.170726 2.685244
v 4.334486 3.999356 1.701899
v 0.259369 3.898158 4.076056
v 0.259369 3.898158 4.076056
v 4.334486 3.999356 1.701899
v 0.267633 4.394938 4.461946
v 0.267633 4.394938 4.461946
v 4.334486 3.999356 1.701899
v 5.949726 5.811643 2.859761
v -15.577090 11.331300 -1.718069
v -15.708750 11.616480 -2.125607
v -12.872400 11.414090 -3.863601
v -12.872400 11.414090 -3.863601
v -15.708750 11.616480 -2.125607
v -15.097620 12.306440 -2.290711
v -15.097620 12.306440 -2.290711
v -15.708750 11.616480 -2.125607
v -16.459539 13.842750 -1.306224
v -16.459539 13.842750 -1.306224
v -15.708750 11.616480 -2.125607
v -17.227140 12.472030 -0.912774
v 12.705420 14.551089 -8.528055
v 13.162700 10.000850 -3.885257
v 12.547230 10.757189 -8.883938
v 12.547230 10.757189 -8.883938
v 13.162700 10.000850 -3.885257
v 11.413910 7.733581 -5.440723
v 11.413910 7.733581 -5.440723
v 13.162700 10.000850 -3.885257
v 13.111610 11.257710 -1.040277
v 9.853905 8.102292 -13.240131
v 10.924710 7.955104 -10.237541
v 7.164650 5.379258 -12.526530
v 7.164650 5.379258 -12.526530
v 10.924710 7.955104 -10.237541
v 7.476881 4.567696 -6.722655
v 7.476881 4.567696 -6.722655
v 10.924710 7.955104 -10.237541
v 11.413910 7.733581 -5.440723
v 11.413910 7.733581 -5.440723
v 10.924710 7.955104 -10.237541
v 12.547230 10.757189 -8.883938
v -12.800790 11.257710 -0.519210
v -5.485829 5.811643 3.089715
v -8.400599 8.534670 4.394974
v -8.400599 8.534670 4.394974
v -5.485829 5.811643 3.089715
v -2.573435 6.326807 5.620955
v -2.573435 6.326807 5.620955
v -5.485829 5.811643 3.089715
v 0.291214 5.112486 5.563344
v 0.291214 5.112486 5.563344
v -5.485829 5.811643 3.089715
v 0.267633 4.394938 4.461946
v -15.332430 23.327360 -2.133181
v -12.800790 11.257710 -0.519210
v -16.039450 15.719430 2.883702
v -16.039450 15.719430 2.883702
v -12.800790 11.257710 -0.519210
v -14.434540 12.380040 3.559201
v -14.434540 12.380040 3.559201
v -12.800790 11.257710 -0.519210
v -8.400599 8.534670 4.394974
v 3.454828 34.513870 -13.545783
v -0.163029 29.343767 -15.652642
v -1.293729 34.642670 -13.916783
v -1.293729 34.642670 -13.916783
v -0.163029 29.343767 -15.652642
v -4.389057 34.743858 -13.508693
v -4.389057 34.743858 -13.508693
v -0.163029 29.343767 -15.652642
v -7.412167 34.605869 -12.957293
v -7.412167 34.605869 -12.957293
v -0.163029 29.343767 -15.652642
v -7.382439 29.877338 -13.721951
v 12.036330 31.073290 -11.788052
v 15.471010 26.979530 -7.111831
v 12.380030 29.159800 -11.883442
v 12.380030 29.159800 -11.883442
v 15.471010 26.979530 -7.111831
v 14.213080 23.989719 -7.729963
v 14.213080 23.989719 -7.729963
v 15.471010 26.979530 -7.111831
v 15.564300 23.327360 -2.754477
v 0.267633 4.394938 4.461946
v 5.949726 5.811643 2.859761
v 0.291214 5.112486 5.563344
v 0.291214 5.112486 5.563344
v 5.949726 5.811643 2.859761
v 3.148183 6.326807 5.505898
v 3.148183 6.326807 5.505898
v 5.949726 5.811643 2.859761
v 8.925534 8.534670 4.046566
v 8.925534 8.534670 4.046566
v 5.949726 5.811643 2.859761
v 13.111610 11.257710 -1.040277
v 8.925534 8.534670 4.046566
v 13.111610 11.257710 -1.040277
v 14.910830 12.380040 2.969103
v 14.910830 12.380040 2.969103
v 13.111610 11.257710 -1.040277
v 16.808010 15.719430 2.223180
v 16.808010 15.719430 2.223180
v 13.111610 11.257710 -1.040277
v 15.564300 23.327360 -2.754477
v 8.519183 45.893570 4.086885
v 10.740450 41.965408 -2.335768
v 6.423525 43.786900 -2.643060
v -10.930230 43.915699 -2.149325
v -8.047317 46.105160 4.387848
v -4.765605 45.461189 -3.463632
v -9.002687 36.464149 -13.319403
v -7.186283 38.708820 -12.455132
v -8.047396 39.095188 -13.917703
v -7.518525 35.424610 -12.183033
v -7.186283 38.708820 -12.455132
v -9.002687 36.464149 -13.319403
v -7.453756 36.169769 -14.540893
v -7.518525 35.424610 -12.183033
v -9.002687 36.464149 -13.319403
v -7.412167 34.605869 -12.957293
v -7.518525 35.424610 -12.183033
v -7.453756 36.169769 -14.540893
v 5.611201 27.568277 -18.334421
v 4.001084 22.950169 -18.535292
v 6.787253 27.099108 -19.387562
v 5.804686 27.954659 -18.627861
v 4.001084 22.950169 -18.535292
v 5.611201 27.568277 -18.334421
v 4.534146 27.862669 -19.117052
v 4.001084 22.950169 -18.535292
v 5.804686 27.954659 -18.627861
v 4.001084 22.950169 -18.535292
v 4.534146 27.862669 -19.117052
v 3.434844 27.329098 -20.220951
v -10.166520 19.509611 20.242727
v -14.005370 22.195852 16.427189
v -9.887511 13.566771 18.202278
v -10.197260 25.038483 22.036907
v -11.730800 30.953701 19.670969
v -16.777430 32.738380 15.067377
v 11.467740 25.029282 21.585169
v 17.736601 32.738380 14.373337
v 12.899040 30.953701 19.175697
v -7.418591 23.630962 24.064129
v 0.772822 19.804003 28.057579
v -6.040874 25.470842 24.535099
v -7.362607 5.112486 6.223958
v -6.706853 -0.103589 7.425244
v -11.282690 6.179626 6.149971
v -12.694590 9.868597 11.977259
v -16.039450 15.719430 2.883702
v -14.434540 12.380040 3.559201
v -3.252433 3.962565 7.999207
v -6.706853 -0.103589 7.425244
v -7.362607 5.112486 6.223958
v 7.959040 5.112486 5.915860
v 11.872580 6.179626 5.684348
v 7.355270 -0.103590 7.142471
v 7.355270 -0.103590 7.142471
v 11.872580 6.179626 5.684348
v 11.007870 5.296479 9.795554
v 3.928389 3.962559 7.854811
v 7.959040 5.112486 5.915860
v 7.355270 -0.103590 7.142471
v 13.507010 15.277861 13.839109
v 12.891170 13.999141 13.425219
v 16.808010 15.719430 2.223180
v -16.039450 15.719430 2.883702
v -17.132191 18.396469 3.163047
v -15.332430 23.327360 -2.133181
v 18.054489 36.335369 8.407189
v 17.736601 32.738380 14.373337
v 19.700760 31.984030 10.296328
v 7.170527 36.528549 -11.175473
v 12.621930 34.155102 -7.762312
v 10.237270 33.621540 -11.124543
v 17.241249 14.210731 7.386028
v 18.634220 14.229131 8.210567
v 15.946100 8.175905 13.283369
v 19.245890 28.295050 -3.053710
v 15.564300 23.327360 -2.754477
v 15.471010 26.979530 -7.111831
v -16.558540 14.210731 8.065699
v -15.019760 8.175905 13.906049
v -17.915020 14.229131 8.945520
v -15.019760 8.175905 13.906049
v -15.229830 15.167471 15.937069
v -16.038771 15.305471 15.116879
v -7.186283 38.708820 -12.455132
v -8.954409 40.981071 -12.500003
v -6.480424 40.806290 -10.707943
v -7.518525 35.424610 -12.183033
v -8.954409 40.981071 -12.500003
v -7.186283 38.708820 -12.455132
v -10.930230 43.915699 -2.149325
v -4.765605 45.461189 -3.463632
v -11.131490 45.010422 -6.166711
v 7.453301 36.390560 -14.116803
v 7.170527 36.528549 -11.175473
v 4.374161 39.601151 -10.081713
v 10.255930 37.117310 20.250288
v 9.317098 34.900249 21.258438
v 15.110380 31.404482 24.849699
v 9.317098 34.900249 21.258438
v 13.376600 31.441282 20.308178
v 15.110380 31.404482 24.849699
v 15.813620 33.998711 19.655958
v 15.479350 37.476089 19.115768
v 15.110380 31.404482 24.849699
v 13.376600 31.441282 20.308178
v 15.813620 33.998711 19.655958
v 15.110380 31.404482 24.849699
v -17.350420 36.335369 9.119140
v -15.087100 42.167789 6.813578
v -15.389310 41.183460 -0.483259
v 8.915197 57.457260 0.692873
v 7.886836 55.230999 -3.557205
v 6.320799 55.111401 -3.493544
v 0.610138 51.091251 19.382586
v 2.694144 47.549469 15.520327
v 3.132635 49.812531 14.827867
v 0.610138 51.091251 19.382586
v 2.476047 50.861271 14.664126
v 0.490191 51.164848 14.856866
v 0.610138 51.091251 19.382586
v 3.132635 49.812531 14.827867
v 2.476047 50.861271 14.664126
v -14.987400 39.315979 -4.319742
v -15.389310 41.183460 -0.483259
v -10.930230 43.915699 -2.149325
v 2.331161 40.392311 -12.558043
v 5.844342 40.833889 -8.880714
v 4.374161 39.601151 -10.081713
v -4.637958 39.582760 -12.932643
v -7.186283 38.708820 -12.455132
v -6.480424 40.806290 -10.707943
v -7.917715 29.187399 -19.703121
v -7.553613 32.462391 -20.281492
v -6.743531 29.058588 -19.766941
v -6.743531 29.058588 -19.766941
v -7.553613 32.462391 -20.281492
v -6.066960 32.333599 -20.464191
v 7.170527 36.528549 -11.175473
v 8.223369 37.577290 -14.035773
v 4.374161 39.601151 -10.081713
v 4.374161 39.601151 -10.081713
v 8.223369 37.577290 -14.035773
v 6.142296 40.429111 -14.701693
v 7.549616 31.183668 -20.384123
v 6.787253 27.099108 -19.387562
v 6.405464 27.273897 -20.353071
v 6.405464 27.273897 -20.353071
v 6.787253 27.099108 -19.387562
v 4.001084 22.950169 -18.535292
v 5.795964 31.432049 -21.547241
v 5.426527 27.549889 -21.218102
v 3.977281 31.248058 -21.800222
v 3.977281 31.248058 -21.800222
v 5.426527 27.549889 -21.218102
v 4.160183 27.540699 -21.152422
v 3.123037 35.581009 -21.147652
v 3.977281 31.248058 -21.800222
v 1.890536 34.017109 -19.860142
v 1.890536 34.017109 -19.860142
v 3.977281 31.248058 -21.800222
v 2.825476 30.622488 -20.691273
v 8.223369 37.577290 -14.035773
v 7.170527 36.528549 -11.175473
v 6.569886 35.764999 -13.391263
v 6.569886 35.764999 -13.391263
v 7.170527 36.528549 -11.175473
v 6.536265 34.449478 -12.449573
v 4.366210 35.856991 -14.400563
v 6.569886 35.764999 -13.391263
v 3.454828 34.513870 -13.545783
v 3.454828 34.513870 -13.545783
v 6.569886 35.764999 -13.391263
v 6.536265 34.449478 -12.449573
v -1.425429 38.662819 -13.608502
v 0.534623 40.438309 -16.800724
v -1.459444 36.638939 -14.838373
v -1.459444 36.638939 -14.838373
v 0.534623 40.438309 -16.800724
v -0.341243 37.972851 -16.799194
v -7.186283 38.708820 -12.455132
v -4.637958 39.582760 -12.932643
v -8.047396 39.095188 -13.917703
v -8.047396 39.095188 -13.917703
v -4.637958 39.582760 -12.932643
v -5.932833 40.107140 -14.917323
v -16.742451 25.930799 -6.624915
v -17.569111 30.484520 -5.401865
v -17.452290 26.556370 -9.634756
v -17.452290 26.556370 -9.634756
v -17.569111 30.484520 -5.401865
v -18.435101 32.719978 -9.245028
v -6.066960 32.333599 -20.464191
v -6.949383 32.195610 -18.974611
v -6.743531 29.058588 -19.766941
v -6.743531 29.058588 -19.766941
v -6.949383 32.195610 -18.974611
v -7.320884 29.343767 -18.741932
v -8.629135 35.682190 -19.198202
v -9.076194 32.683189 -19.623522
v -10.133810 35.378620 -17.704142
v -10.133810 35.378620 -17.704142
v -9.076194 32.683189 -19.623522
v -10.211430 32.554390 -18.458601
v -10.133810 35.378620 -17.704142
v -10.211430 32.554390 -18.458601
v -10.786800 34.256290 -15.905503
v -10.786800 34.256290 -15.905503
v -10.211430 32.554390 -18.458601
v -10.802470 32.223221 -16.637081
v -5.213034 34.808250 -20.055092
v -5.794733 34.661060 -18.515251
v -6.066960 32.333599 -20.464191
v -6.066960 32.333599 -20.464191
v -5.794733 34.661060 -18.515251
v -6.949383 32.195610 -18.974611
v -5.269834 36.491749 -15.171943
v -3.633260 36.289360 -15.888493
v -4.389057 34.743858 -13.508693
v -4.389057 34.743858 -13.508693
v -3.633260 36.289360 -15.888493
v -1.293729 34.642670 -13.916783
v 0.649579 11.524512 22.301380
v -4.617179 10.576962 20.694160
v 0.578835 4.238553 18.997181
v 0.578835 4.238553 18.997181
v -4.617179 10.576962 20.694160
v -6.078606 9.243034 18.825430
v 0.578835 4.238553 18.997181
v -6.078606 9.243034 18.825430
v 0.547164 8.433493 17.517929
v 0.547164 8.433493 17.517929
v -6.078606 9.243034 18.825430
v -9.887511 13.566771 18.202278
v 0.578835 4.238553 18.997181
v 0.547164 8.433493 17.517929
v 7.215515 9.243034 18.558100
v 7.215515 9.243034 18.558100
v 0.547164 8.433493 17.517929
v 11.002150 13.566771 17.782219
v -2.902945 44.670040 12.480076
v -5.591971 44.798851 10.692327
v -2.818604 42.158588 16.419376
v -2.818604 42.158588 16.419376
v -5.591971 44.798851 10.692327
v -5.821967 41.128269 15.739837
v -3.714217 1.837492 10.115730
v 0.345950 -0.867140 8.119878
v -2.585441 1.395924 11.878540
v -2.585441 1.395924 11.878540
v 0.345950 -0.867140 8.119878
v 0.439413 0.834762 12.485270
v 10.054390 8.047110 11.913909
v 7.568450 4.634127 10.998760
v 3.148183 6.326807 5.505898
v 3.148183 6.326807 5.505898
v 7.568450 4.634127 10.998760
v 0.291214 5.112486 5.563344
v 5.189340 1.782300 10.049280
v 7.568450 4.634127 10.998760
v 3.435696 1.395924 11.757470
v 3.435696 1.395924 11.757470
v 7.568450 4.634127 10.998760
v 5.748917 3.806175 13.576890
v -14.005370 22.195852 16.427189
v -12.697230 15.277861 14.366049
v -9.887511 13.566771 18.202278
v -9.887511 13.566771 18.202278
v -12.697230 15.277861 14.366049
v -12.091950 13.999141 13.927599
v -9.887511 13.566771 18.202278
v -12.091950 13.999141 13.927599
v -7.575636 10.024981 16.370291
v -7.575636 10.024981 16.370291
v -12.091950 13.999141 13.927599
v -9.199426 8.047110 12.301079
v -9.199426 8.047110 12.301079
v -12.694590 9.868597 11.977259
v -7.953804 4.726117 10.908750
v -7.953804 4.726117 10.908750
v -12.694590 9.868597 11.977259
v -10.235070 5.296479 10.222720
v 14.864560 17.007351 12.291709
v 13.507010 15.277861 13.839109
v 16.568159 15.661000 4.677256
v 16.568159 15.661000 4.677256
v 13.507010 15.277861 13.839109
v 16.808010 15.719430 2.223180
v 18.634220 14.229131 8.210567
v 19.113420 14.505111 10.855069
v 15.946100 8.175905 13.283369
v 15.946100 8.175905 13.283369
v 19.113420 14.505111 10.855069
v 17.989149 15.112271 13.250319
v 16.437731 14.127931 8.254728
v 15.946100 8.175905 13.283369
v 15.408530 14.486711 12.578359
v 15.408530 14.486711 12.578359
v 15.946100 8.175905 13.283369
v 16.242571 15.167471 15.288119
v 17.015881 15.305471 14.444149
v 17.641541 23.612562 15.316268
v 16.242571 15.167471 15.288119
v 16.242571 15.167471 15.288119
v 17.641541 23.612562 15.316268
v 15.551840 20.429562 16.041939
v -16.558540 14.210731 8.065699
v -17.132191 18.396469 3.163047
v -15.750180 15.774630 5.628545
v -15.750180 15.774630 5.628545
v -17.132191 18.396469 3.163047
v -16.039450 15.719430 2.883702
v -15.750180 15.774630 5.628545
v -15.726210 14.127931 8.901506
v -16.558540 14.210731 8.065699
v -16.558540 14.210731 8.065699
v -15.726210 14.127931 8.901506
v -15.019760 8.175905 13.906049
v -14.515450 20.429562 16.646547
v -15.229830 15.167471 15.937069
v -13.996970 17.007362 12.872079
v -13.996970 17.007362 12.872079
v -15.229830 15.167471 15.937069
v -14.505160 14.486711 13.179889
v -16.777430 32.738380 15.067377
v -16.642090 23.612562 16.005678
v -14.005370 22.195852 16.427189
v -14.005370 22.195852 16.427189
v -16.642090 23.612562 16.005678
v -14.515450 20.429562 16.646547
v -18.920429 32.039230 10.791447
v -19.044460 24.376122 12.893148
v -16.777430 32.738380 15.067377
v -16.777430 32.738380 15.067377
v -19.044460 24.376122 12.893148
v -16.642090 23.612562 16.005678
v -7.518525 35.424610 -12.183033
v -7.412167 34.605869 -12.957293
v -12.096520 34.440281 -10.329593
v -12.096520 34.440281 -10.329593
v -7.412167 34.605869 -12.957293
v -12.508450 31.238880 -10.908432
v 9.072778 40.907478 -13.119883
v 7.453301 36.390560 -14.116803
v 5.844342 40.833889 -8.880714
v 5.844342 40.833889 -8.880714
v 7.453301 36.390560 -14.116803
v 4.374161 39.601151 -10.081713
v 6.568575 42.977348 -5.557493
v 6.423525 43.786900 -2.643060
v 10.455840 43.198139 -9.528405
v 10.455840 43.198139 -9.528405
v 6.423525 43.786900 -2.643060
v 11.030910 43.832901 -5.277254
v 13.696520 24.946461 -12.119022
v 12.360690 29.877338 -13.145782
v 12.784570 24.744059 -13.443842
v 12.784570 24.744059 -13.443842
v 12.360690 29.877338 -13.145782
v 10.739360 29.610569 -14.946952
v 12.784570 24.744059 -13.443842
v 10.739360 29.610569 -14.946952
v 15.628250 25.332819 -13.404511
v 15.628250 25.332819 -13.404511
v 10.739360 29.610569 -14.946952
v 14.680180 31.413649 -15.339862
v 17.285900 26.105591 -7.035726
v 15.173510 18.608549 -10.315031
v 18.163250 26.087200 -10.198132
v 18.163250 26.087200 -10.198132
v 15.173510 18.608549 -10.315031
v 17.444269 25.792810 -11.840502
v -14.431550 24.725670 -11.014532
v -12.996100 25.167259 -12.153312
v -13.557090 29.224190 -12.158112
v -13.557090 29.224190 -12.158112
v -12.996100 25.167259 -12.153312
v -11.525520 29.426569 -13.445612
v -15.439950 24.937260 -9.667178
v -15.408720 29.417379 -9.643680
v -16.164261 25.682421 -8.687470
v -16.164261 25.682421 -8.687470
v -15.408720 29.417379 -9.643680
v -17.020399 29.536980 -8.123340
v -12.996100 25.167259 -12.153312
v -14.201680 18.405670 -9.249714
v -14.976410 26.537970 -12.419122
v -14.976410 26.537970 -12.419122
v -14.201680 18.405670 -9.249714
v -16.812490 27.016340 -11.690512
v 0.516699 47.751862 16.094936
v -1.695385 48.561420 15.769446
v 0.451463 44.992031 13.048006
v 0.451463 44.992031 13.048006
v -1.695385 48.561420 15.769446
v -4.125684 46.169559 12.070346
v 8.915197 57.457260 0.692873
v 5.477850 54.154671 -2.672307
v 7.166750 53.989059 -0.944882
v 7.166750 53.989059 -0.944882
v 5.477850 54.154671 -2.672307
v 5.712619 53.170319 -2.114028
v 2.311687 52.415970 -7.008085
v 3.212954 52.139980 -9.053009
v -1.481220 48.552212 -9.754857
v -1.481220 48.552212 -9.754857
v 3.212954 52.139980 -9.053009
v -0.556528 46.813511 -12.499984
v 7.524670 46.417931 -3.606223
v 6.423525 43.786900 -2.643060
v 7.742824 45.231209 -5.259393
v 7.742824 45.231209 -5.259393
v 6.423525 43.786900 -2.643060
v 6.568575 42.977348 -5.557493
v 4.987786 44.136490 -11.565893
v 2.331161 40.392311 -12.558043
v 2.190445 44.955231 -13.029744
v 2.190445 44.955231 -13.029744
v 2.331161 40.392311 -12.558043
v -1.425429 38.662819 -13.608502
v 7.524670 46.417931 -3.606223
v 4.312962 49.674541 -2.174353
v 6.423525 43.786900 -2.643060
v 6.423525 43.786900 -2.643060
v 4.312962 49.674541 -2.174353
v 2.054412 47.034302 -1.799180
v -8.992276 36.657341 20.540829
v -11.855750 39.076790 19.576956
v -13.756420 31.827662 25.542778
v -13.756420 31.827662 25.542778
v -11.855750 39.076790 19.576956
v -14.259760 37.006908 19.617268
v 15.417630 38.984791 16.591536
v 16.782391 34.559860 17.175358
v 15.567300 41.192661 12.816427
v 15.567300 41.192661 12.816427
v 16.782391 34.559860 17.175358
v 17.522289 35.626999 13.694007
v 10.255930 37.117310 20.250288
v 15.110380 31.404482 24.849699
v 13.027530 39.076790 19.076586
v 13.027530 39.076790 19.076586
v 15.110380 31.404482 24.849699
v 15.479350 37.476089 19.115768
v 11.783710 43.952480 11.581527
v 6.388866 44.798851 10.451406
v 12.287140 41.257050 16.075407
v 12.287140 41.257050 16.075407
v 6.388866 44.798851 10.451406
v 6.802269 40.631500 15.405538
v -5.932833 40.107140 -14.917323
v -3.467054 39.297581 -16.020523
v -5.457328 37.522091 -18.546171
v -7.649552 38.322441 -17.585203
v -5.932833 40.107140 -14.917323
v -5.457328 37.522091 -18.546171
v -7.649552 38.322441 -17.585203
v -5.457328 37.522091 -18.546171
v -6.662494 35.249821 -19.929432
v -8.629135 35.682190 -19.198202
v -7.649552 38.322441 -17.585203
v -6.662494 35.249821 -19.929432
v -7.553613 32.462391 -20.281492
v -7.917715 29.187399 -19.703121
v -9.101748 29.113789 -19.381721
v -9.076194 32.683189 -19.623522
v -7.553613 32.462391 -20.281492
v -9.101748 29.113789 -19.381721
v -9.076194 32.683189 -19.623522
v -9.101748 29.113789 -19.381721
v -9.788689 28.994198 -18.451033
v -10.211430 32.554390 -18.458601
v -9.076194 32.683189 -19.623522
v -9.788689 28.994198 -18.451033
v -10.211430 32.554390 -18.458601
v -9.788689 28.994198 -18.451033
v -10.031840 28.911398 -17.247751
v -10.802470 32.223221 -16.637081
v -10.211430 32.554390 -18.458601
v -10.031840 28.911398 -17.247751
v -7.442814 24.100098 -17.259602
v -8.301518 29.546158 -18.609621
v -8.564680 29.444967 -17.623102
v -10.031840 28.911398 -17.247751
v -7.442814 24.100098 -17.259602
v -8.564680 29.444967 -17.623102
v -10.031840 28.911398 -17.247751
v -8.564680 29.444967 -17.623102
v -9.119403 32.131210 -16.976551
v -10.802470 32.223221 -16.637081
v -10.031840 28.911398 -17.247751
v -9.119403 32.131210 -16.976551
v -10.802470 32.223221 -16.637081
v -9.119403 32.131210 -16.976551
v -8.925550 34.311481 -16.176172
v -10.786800 34.256290 -15.905503
v -10.802470 32.223221 -16.637081
v -8.925550 34.311481 -16.176172
v -7.442814 24.100098 -17.259602
v -6.743531 29.058588 -19.766941
v -7.320884 29.343767 -18.741932
v -8.301518 29.546158 -18.609621
v -7.442814 24.100098 -17.259602
v -7.320884 29.343767 -18.741932
v -8.301518 29.546158 -18.609621
v -7.320884 29.343767 -18.741932
v -6.949383 32.195610 -18.974611
v -8.588088 32.269211 -18.716452
v -8.301518 29.546158 -18.609621
v -6.949383 32.195610 -18.974611
v -8.588088 32.269211 -18.716452
v -6.949383 32.195610 -18.974611
v -5.794733 34.661060 -18.515251
v -7.856289 34.909451 -17.910803
v -8.588088 32.269211 -18.716452
v -5.794733 34.661060 -18.515251
v -4.389057 34.743858 -13.508693
v -7.412167 34.605869 -12.957293
v -7.453756 36.169769 -14.540893
v -5.269834 36.491749 -15.171943
v -4.389057 34.743858 -13.508693
v -7.453756 36.169769 -14.540893
v -5.269834 36.491749 -15.171943
v -7.453756 36.169769 -14.540893
v -8.406728 36.004181 -15.269723
v -6.516260 36.427349 -16.329172
v -5.269834 36.491749 -15.171943
v -8.406728 36.004181 -15.269723
v -6.516260 36.427349 -16.329172
v -8.406728 36.004181 -15.269723
v -8.925550 34.311481 -16.176172
v -7.856289 34.909451 -17.910803
v -6.516260 36.427349 -16.329172
v -8.925550 34.311481 -16.176172
v -1.459444 36.638939 -14.838373
v -1.293729 34.642670 -13.916783
v -3.633260 36.289360 -15.888493
v -2.641979 37.089710 -16.600111
v -1.459444 36.638939 -14.838373
v -3.633260 36.289360 -15.888493
v -2.641979 37.089710 -16.600111
v -3.633260 36.289360 -15.888493
v -4.396361 36.132969 -17.079573
v -3.997434 36.335369 -18.543352
v -2.641979 37.089710 -16.600111
v -4.396361 36.132969 -17.079573
v -3.997434 36.335369 -18.543352
v -4.396361 36.132969 -17.079573
v -5.794733 34.661060 -18.515251
v -5.213034 34.808250 -20.055092
v -3.997434 36.335369 -18.543352
v -5.794733 34.661060 -18.515251
v 0.649579 11.524512 22.301380
v 0.673678 17.586931 23.426878
v -10.166520 19.509611 20.242727
v -4.617179 10.576962 20.694160
v 0.649579 11.524512 22.301380
v -10.166520 19.509611 20.242727
v -4.617179 10.576962 20.694160
v -10.166520 19.509611 20.242727
v -9.887511 13.566771 18.202278
v -6.078606 9.243034 18.825430
v -4.617179 10.576962 20.694160
v -9.887511 13.566771 18.202278
v 0.673678 17.586931 23.426878
v 0.673678 20.650341 23.426878
v -10.197260 25.038483 22.036907
v -10.166520 19.509611 20.242727
v 0.673678 17.586931 23.426878
v -10.197260 25.038483 22.036907
v -10.166520 19.509611 20.242727
v -10.197260 25.038483 22.036907
v -16.777430 32.738380 15.067377
v -14.005370 22.195852 16.427189
v -10.166520 19.509611 20.242727
v -16.777430 32.738380 15.067377
v 11.467740 25.029282 21.585169
v 0.673678 20.650341 23.426878
v 0.673678 17.586931 23.426878
v 11.352900 19.509611 19.810009
v 11.467740 25.029282 21.585169
v 0.673678 17.586931 23.426878
v 11.352900 19.509611 19.810009
v 0.673678 17.586931 23.426878
v 0.649579 11.524512 22.301380
v 5.843014 10.576962 20.483810
v 11.352900 19.509611 19.810009
v 0.649579 11.524512 22.301380
v 17.736601 32.738380 14.373337
v 11.467740 25.029282 21.585169
v 11.352900 19.509611 19.810009
v 15.025120 22.195852 15.843418
v 17.736601 32.738380 14.373337
v 11.352900 19.509611 19.810009
v 15.025120 22.195852 15.843418
v 11.352900 19.509611 19.810009
v 11.002150 13.566771 17.782219
v 0.723422 29.021822 25.750269
v 0.669375 34.817459 23.225899
v -2.474919 34.173500 22.782417
v -1.663065 27.568321 25.532839
v 0.723422 29.021822 25.750269
v -2.474919 34.173500 22.782417
v -1.663065 27.568321 25.532839
v -2.474919 34.173500 22.782417
v -7.772742 31.027311 21.159739
v -6.040874 25.470842 24.535099
v -1.663065 27.568321 25.532839
v -7.772742 31.027311 21.159739
v -6.040874 25.470842 24.535099
v -7.772742 31.027311 21.159739
v -10.197260 25.038483 22.036907
v -7.418591 23.630962 24.064129
v -6.040874 25.470842 24.535099
v -10.197260 25.038483 22.036907
v 0.669375 34.817459 23.225899
v 0.614639 38.322449 20.669355
v -2.604325 37.604881 20.685839
v -2.474919 34.173500 22.782417
v 0.669375 34.817459 23.225899
v -2.604325 37.604881 20.685839
v -2.474919 34.173500 22.782417
v -2.604325 37.604881 20.685839
v -6.474499 35.626999 20.071978
v -7.772742 31.027311 21.159739
v -2.474919 34.173500 22.782417
v -6.474499 35.626999 20.071978
v -7.772742 31.027311 21.159739
v -6.474499 35.626999 20.071978
v -11.730800 30.953701 19.670969
v -10.197260 25.038483 22.036907
v -7.772742 31.027311 21.159739
v -11.730800 30.953701 19.670969
v 12.899040 30.953701 19.175697
v 7.697209 36.096180 19.883518
v 8.992923 31.027311 20.830648
v 11.467740 25.029282 21.585169
v 12.899040 30.953701 19.175697
v 8.992923 31.027311 20.830648
v 11.467740 25.029282 21.585169
v 8.992923 31.027311 20.830648
v 7.404263 25.066061 24.144077
v 8.793939 23.630962 23.738117
v 11.467740 25.029282 21.585169
v 7.404263 25.066061 24.144077
v 8.793939 23.630962 23.738117
v 7.404263 25.066061 24.144077
v 0.772822 19.804003 28.057579
v 7.697209 36.096180 19.883518
v 3.816175 37.604881 20.556728
v 3.776620 34.173500 22.656708
v 8.992923 31.027311 20.830648
v 7.697209 36.096180 19.883518
v 3.776620 34.173500 22.656708
v 8.992923 31.027311 20.830648
v 3.776620 34.173500 22.656708
v 3.116663 27.982302 25.565409
v 7.404263 25.066061 24.144077
v 8.992923 31.027311 20.830648
v 3.116663 27.982302 25.565409
v 3.847657 42.158588 16.285326
v 0.527543 42.581779 16.601416
v 0.614639 38.322449 20.669355
v 3.816175 37.604881 20.556728
v 3.847657 42.158588 16.285326
v 0.614639 38.322449 20.669355
v 3.816175 37.604881 20.556728
v 0.614639 38.322449 20.669355
v 0.669375 34.817459 23.225899
v 3.776620 34.173500 22.656708
v 3.816175 37.604881 20.556728
v 0.669375 34.817459 23.225899
v 3.776620 34.173500 22.656708
v 0.669375 34.817459 23.225899
v 0.723422 29.021822 25.750269
v 3.116663 27.982302 25.565409
v 3.776620 34.173500 22.656708
v 0.723422 29.021822 25.750269
v 0.291214 5.112486 5.563344
v 7.568450 4.634127 10.998760
v 5.189340 1.782300 10.049280
v 0.330630 2.187073 7.404373
v 0.291214 5.112486 5.563344
v 5.189340 1.782300 10.049280
v 0.330630 2.187073 7.404373
v 5.189340 1.782300 10.049280
v 0.345950 -0.867140 8.119878
v 7.568450 4.634127 10.998760
v 10.054390 8.047110 11.913909
v 8.606174 10.024981 16.044889
v 5.748917 3.806175 13.576890
v 7.568450 4.634127 10.998760
v 8.606174 10.024981 16.044889
v 5.748917 3.806175 13.576890
v 8.606174 10.024981 16.044889
v 0.534084 7.007579 16.906940
v 0.491052 3.281806 14.897090
v 5.748917 3.806175 13.576890
v 0.534084 7.007579 16.906940
v 0.491052 3.281806 14.897090
v 0.534084 7.007579 16.906940
v -7.575636 10.024981 16.370291
v -4.826475 3.806176 13.789550
v 0.491052 3.281806 14.897090
v -7.575636 10.024981 16.370291
v -4.826475 3.806176 13.789550
v -7.575636 10.024981 16.370291
v -9.199426 8.047110 12.301079
v -6.178964 4.634127 11.267160
v -4.826475 3.806176 13.789550
v -9.199426 8.047110 12.301079
v -6.178964 4.634127 11.267160
v -9.199426 8.047110 12.301079
v -2.573435 6.326807 5.620955
v 0.291214 5.112486 5.563344
v -6.178964 4.634127 11.267160
v -2.573435 6.326807 5.620955
v 0.439413 0.834762 12.485270
v 0.491052 3.281806 14.897090
v -4.826475 3.806176 13.789550
v -2.585441 1.395924 11.878540
v 0.439413 0.834762 12.485270
v -4.826475 3.806176 13.789550
v -2.585441 1.395924 11.878540
v -4.826475 3.806176 13.789550
v -6.178964 4.634127 11.267160
v -3.714217 1.837492 10.115730
v -2.585441 1.395924 11.878540
v -6.178964 4.634127 11.267160
v 5.748917 3.806175 13.576890
v 0.491052 3.281806 14.897090
v 0.439413 0.834762 12.485270
v 3.435696 1.395924 11.757470
v 5.748917 3.806175 13.576890
v 0.439413 0.834762 12.485270
v 3.435696 1.395924 11.757470
v 0.439413 0.834762 12.485270
v 0.345950 -0.867140 8.119878
v 5.189340 1.782300 10.049280
v 3.435696 1.395924 11.757470
v 0.345950 -0.867140 8.119878
v 8.606174 10.024981 16.044889
v 10.054390 8.047110 11.913909
v 12.891170 13.999141 13.425219
v 11.002150 13.566771 17.782219
v 8.606174 10.024981 16.044889
v 12.891170 13.999141 13.425219
v 11.002150 13.566771 17.782219
v 12.891170 13.999141 13.425219
v 13.507010 15.277861 13.839109
v 15.025120 22.195852 15.843418
v 11.002150 13.566771 17.782219
v 13.507010 15.277861 13.839109
v -12.694590 9.868597 11.977259
v -14.434540 12.380040 3.559201
v -11.282690 6.179626 6.149971
v -10.235070 5.296479 10.222720
v -12.694590 9.868597 11.977259
v -11.282690 6.179626 6.149971
v -10.235070 5.296479 10.222720
v -11.282690 6.179626 6.149971
v -6.706853 -0.103589 7.425244
v -12.694590 9.868597 11.977259
v -9.199426 8.047110 12.301079
v -12.091950 13.999141 13.927599
v -16.039450 15.719430 2.883702
v -12.694590 9.868597 11.977259
v -12.091950 13.999141 13.927599
v -16.039450 15.719430 2.883702
v -12.091950 13.999141 13.927599
v -12.697230 15.277861 14.366049
v 12.891170 13.999141 13.425219
v 10.054390 8.047110 11.913909
v 13.540370 9.868597 11.449709
v 16.808010 15.719430 2.223180
v 12.891170 13.999141 13.425219
v 13.540370 9.868597 11.449709
v 16.808010 15.719430 2.223180
v 13.540370 9.868597 11.449709
v 15.165080 12.266410 2.662586
v 16.808010 15.719430 2.223180
v 15.564300 23.327360 -2.754477
v 17.596880 18.396469 2.464687
v 16.568159 15.661000 4.677256
v 16.808010 15.719430 2.223180
v 17.596880 18.396469 2.464687
v 16.568159 15.661000 4.677256
v 17.596880 18.396469 2.464687
v 17.241249 14.210731 7.386028
v 17.241249 14.210731 7.386028
v 15.946100 8.175905 13.283369
v 16.437731 14.127931 8.254728
v 16.568159 15.661000 4.677256
v 17.241249 14.210731 7.386028
v 16.437731 14.127931 8.254728
v 16.568159 15.661000 4.677256
v 16.437731 14.127931 8.254728
v 15.408530 14.486711 12.578359
v 14.864560 17.007351 12.291709
v 16.568159 15.661000 4.677256
v 15.408530 14.486711 12.578359
v 14.864560 17.007351 12.291709
v 15.408530 14.486711 12.578359
v 16.242571 15.167471 15.288119
v 15.551840 20.429562 16.041939
v 14.864560 17.007351 12.291709
v 16.242571 15.167471 15.288119
v 18.634220 14.229131 8.210567
v 17.241249 14.210731 7.386028
v 17.596880 18.396469 2.464687
v 19.804380 21.082701 2.935035
v 18.634220 14.229131 8.210567
v 17.596880 18.396469 2.464687
v 19.804380 21.082701 2.935035
v 17.596880 18.396469 2.464687
v 15.564300 23.327360 -2.754477
v 19.245890 28.295050 -3.053710
v 19.804380 21.082701 2.935035
v 15.564300 23.327360 -2.754477
v 13.507010 15.277861 13.839109
v 14.864560 17.007351 12.291709
v 15.551840 20.429562 16.041939
v 15.025120 22.195852 15.843418
v 13.507010 15.277861 13.839109
v 15.551840 20.429562 16.041939
v 15.025120 22.195852 15.843418
v 15.551840 20.429562 16.041939
v 17.641541 23.612562 15.316268
v 17.736601 32.738380 14.373337
v 15.025120 22.195852 15.843418
v 17.641541 23.612562 15.316268
v 17.736601 32.738380 14.373337
v 17.641541 23.612562 15.316268
v 19.908621 24.376101 12.109838
v 19.700760 31.984030 10.296328
v 17.736601 32.738380 14.373337
v 19.908621 24.376101 12.109838
v 19.113420 14.505111 10.855069
v 18.634220 14.229131 8.210567
v 19.804380 21.082701 2.935035
v 21.098900 23.336559 6.697191
v 19.113420 14.505111 10.855069
v 19.804380 21.082701 2.935035
v 21.098900 23.336559 6.697191
v 19.804380 21.082701 2.935035
v 19.245890 28.295050 -3.053710
v 20.810770 30.300541 3.646698
v 21.098900 23.336559 6.697191
v 19.245890 28.295050 -3.053710
v 20.810770 30.300541 3.646698
v 19.245890 28.295050 -3.053710
v 16.761160 33.584728 -3.912594
v 19.055651 35.654610 0.979583
v 20.810770 30.300541 3.646698
v 16.761160 33.584728 -3.912594
v 17.989149 15.112271 13.250319
v 19.113420 14.505111 10.855069
v 21.098900 23.336559 6.697191
v 19.908621 24.376101 12.109838
v 17.989149 15.112271 13.250319
v 21.098900 23.336559 6.697191
v 19.908621 24.376101 12.109838
v 21.098900 23.336559 6.697191
v 20.810770 30.300541 3.646698
v 19.700760 31.984030 10.296328
v 19.908621 24.376101 12.109838
v 20.810770 30.300541 3.646698
v 19.700760 31.984030 10.296328
v 20.810770 30.300541 3.646698
v 19.055651 35.654610 0.979583
v 18.054489 36.335369 8.407189
v 19.700760 31.984030 10.296328
v 19.055651 35.654610 0.979583
v 14.761840 32.048420 -8.295962
v 12.621930 34.155102 -7.762312
v 13.987910 36.887329 -4.250928
v 16.761160 33.584728 -3.912594
v 14.761840 32.048420 -8.295962
v 13.987910 36.887329 -4.250928
v 16.761160 33.584728 -3.912594
v 13.987910 36.887329 -4.250928
v 13.290760 41.671028 -1.285179
v 19.055651 35.654610 0.979583
v 16.761160 33.584728 -3.912594
v 13.290760 41.671028 -1.285179
v 19.055651 35.654610 0.979583
v 13.290760 41.671028 -1.285179
v 18.054489 36.335369 8.407189
v 12.621930 34.155102 -7.762312
v 14.761840 32.048420 -8.295962
v 12.036330 31.073290 -11.788052
v 10.237270 33.621540 -11.124543
v 12.621930 34.155102 -7.762312
v 12.036330 31.073290 -11.788052
v 10.237270 33.621540 -11.124543
v 12.036330 31.073290 -11.788052
v 6.536265 34.449478 -12.449573
v 7.170527 36.528549 -11.175473
v 10.237270 33.621540 -11.124543
v 6.536265 34.449478 -12.449573
v -17.132191 18.396469 3.163047
v -16.558540 14.210731 8.065699
v -17.915020 14.229131 8.945520
v -19.333019 21.082701 3.722039
v -17.132191 18.396469 3.163047
v -17.915020 14.229131 8.945520
v -19.333019 21.082701 3.722039
v -17.915020 14.229131 8.945520
v -18.280609 14.505111 11.607019
v -20.465389 23.336559 7.532998
v -19.333019 21.082701 3.722039
v -18.280609 14.505111 11.607019
v -20.465389 23.336559 7.532998
v -18.280609 14.505111 11.607019
v -17.069981 15.112271 13.963359
v -19.044460 24.376122 12.893148
v -20.465389 23.336559 7.532998
v -17.069981 15.112271 13.963359
v -15.229830 15.167471 15.937069
v -14.515450 20.429562 16.646547
v -16.642090 23.612562 16.005678
v -16.038771 15.305471 15.116879
v -15.229830 15.167471 15.937069
v -16.642090 23.612562 16.005678
v -16.038771 15.305471 15.116879
v -16.642090 23.612562 16.005678
v -19.044460 24.376122 12.893148
v -17.069981 15.112271 13.963359
v -16.038771 15.305471 15.116879
v -19.044460 24.376122 12.893148
v -15.332430 23.327360 -2.133181
v -17.132191 18.396469 3.163047
v -19.333019 21.082701 3.722039
v -19.031340 28.295050 -2.284001
v -15.332430 23.327360 -2.133181
v -19.333019 21.082701 3.722039
v -19.031340 28.295050 -2.284001
v -19.333019 21.082701 3.722039
v -20.465389 23.336559 7.532998
v -20.300400 30.300541 4.473391
v -19.031340 28.295050 -2.284001
v -20.465389 23.336559 7.532998
v -20.300400 30.300541 4.473391
v -20.465389 23.336559 7.532998
v -19.044460 24.376122 12.893148
v -18.920429 32.039230 10.791447
v -20.300400 30.300541 4.473391
v -19.044460 24.376122 12.893148
v -17.713369 34.026310 -2.809168
v -19.031340 28.295050 -2.284001
v -20.300400 30.300541 4.473391
v -18.645580 35.654610 1.737709
v -17.713369 34.026310 -2.809168
v -20.300400 30.300541 4.473391
v -18.645580 35.654610 1.737709
v -20.300400 30.300541 4.473391
v -18.920429 32.039230 10.791447
v -17.350420 36.335369 9.119140
v -18.645580 35.654610 1.737709
v -18.920429 32.039230 10.791447
v -17.350420 36.335369 9.119140
v -18.920429 32.039230 10.791447
v -16.777430 32.738380 15.067377
v -14.987400 39.315979 -4.319742
v -14.745020 35.700600 -6.994844
v -15.902300 32.471600 -6.858968
v -17.713369 34.026310 -2.809168
v -14.987400 39.315979 -4.319742
v -15.902300 32.471600 -6.858968
v -17.713369 34.026310 -2.809168
v -15.902300 32.471600 -6.858968
v -15.425720 26.979530 -6.490536
v -19.031340 28.295050 -2.284001
v -17.713369 34.026310 -2.809168
v -15.425720 26.979530 -6.490536
v -19.031340 28.295050 -2.284001
v -15.425720 26.979530 -6.490536
v -15.332430 23.327360 -2.133181
v 14.680180 31.413649 -15.339862
v 17.311100 32.572800 -13.036213
v 17.444269 25.792810 -11.840502
v 15.628250 25.332819 -13.404511
v 14.680180 31.413649 -15.339862
v 17.444269 25.792810 -11.840502
v 15.628250 25.332819 -13.404511
v 17.444269 25.792810 -11.840502
v 15.173510 18.608549 -10.315031
v 12.784570 24.744059 -13.443842
v 15.628250 25.332819 -13.404511
v 15.173510 18.608549 -10.315031
v 17.285900 26.105591 -7.035726
v 17.412491 31.303270 -5.429701
v 16.322929 30.769699 -6.437278
v 16.393110 25.912399 -8.183989
v 17.285900 26.105591 -7.035726
v 16.322929 30.769699 -6.437278
v 16.393110 25.912399 -8.183989
v 16.322929 30.769699 -6.437278
v 14.306560 29.868151 -9.822987
v 14.971730 25.581221 -10.335011
v 16.393110 25.912399 -8.183989
v 14.306560 29.868151 -9.822987
v 14.971730 25.581221 -10.335011
v 14.306560 29.868151 -9.822987
v 12.360690 29.877338 -13.145782
v 13.696520 24.946461 -12.119022
v 14.971730 25.581221 -10.335011
v 12.360690 29.877338 -13.145782
v 17.444269 25.792810 -11.840502
v 17.311100 32.572800 -13.036213
v 18.587090 32.821178 -9.780383
v 18.163250 26.087200 -10.198132
v 17.444269 25.792810 -11.840502
v 18.587090 32.821178 -9.780383
v 18.163250 26.087200 -10.198132
v 18.587090 32.821178 -9.780383
v 17.412491 31.303270 -5.429701
v 17.285900 26.105591 -7.035726
v 18.163250 26.087200 -10.198132
v 17.412491 31.303270 -5.429701
v 10.739360 29.610569 -14.946952
v 12.360690 29.877338 -13.145782
v 10.910890 32.563599 -13.036202
v 8.405771 34.375870 -15.205653
v 10.739360 29.610569 -14.946952
v 10.910890 32.563599 -13.036202
v 8.405771 34.375870 -15.205653
v 10.910890 32.563599 -13.036202
v 7.170527 36.528549 -11.175473
v 7.453301 36.390560 -14.116803
v 8.405771 34.375870 -15.205653
v 7.170527 36.528549 -11.175473
v 12.360690 29.877338 -13.145782
v 14.306560 29.868151 -9.822987
v 13.162890 32.407200 -9.052011
v 10.910890 32.563599 -13.036202
v 12.360690 29.877338 -13.145782
v 13.162890 32.407200 -9.052011
v 10.910890 32.563599 -13.036202
v 13.162890 32.407200 -9.052011
v 12.621930 34.155102 -7.762312
v 7.170527 36.528549 -11.175473
v 10.910890 32.563599 -13.036202
v 12.621930 34.155102 -7.762312
v 14.680180 31.413649 -15.339862
v 10.739360 29.610569 -14.946952
v 8.405771 34.375870 -15.205653
v 11.880240 37.144909 -15.130753
v 14.680180 31.413649 -15.339862
v 8.405771 34.375870 -15.205653
v 11.880240 37.144909 -15.130753
v 8.405771 34.375870 -15.205653
v 7.453301 36.390560 -14.116803
v 9.072778 40.907478 -13.119883
v 11.880240 37.144909 -15.130753
v 7.453301 36.390560 -14.116803
v 14.306560 29.868151 -9.822987
v 16.322929 30.769699 -6.437278
v 15.791210 34.302280 -5.075385
v 13.162890 32.407200 -9.052011
v 14.306560 29.868151 -9.822987
v 15.791210 34.302280 -5.075385
v 13.162890 32.407200 -9.052011
v 15.791210 34.302280 -5.075385
v 13.987910 36.887329 -4.250928
v 12.621930 34.155102 -7.762312
v 13.162890 32.407200 -9.052011
v 13.987910 36.887329 -4.250928
v 17.311100 32.572800 -13.036213
v 14.680180 31.413649 -15.339862
v 11.880240 37.144909 -15.130753
v 14.842840 38.957199 -12.407493
v 17.311100 32.572800 -13.036213
v 11.880240 37.144909 -15.130753
v 14.842840 38.957199 -12.407493
v 11.880240 37.144909 -15.130753
v 9.072778 40.907478 -13.119883
v 10.455840 43.198139 -9.528405
v 14.842840 38.957199 -12.407493
v 9.072778 40.907478 -13.119883
v 10.455840 43.198139 -9.528405
v 9.072778 40.907478 -13.119883
v 5.844342 40.833889 -8.880714
v 6.568575 42.977348 -5.557493
v 10.455840 43.198139 -9.528405
v 5.844342 40.833889 -8.880714
v 18.587090 32.821178 -9.780383
v 17.311100 32.572800 -13.036213
v 14.842840 38.957199 -12.407493
v 16.771080 39.085991 -8.473094
v 18.587090 32.821178 -9.780383
v 14.842840 38.957199 -12.407493
v 16.771080 39.085991 -8.473094
v 14.842840 38.957199 -12.407493
v 10.455840 43.198139 -9.528405
v 11.030910 43.832901 -5.277254
v 16.771080 39.085991 -8.473094
v 10.455840 43.198139 -9.528405
v 16.322929 30.769699 -6.437278
v 17.412491 31.303270 -5.429701
v 15.642280 36.519348 -3.777495
v 15.791210 34.302280 -5.075385
v 16.322929 30.769699 -6.437278
v 15.642280 36.519348 -3.777495
v 15.791210 34.302280 -5.075385
v 15.642280 36.519348 -3.777495
v 10.740450 41.965408 -2.335768
v 13.987910 36.887329 -4.250928
v 15.791210 34.302280 -5.075385
v 10.740450 41.965408 -2.335768
v 17.412491 31.303270 -5.429701
v 18.587090 32.821178 -9.780383
v 16.771080 39.085991 -8.473094
v 15.642280 36.519348 -3.777495
v 17.412491 31.303270 -5.429701
v 16.771080 39.085991 -8.473094
v 15.642280 36.519348 -3.777495
v 16.771080 39.085991 -8.473094
v 11.030910 43.832901 -5.277254
v 10.740450 41.965408 -2.335768
v 15.642280 36.519348 -3.777495
v 11.030910 43.832901 -5.277254
v 10.740450 41.965408 -2.335768
v 11.030910 43.832901 -5.277254
v 6.423525 43.786900 -2.643060
v -13.557090 29.224190 -12.158112
v -15.408720 29.417379 -9.643680
v -15.439950 24.937260 -9.667178
v -14.431550 24.725670 -11.014532
v -13.557090 29.224190 -12.158112
v -15.439950 24.937260 -9.667178
v -14.431550 24.725670 -11.014532
v -15.439950 24.937260 -9.667178
v -14.201680 18.405670 -9.249714
v -12.996100 25.167259 -12.153312
v -14.431550 24.725670 -11.014532
v -14.201680 18.405670 -9.249714
v -16.812490 27.016340 -11.690512
v -17.389660 33.097160 -12.451023
v -14.642710 31.616037 -14.058533
v -14.976410 26.537970 -12.419122
v -16.812490 27.016340 -11.690512
v -14.642710 31.616037 -14.058533
v -14.976410 26.537970 -12.419122
v -14.642710 31.616037 -14.058533
v -11.525520 29.426569 -13.445612
v -12.996100 25.167259 -12.153312
v -14.976410 26.537970 -12.419122
v -11.525520 29.426569 -13.445612
v -17.020399 29.536980 -8.123340
v -17.569111 30.484520 -5.401865
v -16.742451 25.930799 -6.624915
v -16.164261 25.682421 -8.687470
v -17.020399 29.536980 -8.123340
v -16.742451 25.930799 -6.624915
v -16.164261 25.682421 -8.687470
v -16.742451 25.930799 -6.624915
v -14.201680 18.405670 -9.249714
v -15.439950 24.937260 -9.667178
v -16.164261 25.682421 -8.687470
v -14.201680 18.405670 -9.249714
v -18.435101 32.719978 -9.245028
v -17.389660 33.097160 -12.451023
v -16.812490 27.016340 -11.690512
v -17.452290 26.556370 -9.634756
v -18.435101 32.719978 -9.245028
v -16.812490 27.016340 -11.690512
v -17.452290 26.556370 -9.634756
v -16.812490 27.016340 -11.690512
v -14.201680 18.405670 -9.249714
v -16.742451 25.930799 -6.624915
v -17.452290 26.556370 -9.634756
v -14.201680 18.405670 -9.249714
v -10.930230 43.915699 -2.149325
v -16.381069 38.469631 -3.382873
v -16.736361 35.360222 -5.981617
v -14.987400 39.315979 -4.319742
v -10.930230 43.915699 -2.149325
v -16.736361 35.360222 -5.981617
v -14.987400 39.315979 -4.319742
v -16.736361 35.360222 -5.981617
v -15.386000 34.155102 -8.582484
v -14.745020 35.700600 -6.994844
v -14.987400 39.315979 -4.319742
v -15.386000 34.155102 -8.582484
v -14.745020 35.700600 -6.994844
v -15.386000 34.155102 -8.582484
v -12.603880 33.271950 -11.059333
v -12.096520 34.440281 -10.329593
v -14.745020 35.700600 -6.994844
v -12.603880 33.271950 -11.059333
v -12.096520 34.440281 -10.329593
v -12.603880 33.271950 -11.059333
v -9.725363 33.400742 -13.698973
v -7.518525 35.424610 -12.183033
v -12.096520 34.440281 -10.329593
v -9.725363 33.400742 -13.698973
v -16.381069 38.469631 -3.382873
v -17.569111 30.484520 -5.401865
v -17.020399 29.536980 -8.123340
v -16.736361 35.360222 -5.981617
v -16.381069 38.469631 -3.382873
v -17.020399 29.536980 -8.123340
v -16.736361 35.360222 -5.981617
v -17.020399 29.536980 -8.123340
v -15.408720 29.417379 -9.643680
v -15.386000 34.155102 -8.582484
v -16.736361 35.360222 -5.981617
v -15.408720 29.417379 -9.643680
v -15.386000 34.155102 -8.582484
v -15.408720 29.417379 -9.643680
v -13.557090 29.224190 -12.158112
v -12.603880 33.271950 -11.059333
v -15.386000 34.155102 -8.582484
v -13.557090 29.224190 -12.158112
v -12.603880 33.271950 -11.059333
v -13.557090 29.224190 -12.158112
v -11.525520 29.426569 -13.445612
v -9.725363 33.400742 -13.698973
v -12.603880 33.271950 -11.059333
v -11.525520 29.426569 -13.445612
v -7.453756 36.169769 -14.540893
v -9.002687 36.464149 -13.319403
v -10.279900 35.516609 -14.837953
v -8.406728 36.004181 -15.269723
v -7.453756 36.169769 -14.540893
v -10.279900 35.516609 -14.837953
v -8.406728 36.004181 -15.269723
v -10.279900 35.516609 -14.837953
v -10.786800 34.256290 -15.905503
v -8.925550 34.311481 -16.176172
v -8.406728 36.004181 -15.269723
v -10.786800 34.256290 -15.905503
v -3.633260 36.289360 -15.888493
v -5.269834 36.491749 -15.171943
v -6.516260 36.427349 -16.329172
v -4.396361 36.132969 -17.079573
v -3.633260 36.289360 -15.888493
v -6.516260 36.427349 -16.329172
v -4.396361 36.132969 -17.079573
v -6.516260 36.427349 -16.329172
v -7.856289 34.909451 -17.910803
v -5.794733 34.661060 -18.515251
v -4.396361 36.132969 -17.079573
v -7.856289 34.909451 -17.910803
v 16.782391 34.559860 17.175358
v 12.899040 30.953701 19.175697
v 17.736601 32.738380 14.373337
v 17.522289 35.626999 13.694007
v 16.782391 34.559860 17.175358
v 17.736601 32.738380 14.373337
v 17.522289 35.626999 13.694007
v 17.736601 32.738380 14.373337
v 18.054489 36.335369 8.407189
v 6.388866 44.798851 10.451406
v 11.783710 43.952480 11.581527
v 11.471890 45.553200 4.912225
v 8.519183 45.893570 4.086885
v 6.388866 44.798851 10.451406
v 11.471890 45.553200 4.912225
v 8.519183 45.893570 4.086885
v 11.471890 45.553200 4.912225
v 10.740450 41.965408 -2.335768
v 9.317098 34.900249 21.258438
v 7.697209 36.096180 19.883518
v 12.899040 30.953701 19.175697
v 13.376600 31.441282 20.308178
v 9.317098 34.900249 21.258438
v 12.899040 30.953701 19.175697
v 13.376600 31.441282 20.308178
v 12.899040 30.953701 19.175697
v 16.782391 34.559860 17.175358
v 15.813620 33.998711 19.655958
v 13.376600 31.441282 20.308178
v 16.782391 34.559860 17.175358
v 15.813620 33.998711 19.655958
v 16.782391 34.559860 17.175358
v 15.417630 38.984791 16.591536
v 15.479350 37.476089 19.115768
v 15.813620 33.998711 19.655958
v 15.417630 38.984791 16.591536
v 15.567300 41.192661 12.816427
v 11.783710 43.952480 11.581527
v 12.287140 41.257050 16.075407
v 15.417630 38.984791 16.591536
v 15.567300 41.192661 12.816427
v 12.287140 41.257050 16.075407
v 15.417630 38.984791 16.591536
v 12.287140 41.257050 16.075407
v 13.027530 39.076790 19.076586
v 15.479350 37.476089 19.115768
v 15.417630 38.984791 16.591536
v 13.027530 39.076790 19.076586
v 11.783710 43.952480 11.581527
v 15.567300 41.192661 12.816427
v 14.942480 43.050941 6.241893
v 11.471890 45.553200 4.912225
v 11.783710 43.952480 11.581527
v 14.942480 43.050941 6.241893
v 11.471890 45.553200 4.912225
v 14.942480 43.050941 6.241893
v 13.290760 41.671028 -1.285179
v 10.740450 41.965408 -2.335768
v 11.471890 45.553200 4.912225
v 13.290760 41.671028 -1.285179
v 10.740450 41.965408 -2.335768
v 13.290760 41.671028 -1.285179
v 13.987910 36.887329 -4.250928
v 15.567300 41.192661 12.816427
v 17.522289 35.626999 13.694007
v 18.054489 36.335369 8.407189
v 14.942480 43.050941 6.241893
v 15.567300 41.192661 12.816427
v 18.054489 36.335369 8.407189
v 14.942480 43.050941 6.241893
v 18.054489 36.335369 8.407189
v 13.290760 41.671028 -1.285179
v -15.389310 41.183460 -0.483259
v -15.087100 42.167789 6.813578
v -10.908050 45.093220 5.346173
v -10.930230 43.915699 -2.149325
v -15.389310 41.183460 -0.483259
v -10.908050 45.093220 5.346173
v -10.930230 43.915699 -2.149325
v -10.908050 45.093220 5.346173
v -8.047317 46.105160 4.387848
v -6.474499 35.626999 20.071978
v -5.821967 41.128269 15.739837
v -8.992276 36.657341 20.540829
v -8.083598 35.360222 21.712898
v -6.474499 35.626999 20.071978
v -8.992276 36.657341 20.540829
v -8.083598 35.360222 21.712898
v -8.992276 36.657341 20.540829
v -13.756420 31.827662 25.542778
v -11.730800 30.953701 19.670969
v -6.474499 35.626999 20.071978
v -8.083598 35.360222 21.712898
v -12.204870 31.882841 20.854769
v -11.730800 30.953701 19.670969
v -8.083598 35.360222 21.712898
v -12.204870 31.882841 20.854769
v -8.083598 35.360222 21.712898
v -13.756420 31.827662 25.542778
v -8.992276 36.657341 20.540829
v -5.821967 41.128269 15.739837
v -11.200090 40.778679 16.467276
v -11.855750 39.076790 19.576956
v -8.992276 36.657341 20.540829
v -11.200090 40.778679 16.467276
v -11.855750 39.076790 19.576956
v -11.200090 40.778679 16.467276
v -14.290600 38.515640 17.100466
v -14.259760 37.006908 19.617268
v -11.855750 39.076790 19.576956
v -14.290600 38.515640 17.100466
v -15.243590 34.992249 18.165209
v -11.730800 30.953701 19.670969
v -12.204870 31.882841 20.854769
v -14.838390 34.449478 20.224077
v -15.243590 34.992249 18.165209
v -12.204870 31.882841 20.854769
v -14.838390 34.449478 20.224077
v -12.204870 31.882841 20.854769
v -13.756420 31.827662 25.542778
v -14.668950 41.192661 13.424447
v -16.199430 36.068581 14.790338
v -15.243590 34.992249 18.165209
v -14.290600 38.515640 17.100466
v -14.668950 41.192661 13.424447
v -15.243590 34.992249 18.165209
v -14.290600 38.515640 17.100466
v -15.243590 34.992249 18.165209
v -14.838390 34.449478 20.224077
v -14.259760 37.006908 19.617268
v -14.290600 38.515640 17.100466
v -14.838390 34.449478 20.224077
v -14.259760 37.006908 19.617268
v -14.838390 34.449478 20.224077
v -13.756420 31.827662 25.542778
v -16.199430 36.068581 14.790338
v -17.350420 36.335369 9.119140
v -16.777430 32.738380 15.067377
v -15.243590 34.992249 18.165209
v -16.199430 36.068581 14.790338
v -16.777430 32.738380 15.067377
v -15.243590 34.992249 18.165209
v -16.777430 32.738380 15.067377
v -11.730800 30.953701 19.670969
v -17.350420 36.335369 9.119140
v -16.199430 36.068581 14.790338
v -14.668950 41.192661 13.424447
v -15.087100 42.167789 6.813578
v -17.350420 36.335369 9.119140
v -14.668950 41.192661 13.424447
v -15.087100 42.167789 6.813578
v -14.668950 41.192661 13.424447
v -10.933800 43.943291 12.038357
v -10.908050 45.093220 5.346173
v -15.087100 42.167789 6.813578
v -10.933800 43.943291 12.038357
v -10.908050 45.093220 5.346173
v -10.933800 43.943291 12.038357
v -5.591971 44.798851 10.692327
v -8.047317 46.105160 4.387848
v -10.908050 45.093220 5.346173
v -5.591971 44.798851 10.692327
v 5.712619 53.170319 -2.114028
v 5.477850 54.154671 -2.672307
v 2.755220 52.342381 -5.311917
v 4.101789 51.983601 -3.424795
v 5.712619 53.170319 -2.114028
v 2.755220 52.342381 -5.311917
v 4.101789 51.983601 -3.424795
v 2.755220 52.342381 -5.311917
v -0.673604 49.812531 -6.843497
v 1.698671 49.996521 -4.060114
v 4.101789 51.983601 -3.424795
v -0.673604 49.812531 -6.843497
v 8.915197 57.457260 0.692873
v 6.320799 55.111401 -3.493544
v 5.642615 54.541031 -3.230579
v 5.477850 54.154671 -2.672307
v 8.915197 57.457260 0.692873
v 5.642615 54.541031 -3.230579
v 5.477850 54.154671 -2.672307
v 5.642615 54.541031 -3.230579
v 2.311687 52.415970 -7.008085
v 2.755220 52.342381 -5.311917
v 5.477850 54.154671 -2.672307
v 2.311687 52.415970 -7.008085
v 2.755220 52.342381 -5.311917
v 2.311687 52.415970 -7.008085
v -1.481220 48.552212 -9.754857
v -0.673604 49.812531 -6.843497
v 2.755220 52.342381 -5.311917
v -1.481220 48.552212 -9.754857
v 5.712619 53.170319 -2.114028
v 4.101789 51.983601 -3.424795
v 5.955003 51.569618 -1.917830
v 7.166750 53.989059 -0.944882
v 5.712619 53.170319 -2.114028
v 5.955003 51.569618 -1.917830
v 7.166750 53.989059 -0.944882
v 5.955003 51.569618 -1.917830
v 8.089959 48.809792 -3.400432
v 8.243584 51.652420 -2.325779
v 7.166750 53.989059 -0.944882
v 8.089959 48.809792 -3.400432
v 7.886836 55.230999 -3.557205
v 5.297726 50.953251 -9.649887
v 3.212954 52.139980 -9.053009
v 6.320799 55.111401 -3.493544
v 7.886836 55.230999 -3.557205
v 3.212954 52.139980 -9.053009
v 6.320799 55.111401 -3.493544
v 3.212954 52.139980 -9.053009
v 2.311687 52.415970 -7.008085
v 5.642615 54.541031 -3.230579
v 6.320799 55.111401 -3.493544
v 2.311687 52.415970 -7.008085
v 7.273751 48.717800 -8.507323
v 5.297726 50.953251 -9.649887
v 7.886836 55.230999 -3.557205
v 8.961310 53.731491 -2.895170
v 7.273751 48.717800 -8.507323
v 7.886836 55.230999 -3.557205
v 8.961310 53.731491 -2.895170
v 7.886836 55.230999 -3.557205
v 8.915197 57.457260 0.692873
v 2.190445 44.955231 -13.029744
v -1.425429 38.662819 -13.608502
v -4.637958 39.582760 -12.932643
v -0.556528 46.813511 -12.499984
v 2.190445 44.955231 -13.029744
v -4.637958 39.582760 -12.932643
v -0.556528 46.813511 -12.499984
v -4.637958 39.582760 -12.932643
v -6.480424 40.806290 -10.707943
v -1.481220 48.552212 -9.754857
v -0.556528 46.813511 -12.499984
v -6.480424 40.806290 -10.707943
v -1.481220 48.552212 -9.754857
v -6.480424 40.806290 -10.707943
v -5.747068 43.731701 -6.958628
v -0.673604 49.812531 -6.843497
v -1.481220 48.552212 -9.754857
v -5.747068 43.731701 -6.958628
v -0.673604 49.812531 -6.843497
v -5.747068 43.731701 -6.958628
v -4.765605 45.461189 -3.463632
v 1.698671 49.996521 -4.060114
v -0.673604 49.812531 -6.843497
v -4.765605 45.461189 -3.463632
v 1.698671 49.996521 -4.060114
v -4.765605 45.461189 -3.463632
v 2.054412 47.034302 -1.799180
v 4.312962 49.674541 -2.174353
v 1.698671 49.996521 -4.060114
v 2.054412 47.034302 -1.799180
v 6.568575 42.977348 -5.557493
v 5.844342 40.833889 -8.880714
v 6.976815 44.329670 -8.380710
v 7.742824 45.231209 -5.259393
v 6.568575 42.977348 -5.557493
v 6.976815 44.329670 -8.380710
v 7.742824 45.231209 -5.259393
v 6.976815 44.329670 -8.380710
v 7.984190 48.147430 -6.904994
v 8.414668 48.405010 -4.742078
v 7.742824 45.231209 -5.259393
v 7.984190 48.147430 -6.904994
v 8.414668 48.405010 -4.742078
v 7.984190 48.147430 -6.904994
v 8.960515 53.133511 -2.573440
v 8.996743 52.415970 -2.316796
v 8.414668 48.405010 -4.742078
v 8.960515 53.133511 -2.573440
v 4.101789 51.983601 -3.424795
v 1.698671 49.996521 -4.060114
v 4.312962 49.674541 -2.174353
v 5.955003 51.569618 -1.917830
v 4.101789 51.983601 -3.424795
v 4.312962 49.674541 -2.174353
v 5.955003 51.569618 -1.917830
v 4.312962 49.674541 -2.174353
v 7.524670 46.417931 -3.606223
v 8.089959 48.809792 -3.400432
v 5.955003 51.569618 -1.917830
v 7.524670 46.417931 -3.606223
v 8.089959 48.809792 -3.400432
v 7.524670 46.417931 -3.606223
v 7.742824 45.231209 -5.259393
v 8.414668 48.405010 -4.742078
v 8.089959 48.809792 -3.400432
v 7.742824 45.231209 -5.259393
v -5.213887 49.361752 10.049336
v -4.125684 46.169559 12.070346
v -1.695385 48.561420 15.769446
v -2.151221 49.812531 14.934116
v -5.213887 49.361752 10.049336
v -1.695385 48.561420 15.769446
v -2.151221 49.812531 14.934116
v -1.695385 48.561420 15.769446
v 0.610138 51.091251 19.382586
v 3.786356 44.670040 12.345556
v 6.388866 44.798851 10.451406
v 4.990505 46.169559 11.887026
v 0.451463 44.992031 13.048006
v 3.786356 44.670040 12.345556
v 4.990505 46.169559 11.887026
v 0.451463 44.992031 13.048006
v 4.990505 46.169559 11.887026
v 2.694144 47.549469 15.520327
v 0.516699 47.751862 16.094936
v 0.451463 44.992031 13.048006
v 2.694144 47.549469 15.520327
v 0.516699 47.751862 16.094936
v 2.694144 47.549469 15.520327
v 0.610138 51.091251 19.382586
v -1.695385 48.561420 15.769446
v 0.516699 47.751862 16.094936
v 0.610138 51.091251 19.382586
v 2.694144 47.549469 15.520327
v 4.990505 46.169559 11.887026
v 5.991268 49.380161 9.824017
v 3.132635 49.812531 14.827867
v 2.694144 47.549469 15.520327
v 5.991268 49.380161 9.824017
v 3.132635 49.812531 14.827867
v 5.991268 49.380161 9.824017
v 4.068589 51.118851 8.302365
v 2.476047 50.861271 14.664126
v 3.132635 49.812531 14.827867
v 4.068589 51.118851 8.302365
v 0.490191 51.164848 14.856866
v 2.476047 50.861271 14.664126
v 4.068589 51.118851 8.302365
v 0.330114 51.956001 7.380225
v 0.490191 51.164848 14.856866
v 4.068589 51.118851 8.302365
v 0.330114 51.956001 7.380225
v 4.068589 51.118851 8.302365
v 5.265303 49.435341 3.549097
v 0.996602 50.042511 1.905722
v 0.330114 51.956001 7.380225
v 5.265303 49.435341 3.549097
v 0.996602 50.042511 1.905722
v 5.265303 49.435341 3.549097
v 6.423525 43.786900 -2.643060
v 2.054412 47.034302 -1.799180
v 0.996602 50.042511 1.905722
v 6.423525 43.786900 -2.643060
v 2.054412 47.034302 -1.799180
v -4.765605 45.461189 -3.463632
v -4.158431 49.048969 3.722512
v 0.996602 50.042511 1.905722
v 2.054412 47.034302 -1.799180
v -4.158431 49.048969 3.722512
v 0.996602 50.042511 1.905722
v -4.158431 49.048969 3.722512
v -3.365673 51.100449 8.451859
v 0.330114 51.956001 7.380225
v 0.996602 50.042511 1.905722
v -3.365673 51.100449 8.451859
v -4.158431 49.048969 3.722512
v -4.765605 45.461189 -3.463632
v -8.047317 46.105160 4.387848
v -6.504829 48.202629 7.171826
v -4.158431 49.048969 3.722512
v -8.047317 46.105160 4.387848
v -6.504829 48.202629 7.171826
v -8.047317 46.105160 4.387848
v -5.591971 44.798851 10.692327
v -3.467054 39.297581 -16.020523
v -2.641979 37.089710 -16.600111
v -3.997434 36.335369 -18.543352
v -5.457328 37.522091 -18.546171
v -3.467054 39.297581 -16.020523
v -3.997434 36.335369 -18.543352
v -5.457328 37.522091 -18.546171
v -3.997434 36.335369 -18.543352
v -5.213034 34.808250 -20.055092
v -6.662494 35.249821 -19.929432
v -5.457328 37.522091 -18.546171
v -5.213034 34.808250 -20.055092
v -8.047396 39.095188 -13.917703
v -5.932833 40.107140 -14.917323
v -7.649552 38.322441 -17.585203
v -9.478511 37.733669 -16.165041
v -8.047396 39.095188 -13.917703
v -7.649552 38.322441 -17.585203
v -9.478511 37.733669 -16.165041
v -7.649552 38.322441 -17.585203
v -8.629135 35.682190 -19.198202
v -10.133810 35.378620 -17.704142
v -9.478511 37.733669 -16.165041
v -8.629135 35.682190 -19.198202
v -4.158431 49.048969 3.722512
v -6.504829 48.202629 7.171826
v -5.213887 49.361752 10.049336
v -3.365673 51.100449 8.451859
v -4.158431 49.048969 3.722512
v -5.213887 49.361752 10.049336
v -3.365673 51.100449 8.451859
v -5.213887 49.361752 10.049336
v -2.151221 49.812531 14.934116
v -1.502205 50.861271 14.744116
v -3.365673 51.100449 8.451859
v -2.151221 49.812531 14.934116
v -1.502205 50.861271 14.744116
v -2.151221 49.812531 14.934116
v 0.610138 51.091251 19.382586
v -9.002687 36.464149 -13.319403
v -8.047396 39.095188 -13.917703
v -9.478511 37.733669 -16.165041
v -10.279900 35.516609 -14.837953
v -9.002687 36.464149 -13.319403
v -9.478511 37.733669 -16.165041
v -10.279900 35.516609 -14.837953
v -9.478511 37.733669 -16.165041
v -10.133810 35.378620 -17.704142
v -10.786800 34.256290 -15.905503
v -10.279900 35.516609 -14.837953
v -10.133810 35.378620 -17.704142
v 4.374161 39.601151 -10.081713
v 6.142296 40.429111 -14.701693
v 3.593020 41.008671 -15.704053
v 2.331161 40.392311 -12.558043
v 4.374161 39.601151 -10.081713
v 3.593020 41.008671 -15.704053
v 2.331161 40.392311 -12.558043
v 3.593020 41.008671 -15.704053
v 0.534623 40.438309 -16.800724
v -1.425429 38.662819 -13.608502
v 2.331161 40.392311 -12.558043
v 0.534623 40.438309 -16.800724
v 6.981050 33.685921 -16.077803
v 6.774630 30.907679 -17.465061
v 8.311062 30.604097 -18.911503
v 8.750356 33.584728 -17.054392
v 6.981050 33.685921 -16.077803
v 8.311062 30.604097 -18.911503
v 8.750356 33.584728 -17.054392
v 8.311062 30.604097 -18.911503
v 7.549616 31.183668 -20.384123
v 7.796434 35.314220 -19.263071
v 8.750356 33.584728 -17.054392
v 7.549616 31.183668 -20.384123
v 7.796434 35.314220 -19.263071
v 7.549616 31.183668 -20.384123
v 5.795964 31.432049 -21.547241
v 5.553087 35.829391 -20.689812
v 7.796434 35.314220 -19.263071
v 5.795964 31.432049 -21.547241
v 5.553087 35.829391 -20.689812
v 5.795964 31.432049 -21.547241
v 3.977281 31.248058 -21.800222
v 3.123037 35.581009 -21.147652
v 5.553087 35.829391 -20.689812
v 3.977281 31.248058 -21.800222
v 3.434844 27.329098 -20.220951
v 4.534146 27.862669 -19.117052
v 4.071795 30.834078 -19.180141
v 2.825476 30.622488 -20.691273
v 3.434844 27.329098 -20.220951
v 4.071795 30.834078 -19.180141
v 2.825476 30.622488 -20.691273
v 4.071795 30.834078 -19.180141
v 3.647803 33.363949 -18.528181
v 1.890536 34.017109 -19.860142
v 2.825476 30.622488 -20.691273
v 3.647803 33.363949 -18.528181
v 4.071795 30.834078 -19.180141
v 4.534146 27.862669 -19.117052
v 5.804686 27.954659 -18.627861
v 6.054987 30.916878 -18.061852
v 4.071795 30.834078 -19.180141
v 5.804686 27.954659 -18.627861
v 6.054987 30.916878 -18.061852
v 5.804686 27.954659 -18.627861
v 5.611201 27.568277 -18.334421
v 6.774630 30.907679 -17.465061
v 6.054987 30.916878 -18.061852
v 5.611201 27.568277 -18.334421
v 6.774630 30.907679 -17.465061
v 5.611201 27.568277 -18.334421
v 6.787253 27.099108 -19.387562
v 8.311062 30.604097 -18.911503
v 6.774630 30.907679 -17.465061
v 6.787253 27.099108 -19.387562
v 8.311062 30.604097 -18.911503
v 6.787253 27.099108 -19.387562
v 7.549616 31.183668 -20.384123
v 4.001084 22.950169 -18.535292
v 4.160183 27.540699 -21.152422
v 5.426527 27.549889 -21.218102
v 6.405464 27.273897 -20.353071
v 4.001084 22.950169 -18.535292
v 5.426527 27.549889 -21.218102
v 6.405464 27.273897 -20.353071
v 5.426527 27.549889 -21.218102
v 5.795964 31.432049 -21.547241
v 7.549616 31.183668 -20.384123
v 6.405464 27.273897 -20.353071
v 5.795964 31.432049 -21.547241
v 4.160183 27.540699 -21.152422
v 4.001084 22.950169 -18.535292
v 3.434844 27.329098 -20.220951
v 3.977281 31.248058 -21.800222
v 4.160183 27.540699 -21.152422
v 3.434844 27.329098 -20.220951
v 3.977281 31.248058 -21.800222
v 3.434844 27.329098 -20.220951
v 2.825476 30.622488 -20.691273
v 6.705175 35.194630 -14.608463
v 6.569886 35.764999 -13.391263
v 4.366210 35.856991 -14.400563
v 5.181751 34.909451 -15.784253
v 6.705175 35.194630 -14.608463
v 4.366210 35.856991 -14.400563
v 5.181751 34.909451 -15.784253
v 4.366210 35.856991 -14.400563
v 1.272210 35.608608 -16.083641
v 2.721750 34.771450 -17.640942
v 5.181751 34.909451 -15.784253
v 1.272210 35.608608 -16.083641
v 2.721750 34.771450 -17.640942
v 1.272210 35.608608 -16.083641
v -0.341243 37.972851 -16.799194
v 0.936345 36.804520 -18.851683
v 2.721750 34.771450 -17.640942
v -0.341243 37.972851 -16.799194
v 0.936345 36.804520 -18.851683
v -0.341243 37.972851 -16.799194
v 0.534623 40.438309 -16.800724
v 2.070169 38.938801 -19.365105
v 0.936345 36.804520 -18.851683
v 0.534623 40.438309 -16.800724
v 2.070169 38.938801 -19.365105
v 0.534623 40.438309 -16.800724
v 3.593020 41.008671 -15.704053
v 4.753899 39.334370 -18.542395
v 2.070169 38.938801 -19.365105
v 3.593020 41.008671 -15.704053
v 4.753899 39.334370 -18.542395
v 3.593020 41.008671 -15.704053
v 6.142296 40.429111 -14.701693
v 7.203918 38.083248 -17.151995
v 4.753899 39.334370 -18.542395
v 6.142296 40.429111 -14.701693
v 7.203918 38.083248 -17.151995
v 6.142296 40.429111 -14.701693
v 8.223369 37.577290 -14.035773
v 8.679154 35.985779 -15.355923
v 7.203918 38.083248 -17.151995
v 8.223369 37.577290 -14.035773
v 8.679154 35.985779 -15.355923
v 8.223369 37.577290 -14.035773
v 6.569886 35.764999 -13.391263
v 6.705175 35.194630 -14.608463
v 8.679154 35.985779 -15.355923
v 6.569886 35.764999 -13.391263
v 8.750356 33.584728 -17.054392
v 8.679154 35.985779 -15.355923
v 6.705175 35.194630 -14.608463
v 6.981050 33.685921 -16.077803
v 8.750356 33.584728 -17.054392
v 6.705175 35.194630 -14.608463
v 6.981050 33.685921 -16.077803
v 6.705175 35.194630 -14.608463
v 5.181751 34.909451 -15.784253
v 5.776809 33.492741 -17.058943
v 6.981050 33.685921 -16.077803
v 5.181751 34.909451 -15.784253
v 5.776809 33.492741 -17.058943
v 5.181751 34.909451 -15.784253
v 2.721750 34.771450 -17.640942
v 3.647803 33.363949 -18.528181
v 5.776809 33.492741 -17.058943
v 2.721750 34.771450 -17.640942
v 3.647803 33.363949 -18.528181
v 2.721750 34.771450 -17.640942
v 0.936345 36.804520 -18.851683
v 1.890536 34.017109 -19.860142
v 3.647803 33.363949 -18.528181
v 0.936345 36.804520 -18.851683
v 1.890536 34.017109 -19.860142
v 0.936345 36.804520 -18.851683
v 2.070169 38.938801 -19.365105
v 3.123037 35.581009 -21.147652
v 1.890536 34.017109 -19.860142
v 2.070169 38.938801 -19.365105
v 3.123037 35.581009 -21.147652
v 2.070169 38.938801 -19.365105
v 4.753899 39.334370 -18.542395
v 5.553087 35.829391 -20.689812
v 3.123037 35.581009 -21.147652
v 4.753899 39.334370 -18.542395
v 5.553087 35.829391 -20.689812
v 4.753899 39.334370 -18.542395
v 7.203918 38.083248 -17.151995
v 7.796434 35.314220 -19.263071
v 5.553087 35.829391 -20.689812
v 7.203918 38.083248 -17.151995
v 7.796434 35.314220 -19.263071
v 7.203918 38.083248 -17.151995
v 8.679154 35.985779 -15.355923
v 8.750356 33.584728 -17.054392
v 7.796434 35.314220 -19.263071
v 8.679154 35.985779 -15.355923
v -9.725363 33.400742 -13.698973
v -11.525520 29.426569 -13.445612
v -14.642710 31.616037 -14.058533
v -12.560520 38.064850 -14.776003
v -9.725363 33.400742 -13.698973
v -14.642710 31.616037 -14.058533
v -12.560520 38.064850 -14.776003
v -14.642710 31.616037 -14.058533
v -17.389660 33.097160 -12.451023
v -15.124950 39.913929 -11.820963
v -12.560520 38.064850 -14.776003
v -17.389660 33.097160 -12.451023
v -15.124950 39.913929 -11.820963
v -17.389660 33.097160 -12.451023
v -18.435101 32.719978 -9.245028
v -16.503710 40.217522 -7.675294
v -15.124950 39.913929 -11.820963
v -18.435101 32.719978 -9.245028
v -16.503710 40.217522 -7.675294
v -18.435101 32.719978 -9.245028
v -17.569111 30.484520 -5.401865
v -16.381069 38.469631 -3.382873
v -16.503710 40.217522 -7.675294
v -17.569111 30.484520 -5.401865
v -7.518525 35.424610 -12.183033
v -9.725363 33.400742 -13.698973
v -12.560520 38.064850 -14.776003
v -8.954409 40.981071 -12.500003
v -7.518525 35.424610 -12.183033
v -12.560520 38.064850 -14.776003
v -8.954409 40.981071 -12.500003
v -12.560520 38.064850 -14.776003
v -15.124950 39.913929 -11.820963
v -10.272850 44.072090 -9.843474
v -8.954409 40.981071 -12.500003
v -15.124950 39.913929 -11.820963
v -10.272850 44.072090 -9.843474
v -15.124950 39.913929 -11.820963
v -16.503710 40.217522 -7.675294
v -11.131490 45.010422 -6.166711
v -10.272850 44.072090 -9.843474
v -16.503710 40.217522 -7.675294
v -11.131490 45.010422 -6.166711
v -16.503710 40.217522 -7.675294
v -16.381069 38.469631 -3.382873
v -10.930230 43.915699 -2.149325
v -11.131490 45.010422 -6.166711
v -16.381069 38.469631 -3.382873
v 6.423525 43.786900 -2.643060
v 5.265303 49.435341 3.549097
v 8.519183 45.893570 4.086885
v 8.519183 45.893570 4.086885
v 5.265303 49.435341 3.549097
v 7.196333 48.248619 6.896312
v 7.196333 48.248619 6.896312
v 5.265303 49.435341 3.549097
v 5.991268 49.380161 9.824017
v 5.991268 49.380161 9.824017
v 5.265303 49.435341 3.549097
v 4.068589 51.118851 8.302365
v 8.519183 45.893570 4.086885
v 7.196333 48.248619 6.896312
v 6.388866 44.798851 10.451406
v 6.388866 44.798851 10.451406
v 7.196333 48.248619 6.896312
v 4.990505 46.169559 11.887026
v 4.990505 46.169559 11.887026
v 7.196333 48.248619 6.896312
v 5.991268 49.380161 9.824017
v 0.451463 44.992031 13.048006
v -4.125684 46.169559 12.070346
v -2.902945 44.670040 12.480076
v -2.902945 44.670040 12.480076
v -4.125684 46.169559 12.070346
v -5.591971 44.798851 10.692327
v -5.591971 44.798851 10.692327
v -4.125684 46.169559 12.070346
v -6.504829 48.202629 7.171826
v -6.504829 48.202629 7.171826
v -4.125684 46.169559 12.070346
v -5.213887 49.361752 10.049336
v 0.610138 51.091251 19.382586
v 0.490191 51.164848 14.856866
v -1.502205 50.861271 14.744116
v -1.502205 50.861271 14.744116
v 0.490191 51.164848 14.856866
v -3.365673 51.100449 8.451859
v -3.365673 51.100449 8.451859
v 0.490191 51.164848 14.856866
v 0.330114 51.956001 7.380225
v 8.996743 52.415970 -2.316796
v 8.960515 53.133511 -2.573440
v 8.915197 57.457260 0.692873
v 8.915197 57.457260 0.692873
v 8.960515 53.133511 -2.573440
v 8.961310 53.731491 -2.895170
v 8.961310 53.731491 -2.895170
v 8.960515 53.133511 -2.573440
v 7.273751 48.717800 -8.507323
v 7.273751 48.717800 -8.507323
v 8.960515 53.133511 -2.573440
v 7.984190 48.147430 -6.904994
v 3.212954 52.139980 -9.053009
v 5.297726 50.953251 -9.649887
v -0.556528 46.813511 -12.499984
v -0.556528 46.813511 -12.499984
v 5.297726 50.953251 -9.649887
v 2.190445 44.955231 -13.029744
v 2.190445 44.955231 -13.029744
v 5.297726 50.953251 -9.649887
v 4.987786 44.136490 -11.565893
v 4.987786 44.136490 -11.565893
v 5.297726 50.953251 -9.649887
v 7.273751 48.717800 -8.507323
v 8.414668 48.405010 -4.742078
v 8.996743 52.415970 -2.316796
v 8.089959 48.809792 -3.400432
v 8.089959 48.809792 -3.400432
v 8.996743 52.415970 -2.316796
v 8.243584 51.652420 -2.325779
v 8.243584 51.652420 -2.325779
v 8.996743 52.415970 -2.316796
v 7.166750 53.989059 -0.944882
v 7.166750 53.989059 -0.944882
v 8.996743 52.415970 -2.316796
v 8.915197 57.457260 0.692873
v 2.331161 40.392311 -12.558043
v 4.987786 44.136490 -11.565893
v 5.844342 40.833889 -8.880714
v 5.844342 40.833889 -8.880714
v 4.987786 44.136490 -11.565893
v 6.976815 44.329670 -8.380710
v 6.976815 44.329670 -8.380710
v 4.987786 44.136490 -11.565893
v 7.984190 48.147430 -6.904994
v 7.984190 48.147430 -6.904994
v 4.987786 44.136490 -11.565893
v 7.273751 48.717800 -8.507323
v -14.290600 38.515640 17.100466
v -11.200090 40.778679 16.467276
v -14.668950 41.192661 13.424447
v -14.668950 41.192661 13.424447
v -11.200090 40.778679 16.467276
v -10.933800 43.943291 12.038357
v -10.933800 43.943291 12.038357
v -11.200090 40.778679 16.467276
v -5.591971 44.798851 10.692327
v -5.591971 44.798851 10.692327
v -11.200090 40.778679 16.467276
v -5.821967 41.128269 15.739837
v 9.317098 34.900249 21.258438
v 10.255930 37.117310 20.250288
v 7.697209 36.096180 19.883518
v 7.697209 36.096180 19.883518
v 10.255930 37.117310 20.250288
v 6.802269 40.631500 15.405538
v 6.802269 40.631500 15.405538
v 10.255930 37.117310 20.250288
v 12.287140 41.257050 16.075407
v 12.287140 41.257050 16.075407
v 10.255930 37.117310 20.250288
v 13.027530 39.076790 19.076586
v 12.784570 24.744059 -13.443842
v 15.173510 18.608549 -10.315031
v 13.696520 24.946461 -12.119022
v 13.696520 24.946461 -12.119022
v 15.173510 18.608549 -10.315031
v 14.971730 25.581221 -10.335011
v 14.971730 25.581221 -10.335011
v 15.173510 18.608549 -10.315031
v 16.393110 25.912399 -8.183989
v 16.393110 25.912399 -8.183989
v 15.173510 18.608549 -10.315031
v 17.285900 26.105591 -7.035726
v -8.954409 40.981071 -12.500003
v -10.272850 44.072090 -9.843474
v -6.480424 40.806290 -10.707943
v -6.480424 40.806290 -10.707943
v -10.272850 44.072090 -9.843474
v -5.747068 43.731701 -6.958628
v -5.747068 43.731701 -6.958628
v -10.272850 44.072090 -9.843474
v -4.765605 45.461189 -3.463632
v -4.765605 45.461189 -3.463632
v -10.272850 44.072090 -9.843474
v -11.131490 45.010422 -6.166711
v -12.096520 34.440281 -10.329593
v -12.508450 31.238880 -10.908432
v -14.745020 35.700600 -6.994844
v -14.745020 35.700600 -6.994844
v -12.508450 31.238880 -10.908432
v -15.902300 32.471600 -6.858968
v -15.902300 32.471600 -6.858968
v -12.508450 31.238880 -10.908432
v -15.425720 26.979530 -6.490536
v -17.350420 36.335369 9.119140
v -15.389310 41.183460 -0.483259
v -18.645580 35.654610 1.737709
v -18.645580 35.654610 1.737709
v -15.389310 41.183460 -0.483259
v -17.713369 34.026310 -2.809168
v -17.713369 34.026310 -2.809168
v -15.389310 41.183460 -0.483259
v -14.987400 39.315979 -4.319742
v -16.039450 15.719430 2.883702
v -12.697230 15.277861 14.366049
v -15.750180 15.774630 5.628545
v -15.750180 15.774630 5.628545
v -12.697230 15.277861 14.366049
v -13.996970 17.007362 12.872079
v -13.996970 17.007362 12.872079
v -12.697230 15.277861 14.366049
v -14.515450 20.429562 16.646547
v -14.515450 20.429562 16.646547
v -12.697230 15.277861 14.366049
v -14.005370 22.195852 16.427189
v -13.996970 17.007362 12.872079
v -14.505160 14.486711 13.179889
v -15.750180 15.774630 5.628545
v -15.750180 15.774630 5.628545
v -14.505160 14.486711 13.179889
v -15.726210 14.127931 8.901506
v -15.726210 14.127931 8.901506
v -14.505160 14.486711 13.179889
v -15.019760 8.175905 13.906049
v -15.019760 8.175905 13.906049
v -14.505160 14.486711 13.179889
v -15.229830 15.167471 15.937069
v -17.915020 14.229131 8.945520
v -15.019760 8.175905 13.906049
v -18.280609 14.505111 11.607019
v -18.280609 14.505111 11.607019
v -15.019760 8.175905 13.906049
v -17.069981 15.112271 13.963359
v -17.069981 15.112271 13.963359
v -15.019760 8.175905 13.906049
v -16.038771 15.305471 15.116879
v 19.245890 28.295050 -3.053710
v 15.471010 26.979530 -7.111831
v 16.761160 33.584728 -3.912594
v 16.761160 33.584728 -3.912594
v 15.471010 26.979530 -7.111831
v 14.761840 32.048420 -8.295962
v 14.761840 32.048420 -8.295962
v 15.471010 26.979530 -7.111831
v 12.036330 31.073290 -11.788052
v 17.641541 23.612562 15.316268
v 17.015881 15.305471 14.444149
v 19.908621 24.376101 12.109838
v 19.908621 24.376101 12.109838
v 17.015881 15.305471 14.444149
v 17.989149 15.112271 13.250319
v 17.989149 15.112271 13.250319
v 17.015881 15.305471 14.444149
v 15.946100 8.175905 13.283369
v 15.946100 8.175905 13.283369
v 17.015881 15.305471 14.444149
v 16.242571 15.167471 15.288119
v 11.872580 6.179626 5.684348
v 7.959040 5.112486 5.915860
v 15.165080 12.266410 2.662586
v 15.165080 12.266410 2.662586
v 7.959040 5.112486 5.915860
v 9.060349 8.879947 2.883823
v 9.060349 8.879947 2.883823
v 7.959040 5.112486 5.915860
v 3.148183 6.326807 5.505898
v 3.148183 6.326807 5.505898
v 7.959040 5.112486 5.915860
v 3.928389 3.962559 7.854811
v 11.007870 5.296479 9.795554
v 8.750248 4.726117 10.572850
v 7.355270 -0.103590 7.142471
v 7.355270 -0.103590 7.142471
v 8.750248 4.726117 10.572850
v 3.928389 3.962559 7.854811
v 3.928389 3.962559 7.854811
v 8.750248 4.726117 10.572850
v 3.148183 6.326807 5.505898
v 3.148183 6.326807 5.505898
v 8.750248 4.726117 10.572850
v 10.054390 8.047110 11.913909
v 15.165080 12.266410 2.662586
v 13.540370 9.868597 11.449709
v 11.872580 6.179626 5.684348
v 11.872580 6.179626 5.684348
v 13.540370 9.868597 11.449709
v 11.007870 5.296479 9.795554
v 11.007870 5.296479 9.795554
v 13.540370 9.868597 11.449709
v 8.750248 4.726117 10.572850
v 8.750248 4.726117 10.572850
v 13.540370 9.868597 11.449709
v 10.054390 8.047110 11.913909
v -3.252433 3.962565 7.999207
v -7.362607 5.112486 6.223958
v -2.573435 6.326807 5.620955
v -2.573435 6.326807 5.620955
v -7.362607 5.112486 6.223958
v -8.400599 8.534670 4.394974
v -8.400599 8.534670 4.394974
v -7.362607 5.112486 6.223958
v -14.434540 12.380040 3.559201
v -14.434540 12.380040 3.559201
v -7.362607 5.112486 6.223958
v -11.282690 6.179626 6.149971
v -9.199426 8.047110 12.301079
v -7.953804 4.726117 10.908750
v -2.573435 6.326807 5.620955
v -2.573435 6.326807 5.620955
v -7.953804 4.726117 10.908750
v -3.252433 3.962565 7.999207
v -3.252433 3.962565 7.999207
v -7.953804 4.726117 10.908750
v -6.706853 -0.103589 7.425244
v -6.706853 -0.103589 7.425244
v -7.953804 4.726117 10.908750
v -10.235070 5.296479 10.222720
v -7.575636 10.024981 16.370291
v 0.534084 7.007579 16.906940
v -9.887511 13.566771 18.202278
v -9.887511 13.566771 18.202278
v 0.534084 7.007579 16.906940
v 0.547164 8.433493 17.517929
v 0.547164 8.433493 17.517929
v 0.534084 7.007579 16.906940
v 11.002150 13.566771 17.782219
v 11.002150 13.566771 17.782219
v 0.534084 7.007579 16.906940
v 8.606174 10.024981 16.044889
v -6.040874 25.470842 24.535099
v 0.772822 19.804003 28.057579
v -1.663065 27.568321 25.532839
v -1.663065 27.568321 25.532839
v 0.772822 19.804003 28.057579
v 0.723422 29.021822 25.750269
v 0.723422 29.021822 25.750269
v 0.772822 19.804003 28.057579
v 3.116663 27.982302 25.565409
v 3.116663 27.982302 25.565409
v 0.772822 19.804003 28.057579
v 7.404263 25.066061 24.144077
v 3.786356 44.670040 12.345556
v 3.847657 42.158588 16.285326
v 6.388866 44.798851 10.451406
v 6.388866 44.798851 10.451406
v 3.847657 42.158588 16.285326
v 6.802269 40.631500 15.405538
v 6.802269 40.631500 15.405538
v 3.847657 42.158588 16.285326
v 7.697209 36.096180 19.883518
v 7.697209 36.096180 19.883518
v 3.847657 42.158588 16.285326
v 3.816175 37.604881 20.556728
v 3.786356 44.670040 12.345556
v 0.451463 44.992031 13.048006
v 3.847657 42.158588 16.285326
v 3.847657 42.158588 16.285326
v 0.451463 44.992031 13.048006
v 0.527543 42.581779 16.601416
v 0.527543 42.581779 16.601416
v 0.451463 44.992031 13.048006
v -2.818604 42.158588 16.419376
v -2.818604 42.158588 16.419376
v 0.451463 44.992031 13.048006
v -2.902945 44.670040 12.480076
v 0.527543 42.581779 16.601416
v -2.818604 42.158588 16.419376
v 0.614639 38.322449 20.669355
v 0.614639 38.322449 20.669355
v -2.818604 42.158588 16.419376
v -2.604325 37.604881 20.685839
v -2.604325 37.604881 20.685839
v -2.818604 42.158588 16.419376
v -6.474499 35.626999 20.071978
v -6.474499 35.626999 20.071978
v -2.818604 42.158588 16.419376
v -5.821967 41.128269 15.739837
v 11.352900 19.509611 19.810009
v 5.843014 10.576962 20.483810
v 11.002150 13.566771 17.782219
v 11.002150 13.566771 17.782219
v 5.843014 10.576962 20.483810
v 7.215515 9.243034 18.558100
v 7.215515 9.243034 18.558100
v 5.843014 10.576962 20.483810
v 0.578835 4.238553 18.997181
v 0.578835 4.238553 18.997181
v 5.843014 10.576962 20.483810
v 0.649579 11.524512 22.301380
v -2.641979 37.089710 -16.600111
v -3.467054 39.297581 -16.020523
v -1.459444 36.638939 -14.838373
v -1.459444 36.638939 -14.838373
v -3.467054 39.297581 -16.020523
v -1.425429 38.662819 -13.608502
v -1.425429 38.662819 -13.608502
v -3.467054 39.297581 -16.020523
v -4.637958 39.582760 -12.932643
v -4.637958 39.582760 -12.932643
v -3.467054 39.297581 -16.020523
v -5.932833 40.107140 -14.917323
v -6.066960 32.333599 -20.464191
v -7.553613 32.462391 -20.281492
v -5.213034 34.808250 -20.055092
v -5.213034 34.808250 -20.055092
v -7.553613 32.462391 -20.281492
v -6.662494 35.249821 -19.929432
v -6.662494 35.249821 -19.929432
v -7.553613 32.462391 -20.281492
v -8.629135 35.682190 -19.198202
v -8.629135 35.682190 -19.198202
v -7.553613 32.462391 -20.281492
v -9.076194 32.683189 -19.623522
v -8.301518 29.546158 -18.609621
v -8.588088 32.269211 -18.716452
v -8.564680 29.444967 -17.623102
v -8.564680 29.444967 -17.623102
v -8.588088 32.269211 -18.716452
v -9.119403 32.131210 -16.976551
v -9.119403 32.131210 -16.976551
v -8.588088 32.269211 -18.716452
v -8.925550 34.311481 -16.176172
v -8.925550 34.311481 -16.176172
v -8.588088 32.269211 -18.716452
v -7.856289 34.909451 -17.910803
v -6.743531 29.058588 -19.766941
v -7.442814 24.100098 -17.259602
v -7.917715 29.187399 -19.703121
v -7.917715 29.187399 -19.703121
v -7.442814 24.100098 -17.259602
v -9.101748 29.113789 -19.381721
v -9.101748 29.113789 -19.381721
v -7.442814 24.100098 -17.259602
v -9.788689 28.994198 -18.451033
v -9.788689 28.994198 -18.451033
v -7.442814 24.100098 -17.259602
v -10.031840 28.911398 -17.247751
v -0.341243 37.972851 -16.799194
v 1.272210 35.608608 -16.083641
v -1.459444 36.638939 -14.838373
v -1.459444 36.638939 -14.838373
v 1.272210 35.608608 -16.083641
v -1.293729 34.642670 -13.916783
v -1.293729 34.642670 -13.916783
v 1.272210 35.608608 -16.083641
v 3.454828 34.513870 -13.545783
v 3.454828 34.513870 -13.545783
v 1.272210 35.608608 -16.083641
v 4.366210 35.856991 -14.400563
v 4.071795 30.834078 -19.180141
v 6.054987 30.916878 -18.061852
v 3.647803 33.363949 -18.528181
v 3.647803 33.363949 -18.528181
v 6.054987 30.916878 -18.061852
v 5.776809 33.492741 -17.058943
v 5.776809 33.492741 -17.058943
v 6.054987 30.916878 -18.061852
v 6.981050 33.685921 -16.077803
v 6.981050 33.685921 -16.077803
v 6.054987 30.916878 -18.061852
v 6.774630 30.907679 -17.465061
v 0.291214 5.112486 5.563344
v 0.330630 2.187073 7.404373
v -6.178964 4.634127 11.267160
v -6.178964 4.634127 11.267160
v 0.330630 2.187073 7.404373
v -3.714217 1.837492 10.115730
v -3.714217 1.837492 10.115730
v 0.330630 2.187073 7.404373
v 0.345950 -0.867140 8.119878
v -10.197260 25.038483 22.036907
v 0.673678 20.650341 23.426878
v -7.418591 23.630962 24.064129
v -7.418591 23.630962 24.064129
v 0.673678 20.650341 23.426878
v 0.772822 19.804003 28.057579
v 0.772822 19.804003 28.057579
v 0.673678 20.650341 23.426878
v 8.793939 23.630962 23.738117
v 8.793939 23.630962 23.738117
v 0.673678 20.650341 23.426878
v 11.467740 25.029282 21.585169
v 12.404790 25.616961 -12.402572
v 6.852181 25.777248 -14.861722
v 12.380030 29.159800 -11.883442
v 12.380030 29.159800 -11.883442
v 6.852181 25.777248 -14.861722
v 7.132807 29.877338 -14.013842
v 7.132807 29.877338 -14.013842
v 6.852181 25.777248 -14.861722
v -0.163029 29.343767 -15.652642
v -0.163029 29.343767 -15.652642
v 6.852181 25.777248 -14.861722
v 0.006146 25.160938 -16.364151
v 0.006146 25.160938 -16.364151
v -7.627186 25.617788 -14.867672
v -0.163029 29.343767 -15.652642
v -0.163029 29.343767 -15.652642
v -7.627186 25.617788 -14.867672
v -7.382439 29.877338 -13.721951
v -7.382439 29.877338 -13.721951
v -7.627186 25.617788 -14.867672
v -12.541640 29.159800 -11.382292
v -12.541640 29.159800 -11.382292
v -7.627186 25.617788 -14.867672
v -12.305290 25.463629 -12.851962
v 15.463440 12.904400 0.070604
v 13.111610 11.257710 -1.040277
v 14.828450 11.248510 -0.519842
v 13.111610 11.257710 -1.040277
v 15.939430 20.070770 0.052981
v 15.618180 22.067030 -0.238144
v 15.618180 22.067030 -0.238144
v 13.111610 11.257710 -1.040277
v 15.463440 12.904400 0.070604
v 15.939430 20.070770 0.052981
v 13.111610 11.257710 -1.040277
v 15.618180 22.067030 -0.238144
vn -0.5253 -0.3320 0.7835
vn -0.9149 0.1983 0.3516
vn -0.4612 -0.0723 0.8843
vn 0.8006 0.5956 0.0660
vn 0.6048 0.7842 -0.1389
vn 0.9172 0.3661 0.1572
vn -0.8005 0.5956 0.0659
vn -0.5667 0.8156 -0.1168
vn -0.5398 0.8418 0.0002
vn 0.8403 0.4347 0.3241
vn 0.8403 0.4347 0.3240
vn 0.8440 0.1440 0.5167
vn 0.6733 -0.5853 0.4518
vn 0.9586 -0.0981 0.2672
vn 0.6734 -0.5853 0.4517
vn 0.6147 0.0366 0.7879
vn 0.9177 0.1533 0.3665
vn 0.8403 0.4346 0.3240
vn -0.9586 -0.0981 0.2673
vn -0.8556 0.3975 0.3317
vn -0.8557 0.3973 0.3317
vn -0.9586 -0.0981 0.2672
vn -0.8556 0.3974 0.3316
vn 0.8557 0.3973 0.3316
vn 0.8556 0.3974 0.3316
vn -0.9150 0.1982 0.3515
vn -0.8440 0.1440 0.5167
vn -0.9416 0.1546 0.2992
vn -0.9416 0.1546 0.2993
vn -0.8440 0.1440 0.5166
vn -0.9177 0.1533 0.3666
vn 0.9172 0.3661 0.1573
vn 0.6049 0.7841 -0.1389
vn 0.6020 0.6853 0.4098
vn 0.0551 0.7699 -0.6358
vn -0.9177 0.1534 0.3666
vn -0.9637 0.0553 0.2614
vn -0.9637 0.0553 0.2613
vn -0.9172 0.3661 0.1574
vn -0.8403 0.4346 0.3241
vn -0.8403 0.4347 0.3240
vn -0.6734 -0.5853 0.4517
vn -0.6733 -0.5853 0.4517
vn -0.8403 0.4346 0.3240
vn 0.5253 -0.3319 0.7835
vn 0.4365 0.2191 0.8726
vn 0.4365 0.2192 0.8726
vn 0.3126 -0.3902 0.8660
vn 0.6019 0.6854 0.4098
vn 0.9177 0.1534 0.3665
vn 0.6734 -0.5853 0.4516
vn 0.3640 0.9314 0.0061
vn 0.3641 0.9314 0.0061
vn -0.0000 0.9994 0.0342
vn -0.0000 0.9994 0.0343
vn 0.3640 0.9314 0.0060
vn 0.9636 0.0553 0.2614
vn 0.7040 -0.1353 0.6972
vn 0.8006 0.5956 0.0661
vn 0.8006 0.5956 0.0659
vn 0.7039 -0.1353 0.6973
vn 0.7039 -0.1352 0.6973
vn 0.9636 0.0553 0.2615
vn 0.7040 -0.1352 0.6973
vn 0.7040 -0.1352 0.6972
vn 0.6954 0.6959 0.1793
vn 0.6954 0.6959 0.1794
vn 0.6519 0.6021 -0.4610
vn 0.6520 0.6021 -0.4609
vn 0.6953 0.6960 0.1793
vn 0.3483 0.0341 0.9368
vn 0.9637 0.0553 0.2614
vn 0.9416 0.1546 0.2993
vn -0.6734 -0.5852 0.4517
vn -0.9586 -0.0980 0.2673
vn -0.8440 0.1438 0.5166
vn 0.1880 -0.8384 -0.5117
vn -0.8402 0.4347 0.3242
vn -0.8402 0.4348 0.3241
vn 0.1879 -0.8382 -0.5120
vn -0.8404 0.4347 0.3239
vn 0.1879 -0.8382 -0.5119
vn 0.1880 -0.8382 -0.5119
vn -0.8403 0.4347 0.3239
vn -0.8556 0.3974 0.3318
vn -0.8556 0.3973 0.3318
vn -0.9586 -0.0982 0.2674
vn -0.9586 -0.0979 0.2674
vn -0.6020 0.6853 0.4098
vn -0.6148 0.0366 0.7878
vn -0.6733 -0.5853 0.4518
vn -0.6147 0.0365 0.7879
vn -0.6147 0.0366 0.7879
vn -0.9172 0.3661 0.1573
vn -0.6019 0.6854 0.4099
vn -0.6048 0.7842 -0.1388
vn -0.6019 0.6853 0.4098
vn -0.6019 0.6853 0.4099
vn -0.8557 0.3973 0.3316
vn -0.6148 0.0366 0.7879
vn -0.6020 0.6854 0.4098
vn 0.0550 0.7699 -0.6357
vn -0.1871 -0.8381 -0.5124
vn -0.1880 -0.8382 -0.5119
vn 0.0550 0.7700 -0.6357
vn -0.1881 -0.8382 -0.5119
vn -0.1879 -0.8382 -0.5119
vn 0.1142 -0.6793 -0.7249
vn 0.1141 -0.6794 -0.7248
vn 0.7937 -0.1317 -0.5938
vn 0.1142 -0.6793 -0.7250
vn 0.7938 -0.1317 -0.5938
vn 0.1141 -0.6793 -0.7249
vn 0.7937 -0.1319 -0.5938
vn 0.5275 0.5097 -0.6796
vn 0.5275 0.5098 -0.6797
vn 0.5274 0.5098 -0.6796
vn 0.5275 0.5098 -0.6796
vn 0.0551 0.7700 -0.6357
vn 0.0551 0.7700 -0.6356
vn 0.0552 0.7700 -0.6356
vn 0.0551 0.7699 -0.6357
vn 0.6049 0.7841 -0.1388
vn 0.0550 0.7699 -0.6358
vn -0.1880 -0.8382 -0.5120
vn 0.1140 -0.6794 -0.7249
vn -0.8557 0.3973 0.3315
vn -0.6019 0.6853 0.4100
vn -0.8556 0.3973 0.3317
vn -0.0551 0.7700 -0.6357
vn -0.6020 0.6852 0.4100
vn -0.8557 0.3974 0.3316
vn -0.9586 -0.0981 0.2674
vn -0.9586 -0.0980 0.2674
vn -0.9587 -0.0980 0.2670
vn -0.6733 -0.5854 0.4516
vn -0.8557 0.3974 0.3315
vn -0.0001 0.8921 0.4519
vn -0.0000 0.8921 0.4518
vn 0.6954 0.6959 0.1792
vn 0.3640 0.9314 0.0059
vn -0.6734 -0.5853 0.4516
vn -0.9177 0.1533 0.3665
vn -0.8440 0.1439 0.5167
vn -0.9177 0.1534 0.3665
vn -0.6733 -0.5854 0.4517
vn -0.9172 0.3660 0.1573
vn -0.6018 0.6854 0.4099
vn -0.6021 0.6853 0.4098
vn -0.9586 -0.0982 0.2673
vn -0.9586 -0.0981 0.2671
vn -0.6733 -0.5853 0.4516
vn 0.8557 0.3974 0.3316
vn 0.5275 0.5097 -0.6797
vn 0.9586 -0.0983 0.2672
vn 0.1143 -0.6793 -0.7249
vn 0.6735 -0.5851 0.4517
vn 0.9586 -0.0980 0.2672
vn 0.1141 -0.6792 -0.7250
vn 0.6734 -0.5852 0.4518
vn 0.6733 -0.5853 0.4517
vn 0.8402 0.4348 0.3241
vn 0.8441 0.1438 0.5166
vn 0.8402 0.4347 0.3242
vn 0.8556 0.3974 0.3317
vn 0.8556 0.3973 0.3316
vn 0.0549 0.7699 -0.6357
vn 0.8557 0.3973 0.3315
vn -0.8556 0.3974 0.3317
vn -0.8555 0.3975 0.3318
vn 0.1880 -0.8382 -0.5120
vn -0.0551 0.7699 -0.6357
vn -0.6736 -0.5865 0.4498
vn -0.8402 0.4347 0.3240
vn -0.9587 -0.0981 0.2670
vn -0.8557 0.3975 0.3314
vn -0.8555 0.3976 0.3316
vn -0.9586 -0.0982 0.2672
vn -0.0000 0.9994 0.0341
vn -0.3640 0.9314 0.0061
vn -0.3641 0.9314 0.0060
vn -0.3640 0.9314 0.0060
vn -0.5398 0.8418 0.0003
vn -0.5397 0.8418 0.0003
vn -0.5666 0.8157 -0.1168
vn -0.6954 0.6959 0.1793
vn -0.3641 0.9313 0.0060
vn -0.6955 0.6958 0.1793
vn -0.0001 0.9994 0.0342
vn -0.0000 0.8921 0.4519
vn -0.0000 0.2652 0.9642
vn -0.0001 -0.4780 0.8783
vn -0.3125 -0.3903 0.8660
vn -0.4366 0.2191 0.8726
vn -0.3124 -0.3903 0.8661
vn -0.4365 0.2192 0.8726
vn -0.3125 -0.3904 0.8660
vn -0.4365 0.2191 0.8726
vn -0.5253 -0.3319 0.7835
vn 0.6733 -0.5854 0.4517
vn 0.6019 0.6854 0.4099
vn 0.6148 0.0366 0.7879
vn 0.6742 -0.5852 0.4506
vn 0.8556 0.3975 0.3316
vn 0.9587 -0.0980 0.2671
vn 0.9176 0.1533 0.3666
vn 0.9149 0.1983 0.3515
vn 0.9416 0.1546 0.2992
vn 0.9149 0.1983 0.3516
vn 0.8440 0.1439 0.5167
vn 0.7844 0.2211 0.5795
vn 0.5253 -0.3320 0.7835
vn 0.7844 0.2212 0.5795
vn 0.5398 0.8418 0.0002
vn 0.9636 0.0554 0.2614
vn 0.8006 0.5955 0.0660
vn 0.9172 0.3660 0.1573
vn 0.9637 0.0553 0.2613
vn 0.9177 0.1534 0.3666
vn -0.7039 -0.1352 0.6973
vn -0.7039 -0.1353 0.6973
vn -0.9636 0.0553 0.2614
vn -0.7040 -0.1353 0.6972
vn -0.9636 0.0553 0.2615
vn -0.7040 -0.1352 0.6972
vn -0.3483 0.0341 0.9367
vn -0.3482 0.0341 0.9368
vn -0.4613 -0.0721 0.8843
vn -0.9415 0.1546 0.2993
vn -0.3483 0.0340 0.9368
vn -0.4613 -0.0722 0.8843
vn -0.3483 0.0341 0.9368
vn -0.6520 0.6021 -0.4610
vn -0.6954 0.6959 0.1795
vn -0.6953 0.6960 0.1793
vn -0.6519 0.6021 -0.4610
vn -0.6953 0.6960 0.1792
vn -0.6954 0.6959 0.1792
vn -0.0001 0.8921 0.4518
vn 0.7938 -0.1317 -0.5937
vn 0.7938 -0.1318 -0.5938
vn 0.7937 -0.1318 -0.5938
vn 0.6019 0.6853 0.4098
vn 0.6019 0.6853 0.4099
vn 0.6734 -0.5852 0.4517
vn -0.6520 0.6021 -0.4609
vn -0.6520 0.6021 -0.4608
vn -0.8005 0.5956 0.0660
vn -0.6020 0.6853 0.4099
vn -0.6146 0.0365 0.7880
vn 0.6520 0.6020 -0.4610
vn 0.0001 0.4559 -0.8900
vn -0.0000 0.4559 -0.8900
vn -0.0000 0.4558 -0.8901
vn 0.6520 0.6020 -0.4609
vn 0.6953 0.6960 0.1792
vn 0.5667 0.8156 -0.1169
vn 0.6048 0.7842 -0.1388
vn 0.5666 0.8156 -0.1168
vn 0.5667 0.8156 -0.1168
vn 0.8005 0.5957 0.0660
vn 0.5398 0.8418 0.0001
vn 0.5666 0.8157 -0.1168
vn 0.5252 -0.3320 0.7835
vn 0.4613 -0.0723 0.8843
vn 0.4613 -0.0722 0.8843
vn 0.4612 -0.0721 0.8844
vn 0.3484 0.0341 0.9367
vn 0.5398 0.8418 0.0003
vn 0.8005 0.5956 0.0660
vn 0.5397 0.8418 0.0003
vn -0.6519 0.6020 -0.4610
vn 0.9172 0.3661 0.1574
vn 0.6147 0.0365 0.7879
vn -0.8006 0.5956 0.0660
vn -0.8006 0.5956 0.0659
vn -0.6148 0.0365 0.7879
vn -0.6048 0.7842 -0.1389
vn -0.5388 0.8424 0.0019
vn -0.8006 0.5955 0.0660
vn -0.7040 -0.1352 0.6973
vn -0.9636 0.0554 0.2614
vn 0.4409 0.8928 -0.0918
vn 0.0001 0.9781 -0.2082
vn -0.0000 0.9781 -0.2082
vn 0.6519 0.6021 -0.4609
vn 0.0552 0.7699 -0.6358
vn 0.4410 0.8928 -0.0917
vn -0.0000 -0.4779 0.8784
vn -0.0001 0.2652 0.9642
vn 0.3125 -0.3903 0.8660
vn 0.3125 -0.3903 0.8661
vn -0.7844 0.2212 0.5795
vn -0.7844 0.2212 0.5794
vn -0.9149 0.1983 0.3517
vn -0.9149 0.1983 0.3515
vn -0.7845 0.2212 0.5794
vn 0.0001 0.4558 -0.8901
vn -0.0000 0.9781 -0.2083
vn -0.0001 0.9781 -0.2082
vn -0.4409 0.8929 -0.0917
vn -0.4409 0.8928 -0.0918
vn -0.6520 0.6020 -0.4609
vn -0.4410 0.8928 -0.0917
vn -0.0550 0.7699 -0.6357
vn -0.0552 0.7699 -0.6358
vn -0.6049 0.7841 -0.1388
vn -0.5275 0.5098 -0.6796
vn -0.5276 0.5096 -0.6797
vn -0.6048 0.7841 -0.1389
vn -0.4608 -0.8703 -0.1738
vn -0.4624 -0.7776 0.4260
vn -0.2643 -0.9644 -0.0115
vn 0.4623 -0.7777 0.4259
vn 0.4608 -0.8703 -0.1738
vn 0.2643 -0.9644 -0.0115
vn -0.1327 -0.5300 0.8375
vn -0.1326 -0.5300 0.8376
vn -0.1325 -0.5303 0.8374
vn 0.1101 -0.6669 0.7370
vn -0.1327 -0.5303 0.8374
vn -0.1324 -0.5301 0.8375
vn 0.1101 -0.6668 0.7371
vn -0.3131 -0.1198 0.9421
vn -0.0002 -0.0922 0.9957
vn -0.3130 -0.1197 0.9422
vn -0.3129 -0.1199 0.9422
vn -0.0001 -0.0922 0.9957
vn -0.3129 -0.1198 0.9422
vn -0.3131 -0.1196 0.9421
vn -0.0000 -0.0922 0.9957
vn -0.3131 -0.1196 0.9422
vn 0.0002 -0.0922 0.9957
vn -0.3130 -0.1198 0.9422
vn 0.0002 -0.0923 0.9957
vn 0.5114 0.2125 -0.8327
vn 0.4630 -0.0031 -0.8863
vn 0.2906 -0.5943 -0.7499
vn 0.4632 -0.0032 -0.8863
vn 0.7894 -0.1446 -0.5966
vn -0.4631 -0.0031 -0.8863
vn -0.7893 -0.1446 -0.5967
vn -0.6414 -0.0438 -0.7659
vn 0.4631 -0.0032 -0.8863
vn 0.0001 0.0520 -0.9986
vn 0.4409 0.8929 -0.0918
vn 0.6520 0.6019 -0.4610
vn 0.6813 0.7145 -0.1592
vn 0.5452 0.6245 0.5592
vn 0.5274 0.5098 -0.6797
vn -0.0001 0.9781 -0.2081
vn 0.6521 0.6020 -0.4608
vn 0.4408 0.8929 -0.0916
vn -0.4409 0.8929 -0.0919
vn -0.6813 0.7145 -0.1591
vn -0.4409 0.8928 -0.0919
vn -0.4409 0.8929 -0.0918
vn 0.0001 0.9781 -0.2081
vn -0.4408 0.8929 -0.0916
vn -0.4410 0.8928 -0.0915
vn -0.8529 -0.2393 -0.4640
vn -0.0402 0.9605 0.2755
vn -0.5274 0.5098 -0.6796
vn 0.8440 0.1441 0.5167
vn -0.9091 -0.3614 -0.2071
vn -0.7894 -0.1447 -0.5966
vn 0.1327 -0.5302 0.8374
vn -0.5254 -0.3319 0.7835
vn -0.9479 0.3176 -0.0258
vn -0.9479 0.3177 -0.0259
vn -0.5452 0.6245 0.5592
vn -0.8531 -0.0516 0.5192
vn -0.7844 0.2211 0.5795
vn 0.9479 0.3174 -0.0258
vn 0.5452 0.6245 0.5593
vn 0.9479 0.3176 -0.0260
vn 0.8529 -0.2393 -0.4641
vn 0.8528 -0.2393 -0.4641
vn -0.1326 -0.5302 0.8375
vn -0.1326 -0.5301 0.8375
vn -0.0849 -0.2925 0.9525
vn -0.1326 -0.5302 0.8374
vn 0.4624 -0.7776 0.4259
vn 0.2643 -0.9644 -0.0116
vn 0.4623 -0.7777 0.4260
vn 0.1326 -0.5303 0.8374
vn 0.1326 -0.5302 0.8375
vn 0.0851 -0.2924 0.9525
vn -0.5344 -0.3000 -0.7902
vn -0.3954 -0.2622 -0.8803
vn -0.3954 -0.2623 -0.8803
vn -0.6414 -0.0439 -0.7659
vn -0.4629 -0.0031 -0.8864
vn -0.5343 -0.3001 -0.7903
vn -0.6415 -0.0438 -0.7659
vn -0.4631 -0.0032 -0.8863
vn 0.9092 -0.3613 -0.2070
vn 0.5464 -0.7306 -0.4095
vn 0.7824 -0.5976 0.1751
vn -0.2644 -0.9644 -0.0115
vn -0.0000 -0.8660 -0.5001
vn -0.0000 -0.8660 -0.5000
vn 0.0001 -0.8660 -0.5000
vn -0.0000 -0.8661 -0.4999
vn 0.7824 -0.5977 0.1751
vn 0.7824 -0.5977 0.1752
vn 0.4624 -0.7776 0.4260
vn 0.0849 -0.2925 0.9525
vn 0.0850 -0.2925 0.9525
vn 0.0850 -0.2924 0.9525
vn -0.0850 -0.2925 0.9525
vn 0.2533 -0.2135 0.9435
vn 0.2533 -0.2136 0.9435
vn 0.2534 -0.2135 0.9435
vn 0.1326 -0.5301 0.8375
vn 0.1326 -0.5302 0.8374
vn 0.1324 -0.5302 0.8374
vn 0.1326 -0.5304 0.8373
vn -0.2534 -0.2136 0.9435
vn -0.3130 -0.1199 0.9422
vn -0.2533 -0.2135 0.9435
vn -0.0000 -0.1500 0.9887
vn -0.0000 -0.1501 0.9887
vn -0.0000 -0.0921 0.9957
vn -0.0000 -0.1502 0.9887
vn -0.0000 0.2651 0.9642
vn 0.1327 -0.5303 0.8374
vn 0.1324 -0.5303 0.8374
vn 0.1324 -0.5301 0.8375
vn -0.3126 -0.3902 0.8660
vn -0.3127 -0.3903 0.8660
vn 0.0001 -0.4779 0.8784
vn -0.0001 -0.4779 0.8784
vn -0.0000 -0.4780 0.8784
vn -0.0000 -0.8500 0.5267
vn -0.0000 -0.8500 0.5268
vn -0.1327 -0.5302 0.8374
vn -0.0850 -0.2927 0.9524
vn -0.1325 -0.5301 0.8375
vn 0.8531 -0.0517 0.5192
vn 0.2532 -0.2135 0.9436
vn 0.2532 -0.2136 0.9436
vn 0.2532 -0.2136 0.9435
vn 0.1101 -0.6667 0.7372
vn 0.5283 -0.2457 0.8127
vn 0.5284 -0.2457 0.8127
vn 0.2535 -0.2115 0.9439
vn 0.5283 -0.2458 0.8127
vn 0.1102 -0.6667 0.7371
vn -0.0001 -0.8501 0.5266
vn 0.3125 -0.3904 0.8660
vn -0.0000 -0.4780 0.8783
vn -0.0001 -0.6134 -0.7897
vn -0.0000 -0.6135 -0.7897
vn -0.0001 0.7298 0.6836
vn -0.0000 0.7301 0.6834
vn -0.0000 -0.6136 -0.7896
vn -0.2398 0.6865 0.6864
vn -0.0000 0.7299 0.6835
vn -0.2398 0.6866 0.6864
vn -0.0000 0.4785 -0.8781
vn -0.2399 0.6866 0.6864
vn 0.2907 -0.5942 -0.7499
vn -0.0000 0.7300 0.6835
vn 0.2398 0.6865 0.6864
vn 0.2398 0.6866 0.6863
vn -0.0401 0.9604 0.2756
vn 0.0001 -0.8661 -0.4999
vn 0.4759 -0.5957 -0.6470
vn -0.4903 0.5665 -0.6623
vn -0.4904 0.5663 -0.6624
vn -0.4904 0.5665 -0.6623
vn 0.0001 0.9781 -0.2083
vn 0.0402 0.9604 0.2758
vn 0.2906 -0.5942 -0.7500
vn 0.0402 0.9604 0.2756
vn 0.2905 -0.5942 -0.7500
vn 0.0401 0.9605 0.2755
vn 0.4904 0.5665 -0.6623
vn 0.4903 0.5665 -0.6623
vn 0.5453 0.6245 0.5592
vn 0.4903 0.5665 -0.6624
vn 0.5451 0.6245 0.5593
vn 0.6813 0.7145 -0.1590
vn -0.7064 0.1685 -0.6874
vn -0.8528 -0.2392 -0.4641
vn -0.8529 -0.2392 -0.4641
vn -0.5452 0.6245 0.5593
vn -0.5454 0.6244 0.5592
vn -0.9465 0.3216 -0.0262
vn -0.8529 -0.2393 -0.4641
vn -0.9479 0.3175 -0.0258
vn -0.8529 -0.2391 -0.4640
vn -0.8527 -0.2392 -0.4643
vn -0.5451 0.6246 0.5593
vn -0.8528 -0.2393 -0.4642
vn -0.6414 -0.0438 -0.7660
vn -0.7064 0.1684 -0.6874
vn 0.9479 0.3175 -0.0257
vn 0.9479 0.3175 -0.0258
vn 0.9479 0.3176 -0.0259
vn 0.9478 0.3177 -0.0258
vn 0.9479 0.3176 -0.0257
vn 0.9478 0.3177 -0.0259
vn 0.9479 0.3174 -0.0260
vn 0.9479 0.3174 -0.0259
vn 0.4846 -0.1322 -0.8647
vn 0.8527 -0.2393 -0.4643
vn 0.7066 0.1684 -0.6873
vn 0.7894 -0.1445 -0.5966
vn 0.6414 -0.0438 -0.7659
vn 0.4631 -0.0031 -0.8863
vn 0.6415 -0.0438 -0.7659
vn 0.9091 -0.3613 -0.2071
vn 0.6414 -0.0438 -0.7660
vn 0.3126 -0.3904 0.8660
vn -0.4624 -0.7776 0.4259
vn -0.4624 -0.7777 0.4260
vn -0.4614 -0.0722 0.8842
vn -0.5254 -0.3318 0.7835
vn -0.4612 -0.0721 0.8843
vn -0.4364 0.2191 0.8726
vn -0.4364 0.2192 0.8726
vn -0.5284 -0.2458 0.8127
vn 0.4614 -0.0721 0.8843
vn 0.5253 -0.3318 0.7836
vn 0.4614 -0.0720 0.8843
vn 0.4366 0.2190 0.8726
vn 0.7844 0.2210 0.5795
vn 0.8530 -0.0516 0.5193
vn 0.7843 0.2210 0.5796
vn 0.9415 0.1547 0.2993
vn 0.4613 -0.0721 0.8843
vn 0.9416 0.1545 0.2992
vn 0.7843 0.2193 0.5804
vn -0.0001 -0.8661 -0.4999
vn -0.0000 -0.8661 -0.4998
vn -0.2643 -0.9644 -0.0116
vn -0.2642 -0.9644 -0.0116
vn -0.2643 -0.9644 -0.0117
vn -0.2643 -0.9644 -0.0114
vn -0.2644 -0.9643 -0.0115
vn -0.0001 -0.9996 0.0290
vn -0.0001 -0.5796 0.8149
vn -0.0000 -0.5794 0.8150
vn -0.0000 -0.5795 0.8150
vn -0.2644 -0.9643 -0.0114
vn -0.4625 -0.7776 0.4259
vn 0.0850 -0.2926 0.9525
vn -0.0000 -0.5796 0.8149
vn -0.2644 -0.9643 -0.0116
vn -0.2645 -0.9643 -0.0115
vn -0.0001 -0.9996 0.0288
vn 0.3955 -0.2622 -0.8802
vn 0.5344 -0.3000 -0.7902
vn 0.4632 -0.0031 -0.8863
vn 0.5343 -0.3001 -0.7902
vn -0.5344 -0.2999 -0.7903
vn -0.5464 -0.7305 -0.4096
vn -0.5465 -0.7305 -0.4096
vn -0.6414 -0.0439 -0.7660
vn -0.4631 -0.0030 -0.8863
vn -0.5343 -0.3000 -0.7902
vn -0.5465 -0.7304 -0.4096
vn -0.4759 -0.5957 -0.6471
vn -0.4760 -0.5957 -0.6470
vn -0.4608 -0.8703 -0.1739
vn -0.4760 -0.5956 -0.6471
vn 0.1102 -0.6668 0.7371
vn -0.1326 -0.5303 0.8374
vn 0.4364 0.2191 0.8726
vn 0.4364 0.2192 0.8726
vn 0.2532 -0.2135 0.9435
vn 0.5284 -0.2458 0.8127
vn 0.4365 0.2190 0.8727
vn 0.4364 0.2193 0.8726
vn 0.3130 -0.1198 0.9422
vn 0.2535 -0.2133 0.9435
vn 0.4363 0.2191 0.8727
vn 0.3129 -0.1196 0.9422
vn 0.4364 0.2190 0.8727
vn 0.5282 -0.2457 0.8128
vn 0.2532 -0.2134 0.9436
vn 0.5282 -0.2459 0.8127
vn 0.2533 -0.2137 0.9435
vn 0.1102 -0.6666 0.7372
vn 0.5282 -0.2458 0.8128
vn 0.5282 -0.2458 0.8127
vn 0.3129 -0.1199 0.9422
vn 0.2532 -0.2137 0.9435
vn 0.3130 -0.1197 0.9422
vn 0.2533 -0.2134 0.9436
vn 0.2533 -0.2133 0.9436
vn 0.1120 -0.6669 0.7366
vn 0.3125 -0.3902 0.8661
vn 0.1104 -0.6668 0.7370
vn 0.1102 -0.6668 0.7370
vn 0.1101 -0.6666 0.7372
vn 0.1100 -0.6668 0.7371
vn 0.1101 -0.6667 0.7371
vn 0.1103 -0.6667 0.7371
vn 0.1104 -0.6667 0.7371
vn 0.1100 -0.6667 0.7372
vn -0.0000 -0.8501 0.5267
vn 0.0001 -0.8501 0.5266
vn -0.0001 -0.8500 0.5267
vn -0.0001 -0.8499 0.5269
vn -0.0002 -0.8500 0.5268
vn -0.0002 -0.8500 0.5267
vn 0.2535 -0.2137 0.9435
vn 0.2534 -0.2136 0.9435
vn -0.0000 0.2750 -0.9614
vn -0.0001 -0.6136 -0.7897
vn 0.5114 0.2125 -0.8326
vn -0.2401 0.6864 0.6864
vn 0.0001 -0.6135 -0.7897
vn 0.0001 0.2750 -0.9614
vn -0.0005 0.0509 -0.9987
vn 0.4630 -0.0032 -0.8863
vn 0.5113 0.2125 -0.8327
vn 0.7894 -0.1445 -0.5967
vn -0.4630 -0.0032 -0.8863
vn -0.0000 0.0521 -0.9986
vn -0.0000 0.2749 -0.9615
vn -0.5114 0.2125 -0.8326
vn -0.4630 -0.0031 -0.8863
vn -0.0001 0.2751 -0.9614
vn -0.5114 0.2125 -0.8327
vn -0.2906 -0.5943 -0.7499
vn -0.5114 0.2124 -0.8327
vn -0.7894 -0.1445 -0.5966
vn -0.7894 -0.1445 -0.5967
vn -0.5115 0.2125 -0.8326
vn 0.0001 -0.2095 -0.9778
vn -0.0000 -0.2095 -0.9778
vn -0.0001 0.0520 -0.9986
vn -0.0000 -0.2094 -0.9778
vn 0.3955 -0.2623 -0.8802
vn -0.0000 0.0520 -0.9986
vn 0.3954 -0.2623 -0.8803
vn -0.0000 -0.4436 -0.8962
vn -0.0000 -0.4435 -0.8963
vn 0.3954 -0.2623 -0.8802
vn -0.6413 -0.0438 -0.7660
vn -0.4632 -0.0031 -0.8863
vn 0.0026 0.0465 -0.9989
vn -0.3955 -0.2623 -0.8802
vn 0.0001 0.0521 -0.9986
vn -0.3955 -0.2622 -0.8803
vn -0.0001 -0.2095 -0.9778
vn -0.4904 0.5666 -0.6621
vn -0.0002 0.9781 -0.2082
vn -0.0000 0.9781 -0.2081
vn -0.0001 0.4560 -0.8900
vn 0.2396 0.6867 0.6864
vn -0.4906 0.5658 -0.6627
vn 0.2397 0.6867 0.6863
vn 0.2398 0.6864 0.6866
vn -0.0001 0.4784 -0.8782
vn -0.0000 0.4783 -0.8782
vn -0.0000 0.4784 -0.8781
vn -0.2399 0.6864 0.6865
vn -0.2398 0.6864 0.6865
vn 0.4903 0.5667 -0.6622
vn 0.4904 0.5666 -0.6622
vn -0.4903 0.5666 -0.6623
vn 0.2398 0.6866 0.6864
vn -0.0401 0.9605 0.2755
vn 0.2399 0.6865 0.6864
vn -0.0402 0.9604 0.2756
vn -0.0402 0.9605 0.2754
vn -0.8528 -0.2393 -0.4641
vn 0.6813 0.7145 -0.1591
vn 0.5453 0.6246 0.5591
vn 0.0403 0.9605 0.2754
vn 0.0402 0.9604 0.2755
vn -0.0400 0.9604 0.2756
vn -0.5453 0.6246 0.5591
vn -0.5274 0.5099 -0.6796
vn -0.0403 0.9604 0.2756
vn -0.5453 0.6245 0.5592
vn -0.5274 0.5098 -0.6797
vn -0.8440 0.1441 0.5167
vn -0.7938 -0.1320 -0.5937
vn -0.5274 0.5097 -0.6797
vn -0.7937 -0.1318 -0.5938
vn -0.5275 0.5097 -0.6796
vn -0.7938 -0.1317 -0.5938
vn -0.9479 0.3175 -0.0259
vn -0.9480 0.3174 -0.0259
vn -0.5452 0.6244 0.5593
vn -0.9479 0.3174 -0.0260
vn -0.9478 0.3177 -0.0258
vn -0.9479 0.3176 -0.0256
vn -0.5276 0.5097 -0.6796
vn -0.7063 0.1685 -0.6875
vn -0.8529 -0.2392 -0.4640
vn -0.7066 0.1684 -0.6873
vn -0.8528 -0.2392 -0.4643
vn -0.8527 -0.2394 -0.4643
vn -0.8528 -0.2393 -0.4643
vn -0.7938 -0.1318 -0.5937
vn -0.1143 -0.6793 -0.7249
vn -0.1144 -0.6794 -0.7248
vn -0.8531 -0.0517 0.5191
vn -0.1144 -0.6793 -0.7249
vn -0.7064 0.1684 -0.6875
vn -0.7065 0.1685 -0.6874
vn -0.7064 0.1687 -0.6874
vn -0.7894 -0.1446 -0.5966
vn -0.9092 -0.3613 -0.2071
vn -0.7894 -0.1446 -0.5965
vn -0.1142 -0.6793 -0.7249
vn -0.1142 -0.6794 -0.7248
vn -0.1142 -0.6792 -0.7250
vn -0.9091 -0.3614 -0.2070
vn -0.1144 -0.6792 -0.7250
vn -0.8531 -0.0517 0.5192
vn -0.7825 -0.5976 0.1751
vn -0.7824 -0.5977 0.1750
vn -0.7824 -0.5977 0.1751
vn -0.1143 -0.6792 -0.7250
vn -0.1142 -0.6794 -0.7249
vn -0.9092 -0.3614 -0.2070
vn -0.9092 -0.3613 -0.2070
vn -0.7824 -0.5976 0.1751
vn -0.7825 -0.5976 0.1750
vn -0.5253 -0.3321 0.7835
vn -0.7816 -0.5987 0.1752
vn -0.7824 -0.5976 0.1752
vn 0.7938 -0.1316 -0.5937
vn 0.9479 0.3175 -0.0259
vn 0.1144 -0.6792 -0.7250
vn 0.8528 -0.2392 -0.4641
vn 0.9275 0.0046 -0.3737
vn 0.8528 -0.2393 -0.4642
vn 0.8528 -0.2392 -0.4642
vn 0.8529 -0.2392 -0.4641
vn 0.6413 -0.0438 -0.7660
vn 0.7937 -0.1317 -0.5939
vn 0.1144 -0.6793 -0.7249
vn 0.9798 0.1724 0.1010
vn 0.9798 0.1724 0.1011
vn 0.9275 0.0045 -0.3738
vn 0.9091 -0.3614 -0.2071
vn 0.9275 0.0046 -0.3738
vn 0.9092 -0.3613 -0.2071
vn 0.6413 -0.0437 -0.7660
vn 0.7824 -0.5976 0.1752
vn 0.9798 0.1723 0.1011
vn 0.9092 -0.3614 -0.2070
vn 0.9091 -0.3614 -0.2070
vn 0.7894 -0.1447 -0.5966
vn 0.8531 -0.0516 0.5192
vn -0.5284 -0.2457 0.8127
vn -0.5283 -0.2457 0.8127
vn -0.4612 -0.0721 0.8844
vn -0.4614 -0.0721 0.8843
vn -0.9415 0.1547 0.2993
vn -0.8530 -0.0517 0.5193
vn -0.8530 -0.0518 0.5193
vn -0.8531 -0.0518 0.5192
vn -0.7844 0.2210 0.5795
vn -0.7845 0.2210 0.5794
vn -0.5254 -0.3319 0.7834
vn -0.8531 -0.0516 0.5191
vn -0.8531 -0.0517 0.5193
vn -0.8531 -0.0516 0.5193
vn -0.4365 0.2194 0.8726
vn -0.5254 -0.3320 0.7834
vn -0.5285 -0.2459 0.8126
vn -0.1100 -0.6668 0.7371
vn -0.4364 0.2193 0.8726
vn -0.5285 -0.2458 0.8126
vn -0.1099 -0.6668 0.7371
vn -0.5282 -0.2457 0.8128
vn 0.1327 -0.5299 0.8376
vn -0.1104 -0.6667 0.7371
vn 0.1328 -0.5301 0.8374
vn -0.8557 -0.0515 0.5150
vn -0.5283 -0.2458 0.8127
vn 0.1328 -0.5301 0.8375
vn -0.5283 -0.2456 0.8127
vn -0.1102 -0.6668 0.7370
vn -0.5284 -0.2458 0.8126
vn -0.1101 -0.6668 0.7371
vn -0.1101 -0.6667 0.7371
vn 0.1327 -0.5301 0.8375
vn -0.5254 -0.3321 0.7834
vn -0.5253 -0.3321 0.7834
vn -0.4624 -0.7777 0.4259
vn 0.1325 -0.5302 0.8374
vn -0.4623 -0.7777 0.4260
vn 0.1325 -0.5302 0.8375
vn -0.7824 -0.5977 0.1752
vn -0.7825 -0.5976 0.1749
vn -0.7825 -0.5975 0.1752
vn -0.8531 -0.0518 0.5191
vn -0.4625 -0.7775 0.4261
vn -0.8531 -0.0515 0.5192
vn -0.7825 -0.5976 0.1752
vn -0.4623 -0.7777 0.4259
vn 0.9415 0.1546 0.2994
vn 0.9416 0.1546 0.2991
vn 0.8529 -0.0523 0.5194
vn 0.7844 0.2211 0.5794
vn 0.5254 -0.3319 0.7834
vn 0.4614 -0.0722 0.8843
vn 0.7845 0.2212 0.5793
vn 0.8532 -0.0516 0.5191
vn 0.9416 0.1547 0.2992
vn 0.7845 0.2211 0.5793
vn 0.8531 -0.0515 0.5191
vn 0.8531 -0.0516 0.5191
vn 0.7844 0.2212 0.5794
vn 0.4624 -0.7775 0.4261
vn 0.4624 -0.7777 0.4259
vn 0.5254 -0.3321 0.7834
vn 0.7825 -0.5976 0.1750
vn 0.7825 -0.5976 0.1749
vn 0.7825 -0.5975 0.1750
vn 0.5254 -0.3320 0.7834
vn 0.5253 -0.3322 0.7834
vn 0.5253 -0.3321 0.7834
vn -0.1328 -0.5301 0.8375
vn 0.5285 -0.2456 0.8127
vn 0.8532 -0.0518 0.5190
vn 0.8532 -0.0518 0.5191
vn 0.7823 -0.5978 0.1752
vn 0.7823 -0.5977 0.1753
vn 0.7824 -0.5976 0.1749
vn 0.8530 -0.0517 0.5194
vn 0.8530 -0.0518 0.5193
vn 0.8530 -0.0517 0.5193
vn 0.5285 -0.2458 0.8126
vn 0.5255 -0.3319 0.7834
vn 0.1103 -0.6669 0.7370
vn -0.1327 -0.5301 0.8375
vn 0.5284 -0.2456 0.8127
vn 0.5284 -0.2459 0.8126
vn 0.1103 -0.6666 0.7372
vn -0.0000 -0.8501 0.5266
vn 0.0001 -0.8499 0.5269
vn 0.1102 -0.6669 0.7370
vn 0.2535 -0.2134 0.9435
vn -0.6415 -0.0439 -0.7659
vn -0.6414 -0.0437 -0.7659
vn -0.4608 -0.8703 -0.1740
vn -0.4607 -0.8703 -0.1740
vn -0.3954 -0.2625 -0.8802
vn -0.3956 -0.2623 -0.8802
vn -0.6415 -0.0440 -0.7659
vn -0.6415 -0.0437 -0.7659
vn -0.3954 -0.2624 -0.8802
vn -0.6416 -0.0439 -0.7658
vn -0.6413 -0.0437 -0.7660
vn -0.4759 -0.5957 -0.6470
vn -0.5343 -0.3000 -0.7903
vn -0.5343 -0.3001 -0.7902
vn -0.5465 -0.7305 -0.4095
vn -0.5462 -0.7307 -0.4096
vn -0.7823 -0.5977 0.1751
vn -0.5465 -0.7304 -0.4097
vn -0.4607 -0.8703 -0.1739
vn -0.4609 -0.8702 -0.1740
vn 0.5465 -0.7305 -0.4095
vn 0.4608 -0.8703 -0.1739
vn 0.4759 -0.5957 -0.6471
vn 0.3955 -0.2621 -0.8803
vn 0.3955 -0.2622 -0.8803
vn 0.4630 -0.0030 -0.8864
vn 0.3956 -0.2624 -0.8802
vn 0.4629 -0.0031 -0.8864
vn 0.4760 -0.5956 -0.6471
vn 0.4760 -0.5957 -0.6470
vn 0.5344 -0.3002 -0.7901
vn 0.3954 -0.2622 -0.8803
vn 0.4759 -0.5956 -0.6471
vn 0.5343 -0.3000 -0.7902
vn 0.5344 -0.3001 -0.7901
vn 0.5343 -0.3002 -0.7902
vn 0.5345 -0.3000 -0.7902
vn 0.4630 -0.0032 -0.8864
vn 0.4631 -0.0033 -0.8863
vn 0.5465 -0.7305 -0.4096
vn 0.5344 -0.3001 -0.7902
vn 0.5342 -0.3001 -0.7903
vn 0.5342 -0.3000 -0.7903
vn 0.5343 -0.3000 -0.7903
vn 0.5342 -0.3002 -0.7902
vn 0.5343 -0.3001 -0.7903
vn 0.5464 -0.7305 -0.4097
vn 0.5464 -0.7305 -0.4096
vn 0.5465 -0.7306 -0.4095
vn -0.0000 -0.9996 0.0290
vn -0.0000 -0.9996 0.0289
vn 0.0001 -0.5796 0.8149
vn 0.0001 -0.5797 0.8149
vn -0.2644 -0.9644 -0.0114
vn 0.0001 -0.9996 0.0291
vn -0.2642 -0.9644 -0.0115
vn 0.0001 -0.9996 0.0288
vn -0.2644 -0.9643 -0.0113
vn -0.2644 -0.9644 -0.0113
vn -0.2642 -0.9644 -0.0114
vn -0.2646 -0.9643 -0.0114
vn -0.0001 -0.5795 0.8150
vn -0.2644 -0.9644 -0.0116
vn -0.0029 -0.5809 0.8139
vn 0.0001 -0.5794 0.8150
vn 0.0001 -0.5795 0.8150
vn 0.4624 -0.7777 0.4260
vn -0.0000 -0.5795 0.8149
vn 0.4625 -0.7776 0.4259
vn 0.0002 -0.5794 0.8150
vn 0.0001 -0.9996 0.0290
vn -0.4624 -0.7777 0.4258
vn -0.4625 -0.7776 0.4260
vn -0.2644 -0.9643 -0.0117
vn -0.0001 -0.8660 -0.5000
vn 0.0001 -0.8660 -0.5001
vn 0.0113 -0.8653 -0.5012
vn -0.4609 -0.8703 -0.1738
vn 0.0001 -0.8659 -0.5002
vn -0.0001 -0.9996 0.0289
vn -0.0001 -0.9996 0.0291
vn -0.0000 -0.9996 0.0291
vn 0.0001 -0.9996 0.0289
vn 0.2644 -0.9644 -0.0116
vn 0.2644 -0.9643 -0.0116
vn 0.2643 -0.9644 -0.0114
vn 0.2644 -0.9643 -0.0115
vn 0.2643 -0.9644 -0.0117
vn 0.0001 -0.8500 0.5267
vn 0.5284 -0.2458 0.8126
vn -0.0001 -0.8660 -0.5001
vn 0.5283 -0.2459 0.8127
vn -0.1324 -0.5302 0.8375
vn 0.1103 -0.6668 0.7371
vn 0.0849 -0.2924 0.9525
vn 0.0851 -0.2925 0.9525
vn -0.1103 -0.6668 0.7370
vn -0.2533 -0.2136 0.9435
vn -0.2535 -0.2135 0.9435
vn -0.1102 -0.6667 0.7371
vn -0.2535 -0.2134 0.9435
vn -0.2534 -0.2135 0.9435
vn -0.2534 -0.2137 0.9435
vn -0.1102 -0.6666 0.7372
vn 0.0002 0.2652 0.9642
vn 0.0002 -0.1501 0.9887
vn 0.0002 -0.1500 0.9887
vn -0.3132 -0.1198 0.9421
vn -0.3130 -0.1195 0.9422
vn -0.3132 -0.1197 0.9421
vn -0.2533 -0.2134 0.9435
vn -0.2532 -0.2135 0.9436
vn -0.0000 -0.0923 0.9957
vn -0.3131 -0.1199 0.9421
vn -0.0000 -0.0921 0.9958
vn -0.0002 -0.1500 0.9887
vn -0.1102 -0.6668 0.7371
vn -0.3125 -0.3901 0.8661
vn -0.1102 -0.6669 0.7370
vn -0.3126 -0.3902 0.8661
vn -0.0002 -0.8501 0.5267
vn -0.0001 -0.8501 0.5267
vn -0.0001 -0.8500 0.5268
vn -0.1103 -0.6667 0.7371
vn -0.1104 -0.6668 0.7370
vn -0.1103 -0.6667 0.7372
vn -0.2534 -0.2133 0.9435
vn -0.1104 -0.6668 0.7371
vn -0.2534 -0.2134 0.9435
vn -0.2533 -0.2133 0.9436
vn -0.0000 -0.1498 0.9887
vn 0.0001 -0.1500 0.9887
vn 0.0002 -0.8501 0.5267
vn 0.0001 -0.8501 0.5267
vn -0.0001 -0.1500 0.9887
vn 0.7825 -0.5976 0.1751
vn 0.7824 -0.5977 0.1750
vn -0.4609 -0.8703 -0.1739
vn 0.0001 -0.8661 -0.4998
vn 0.2644 -0.9644 -0.0115
vn 0.0001 -0.5795 0.8149
vn -0.2645 -0.9643 -0.0116
vn -0.2643 -0.9644 -0.0113
vn 0.0849 -0.2926 0.9525
vn 0.5465 -0.7304 -0.4096
vn -0.3955 -0.2622 -0.8802
vn -0.5343 -0.3002 -0.7902
vn -0.4760 -0.5956 -0.6470
vn -0.5344 -0.3002 -0.7901
vn -0.9415 0.1545 0.2994
vn -0.7845 0.2209 0.5795
vn -0.0850 -0.2926 0.9525
vn 0.7827 -0.5974 0.1749
vn 0.0402 0.9605 0.2755
vn 0.7064 0.1685 -0.6875
vn 0.7065 0.1685 -0.6874
vn 0.4847 -0.1322 -0.8647
vn 0.4846 -0.1321 -0.8647
vn 0.0401 0.9605 0.2754
vn 0.7063 0.1685 -0.6875
vn 0.8529 -0.2392 -0.4640
vn 0.9478 0.3177 -0.0257
vn 0.8529 -0.2393 -0.4640
vn 0.5454 0.6244 0.5591
vn 0.5451 0.6246 0.5593
vn 0.8529 -0.2394 -0.4640
vn -0.8528 -0.2392 -0.4642
vn -0.6813 0.7145 -0.1590
vn -0.0550 0.7699 -0.6358
vn -0.4408 0.8929 -0.0918
vn -0.4408 0.8929 -0.0917
vn -0.0003 0.9781 -0.2081
vn -0.4903 0.5663 -0.6624
vn -0.0001 0.9781 -0.2080
vn -0.4905 0.5663 -0.6624
vn -0.4904 0.5665 -0.6622
vn -0.0550 0.7700 -0.6357
vn -0.5453 0.6244 0.5593
vn -0.6812 0.7146 -0.1591
vn 0.4408 0.8929 -0.0918
vn 0.0551 0.7701 -0.6356
vn 0.4408 0.8929 -0.0917
vn 0.6811 0.7147 -0.1592
vn 0.4905 0.5664 -0.6623
vn 0.0002 0.9781 -0.2081
vn 0.4902 0.5665 -0.6624
vn -0.2400 0.6865 0.6863
vn 0.0001 0.4784 -0.8781
vn 0.2905 -0.5943 -0.7500
vn 0.0001 0.4783 -0.8782
vn -0.0000 0.4784 -0.8782
vn -0.0401 0.9604 0.2755
vn 0.0001 -0.4436 -0.8962
vn -0.2907 -0.5942 -0.7499
vn -0.2905 -0.5942 -0.7501
vn -0.0000 0.7298 0.6836
vn -0.2906 -0.5942 -0.7500
vn -0.0002 -0.6135 -0.7897
vn 0.2535 -0.2135 0.9435
vn 0.4363 0.2192 0.8727
vn 0.2533 -0.2134 0.9435
vn 0.3130 -0.1199 0.9421
vn 0.2535 -0.2136 0.9435
vn 0.3130 -0.1199 0.9422
vn 0.3131 -0.1199 0.9421
vn -0.0000 -0.8499 0.5270
vn -0.0000 -0.4778 0.8785
vn -0.0001 -0.4778 0.8785
vn -0.0001 -0.4780 0.8784
vn -0.0000 0.2654 0.9641
vn -0.2535 -0.2136 0.9435
vn 0.4904 0.5664 -0.6623
vn -0.0000 0.9781 -0.2080
vn 0.0001 0.4560 -0.8900
vn -0.0000 0.0523 -0.9986
vn 0.0001 0.0522 -0.9986
vn -0.0000 0.0522 -0.9986
vn -0.4366 0.2192 0.8726
vn 0.0001 0.2652 0.9642
vn 0.3130 -0.1198 0.9421
vn -0.0551 0.7700 -0.6356
vn -0.6048 0.7842 -0.1387
vn 0.1878 -0.8382 -0.5120
vn -0.8705 0.3850 0.3068
vn -0.7429 0.2310 0.6283
vn -0.6586 0.6191 0.4278
vn -0.5179 -0.2107 0.8291
vn -0.5361 -0.0261 0.8437
vn -0.8837 -0.0094 0.4679
vt 0.336381 0.758947
vt 0.347981 0.748331
vt 0.334645 0.751344
vt 0.355326 0.717048
vt 0.366947 0.725091
vt 0.357993 0.725091
vt 0.358546 0.653313
vt 0.331168 0.650845
vt 0.185910 0.570719
vt 0.099930 0.587126
vt 0.217826 0.438237
vt 0.164140 0.381014
vt 0.212500 0.363983
vt 0.176179 0.227388
vt 0.011715 0.308657
vt 0.143430 0.509924
vt 0.367772 0.733878
vt 0.373594 0.734228
vt 0.363555 0.735896
vt 0.373488 0.729770
vt 0.207217 0.246794
vt 0.175523 0.118666
vt 0.161735 0.113052
vt 0.149831 0.120509
vt 0.403588 0.767856
vt 0.425306 0.778831
vt 0.395037 0.755223
vt 0.423952 0.755223
vt 0.363328 0.724764
vt 0.370926 0.724764
vt 0.347325 0.737847
vt 0.360131 0.735519
vt 0.270260 0.630972
vt 0.361603 0.720975
vt 0.365592 0.745212
vt 0.372133 0.745212
vt 0.368535 0.739202
vt 0.373742 0.739202
vt 0.384093 0.767856
vt 0.384220 0.778831
vt 0.362608 0.765145
vt 0.365084 0.778831
vt 0.020793 0.011313
vt 0.130236 0.011614
vt 0.324303 0.642147
vt 0.295535 0.644635
vt 0.318827 0.635958
vt 0.290558 0.620864
vt 0.345991 0.724266
vt 0.333311 0.724266
vt 0.342646 0.717048
vt 0.334645 0.717048
vt 0.346648 0.730276
vt 0.245343 0.632018
vt 0.352506 0.643401
vt 0.243208 0.592314
vt 0.379927 0.648357
vt 0.235242 0.605715
vt 0.245343 0.686686
vt 0.361338 0.747531
vt 0.368132 0.745375
vt 0.371921 0.741317
vt 0.369339 0.741676
vt 0.372747 0.731681
vt 0.372747 0.734515
vt 0.188383 0.297446
vt 0.130773 0.072818
vt 0.157345 0.278039
vt 0.156689 0.169316
vt 0.173561 0.086474
vt 0.366937 0.720648
vt 0.127658 -0.001147
vt 0.368471 0.728382
vt 0.372768 0.737307
vt 0.372027 0.726912
vt 0.371858 0.729762
vt 0.371138 0.728268
vt 0.368630 0.722829
vt 0.257582 0.578802
vt 0.340034 0.638425
vt 0.102065 0.565772
vt 0.024182 0.019820
vt 0.059974 0.083117
vt 0.367201 0.729770
vt 0.365021 0.726945
vt 0.302401 0.652079
vt 0.335280 0.758375
vt 0.321289 0.778831
vt 0.308715 0.778831
vt 0.307931 0.765145
vt 0.286319 0.778831
vt 0.286447 0.767856
vt 0.405282 0.778831
vt 0.111547 0.076554
vt 0.388183 0.655571
vt 0.411954 0.653313
vt 0.392399 0.648357
vt 0.235071 0.577209
vt 0.457503 0.765006
vt 0.482819 0.766362
vt 0.467980 0.778561
vt 0.482946 0.778561
vt 0.493382 0.778561
vt 0.493382 0.766909
vt 0.452401 0.778831
vt 0.459619 0.778561
vt 0.339831 0.778831
vt 0.352003 0.778831
vt 0.500479 0.517334
vt 0.500569 0.590257
vt 0.544382 0.590257
vt 0.690784 0.561663
vt 0.708858 0.517334
vt 0.676537 0.588538
vt 0.710564 0.518710
vt 0.668816 0.580970
vt 0.668816 0.518710
vt 0.701796 0.591049
vt 0.775031 0.280017
vt 0.732002 0.228651
vt 0.775031 0.342051
vt 0.775031 0.228651
vt 0.662442 0.138267
vt 0.610280 0.048144
vt 0.610459 0.138267
vt 0.775507 0.160295
vt 0.775031 0.091940
vt 0.512959 0.431682
vt 0.504430 0.444410
vt 0.515203 0.239397
vt 0.709038 0.216350
vt 0.707781 0.361166
vt 0.701137 0.538660
vt 0.516370 0.199151
vt 0.507572 0.555859
vt 0.506315 0.343279
vt 0.688927 0.153058
vt 0.615487 0.019937
vt 0.681924 0.170257
vt 0.632455 0.182984
vt 0.622669 0.020970
vt 0.522296 0.239053
vt 0.582718 0.355663
vt 0.506046 0.566867
vt 0.509368 0.456793
vt 0.693416 0.175073
vt 0.581012 0.221510
vt 0.554527 0.560331
vt 0.612435 0.476056
vt 0.575356 0.455417
vt 0.524540 0.232174
vt 0.517089 0.264508
vt 0.675460 0.456793
vt 0.711372 0.349471
vt 0.675819 0.349471
vt 0.527054 0.582346
vt 0.551564 0.582346
vt 0.515652 0.552420
vt 0.565300 0.107309
vt 0.587027 0.107309
vt 0.616654 0.027505
vt 0.533249 0.349471
vt 0.507123 0.349471
vt 0.567994 0.083918
vt 0.615397 0.029225
vt 0.589451 0.083918
vt 0.615397 0.027505
vt 0.656786 0.152714
vt 0.658132 0.083918
vt 0.503263 0.583034
vt 0.554886 0.480184
vt 0.554706 0.583034
vt 0.502634 0.480184
vt 0.707870 0.477776
vt 0.680847 0.579594
vt 0.676986 0.477776
vt 0.669086 0.148242
vt 0.683450 0.148242
vt 0.626440 0.006866
vt 0.635867 0.197088
vt 0.574548 0.148242
vt 0.598878 0.148242
vt 0.543933 0.522493
vt 0.582448 0.522493
vt 0.577510 0.584410
vt 0.731812 0.213637
vt 0.792357 0.213637
vt 0.792357 0.156739
vt 0.615397 0.059151
vt 0.581730 0.146522
vt 0.547883 0.146522
vt 0.577510 0.146522
vt 0.615128 0.146522
vt 0.700778 0.523869
vt 0.679231 0.575810
vt 0.667290 0.523525
vt 0.992176 0.350743
vt 0.992176 0.431348
vt 0.945529 0.385909
vt 0.992176 0.097471
vt 0.945244 0.067442
vt 0.992176 0.022003
vt 0.577959 0.151338
vt 0.564223 0.240429
vt 0.543035 0.151338
vt 0.521039 0.240429
vt 0.986559 0.448733
vt 0.958857 0.448733
vt 0.986559 0.330197
vt 0.958857 0.330197
vt 0.818822 0.319134
vt 0.818822 0.228651
vt 0.819298 0.125525
vt 0.859185 0.116832
vt 0.859185 0.013311
vt 0.818822 0.021608
vt 0.958857 0.228651
vt 0.986559 0.228651
vt 0.985322 0.122364
vt 0.957905 0.117622
vt 0.985322 0.013311
vt 0.957905 0.013311
vt 0.613961 0.580970
vt 0.613961 0.518710
vt 0.679859 0.141363
vt 0.698174 0.254876
vt 0.649783 0.141363
vt 0.664327 0.254876
vt 0.613961 0.346375
vt 0.613961 0.240429
vt 0.668816 0.346375
vt 0.662711 0.240429
vt 0.710564 0.346375
vt 0.699072 0.240429
vt 0.509008 0.346375
vt 0.558208 0.346375
vt 0.558208 0.518710
vt 0.558208 0.580970
vt 0.604265 0.204655
vt 0.550128 0.201559
vt 0.605701 0.028881
vt 0.538725 0.114188
vt 0.605881 0.469176
vt 0.674113 0.100429
vt 0.698892 0.225638
vt 0.652387 0.575122
vt 0.684797 0.575122
vt 0.652297 0.504950
vt 0.684797 0.536252
vt 0.647987 0.057775
vt 0.612435 0.027849
vt 0.669894 0.142395
vt 0.612435 0.144802
vt 0.526875 0.189176
vt 0.537558 0.147210
vt 0.581999 0.103525
vt 0.612345 0.092174
vt 0.579665 0.057775
vt 0.565570 0.142395
vt 0.560632 0.198464
vt 0.704591 0.573850
vt 0.703920 0.437530
vt 0.685695 0.586130
vt 0.703830 0.379054
vt 0.684258 0.328144
vt 0.694493 0.194336
vt 0.629403 0.320921
vt 0.631827 0.182640
vt 0.616654 0.328144
vt 0.616654 0.553796
vt 0.569251 0.288930
vt 0.617013 0.107309
vt 0.642241 0.107309
vt 0.570328 0.177137
vt 0.616654 0.191240
vt 0.661724 0.171289
vt 0.667649 0.107309
vt 0.706075 0.232174
vt 0.672767 0.280675
vt 0.534057 0.170945
vt 0.562427 0.277235
vt 0.551384 0.435810
vt 0.581640 0.162001
vt 0.673754 0.264508
vt 0.615397 0.322297
vt 0.615397 0.193304
vt 0.709576 0.332272
vt 0.710771 0.587485
vt 0.674024 0.433058
vt 0.677794 0.332272
vt 0.663609 0.170945
vt 0.525528 0.567899
vt 0.498953 0.528685
vt 0.516909 0.528685
vt 0.500569 0.435466
vt 0.615667 0.579594
vt 0.615667 0.477776
vt 0.584154 0.141363
vt 0.562427 0.254876
vt 0.550217 0.141363
vt 0.515383 0.254876
vt 0.615667 0.020281
vt 0.615667 0.141363
vt 0.615667 0.254876
vt 0.650950 0.146522
vt 0.615487 0.588538
vt 0.669535 0.431682
vt 0.792357 0.053613
vt 0.812158 0.213637
vt 0.826152 0.121178
vt 0.858900 0.069813
vt 0.858900 0.139749
vt 0.907165 0.063886
vt 0.907165 0.136588
vt 0.907165 0.334148
vt 0.987702 0.334148
vt 0.907165 0.418704
vt 0.987702 0.418704
vt 0.907165 0.288709
vt 0.987987 0.288709
vt 0.907165 0.213637
vt 0.987987 0.213637
vt 0.987702 0.213637
vt 0.670522 0.153058
vt 0.630929 0.153058
vt 0.624734 0.007210
vt 0.604803 0.153058
vt 0.587925 0.310257
vt 0.552911 0.268979
vt 0.586398 0.381461
vt 0.543484 0.345343
vt 0.636496 0.148242
vt 0.641164 0.429963
vt 0.686144 0.454041
vt 0.640625 0.358759
vt 0.695122 0.408292
vt 0.558208 0.446818
vt 0.613961 0.446818
vt 0.613961 0.151338
vt 0.648795 0.151338
vt 0.680039 0.151338
vt 0.614051 0.052616
vt 0.668816 0.446818
vt 0.509008 0.580970
vt 0.509008 0.518710
vt 0.509008 0.446818
vt 0.605701 0.501166
vt 0.605701 0.580970
vt 0.526605 0.577530
vt 0.504160 0.568931
vt 0.678961 0.584410
vt 0.701586 0.490159
vt 0.665405 0.321609
vt 0.704950 0.585889
vt 0.706344 0.382493
vt 0.617283 0.118660
vt 0.617283 0.259692
vt 0.649334 0.258316
vt 0.640087 0.118660
vt 0.688388 0.283771
vt 0.617283 0.351879
vt 0.650322 0.359103
vt 0.683450 0.386965
vt 0.549230 0.403820
vt 0.543663 0.250061
vt 0.558567 0.118660
vt 0.547165 0.118660
vt 0.585860 0.359103
vt 0.587655 0.258316
vt 0.597082 0.118660
vt 0.583077 0.504950
vt 0.617283 0.494287
vt 0.612794 0.057775
vt 0.551384 0.310945
vt 0.612435 0.254188
vt 0.612973 0.181609
vt 0.675370 0.181265
vt 0.686503 0.147210
vt 0.644935 0.103525
vt 0.515742 0.394876
vt 0.531453 0.586130
vt 0.513228 0.447161
vt 0.514665 0.564803
vt 0.557041 0.232174
vt 0.674562 0.461609
vt 0.664866 0.232174
vt 0.616654 0.232174
vt 0.616654 0.349471
vt 0.551474 0.456793
vt 0.616654 0.456793
vt 0.525528 0.456793
vt 0.542227 0.552420
vt 0.566737 0.552420
vt 0.616654 0.552420
vt 0.502724 0.456793
vt 0.499941 0.552420
vt 0.567994 0.170945
vt 0.615397 0.083918
vt 0.615397 0.170945
vt 0.639997 0.083918
vt 0.514934 0.247653
vt 0.533518 0.332272
vt 0.615397 0.332272
vt 0.552641 0.435466
vt 0.615397 0.435466
vt 0.675729 0.435466
vt 0.567096 0.528685
vt 0.539444 0.528685
vt 0.523643 0.435466
vt 0.503801 0.332272
vt 0.556322 0.371142
vt 0.503891 0.371142
vt 0.615667 0.370110
vt 0.671151 0.370110
vt 0.705626 0.370110
vt 0.710564 0.446818
vt 0.634251 0.409324
vt 0.595915 0.469176
vt 0.537828 0.502887
vt 0.634251 0.515958
vt 0.666931 0.525589
vt 0.626081 0.568587
vt 0.704908 0.263820
vt 0.585860 0.501510
vt 0.586488 0.568587
vt 0.603636 0.591977
vt 0.640805 0.522493
vt 0.626081 0.584410
vt 0.667200 0.546916
vt 0.704638 0.245245
vt 0.705267 0.381461
vt 0.683450 0.153058
vt 0.649334 0.419643
vt 0.639458 0.229422
vt 0.637842 0.319889
vt 0.592324 0.295122
vt 0.550038 0.282739
vt 0.576792 0.153058
vt 0.585411 0.394189
vt 0.539713 0.394189
vt 0.616654 0.464360
vt 0.640805 0.418611
vt 0.690992 0.480528
vt 0.858900 0.027140
vt 0.858900 0.103398
vt 0.907165 0.027140
vt 0.907165 0.103398
vt 0.792357 0.103003
vt 0.858900 0.213637
vt 0.858900 0.334148
vt 0.823106 0.296217
vt 0.858900 0.285944
vt 0.792357 0.268953
vt 0.987987 0.136588
vt 0.987987 0.063886
vt 0.987702 0.027140
vt 0.987702 0.103398
vt 0.987987 0.419889
vt 0.987987 0.363782
vt 0.907165 0.363782
vt 0.907165 0.419889
vt 0.858900 0.357855
vt 0.858900 0.418704
vt 0.792357 0.324270
vt 0.792357 0.382748
vt 0.703651 0.286523
vt 0.677974 0.146522
vt 0.574996 0.590257
vt 0.536930 0.590257
vt 0.552911 0.431682
vt 0.508200 0.285491
vt 0.558657 0.285491
vt 0.615308 0.286523
vt 0.545639 0.399004
vt 0.615397 0.399004
vt 0.615397 0.588538
vt 0.676268 0.399004
vt 0.670342 0.286523
vt 0.709756 0.399004
vt 0.684079 0.588538
vt 0.653464 0.146522
vt 0.859185 0.318739
vt 0.818822 0.423445
vt 0.859185 0.448733
vt 0.859185 0.228651
vt 0.915257 0.325060
vt 0.915257 0.228651
vt 0.914685 0.118808
vt 0.914685 0.013311
vt 0.915257 0.448733
vt 0.501467 0.399004
vt 0.653913 0.588538
vt 0.615397 0.528685
vt 0.615397 0.526277
vt 0.625004 0.320577
vt 0.706524 0.383869
vt 0.612345 0.591634
vt 0.582987 0.575122
vt 0.549589 0.575122
vt 0.549589 0.536252
vt 0.617283 0.575122
vt 0.521757 0.267604
vt 0.617283 0.132075
vt 0.524091 0.221854
vt 0.702663 0.221854
vt 0.704549 0.267604
vt 0.493975 0.757787
vt 0.393131 0.765578
vt 0.493975 0.778725
vt 0.393131 0.778725
vt 0.288267 0.778725
vt 0.288267 0.757787
vt 0.059059 0.054137
s 1
g off
usemtl batch_0005
f 1/1/1 2/2/2 3/3/3
f 4/4/4 5/5/5 6/6/6
f 7/4/7 8/7/8 9/8/9
f 10/9/10 11/9/11 12/10/12
f 13/11/13 14/12/13 15/13/14
f 16/13/14 17/12/15 18/14/16
f 19/15/17 20/16/13 21/10/12
f 22/10/12 23/16/15 24/9/18
f 25/17/19 26/18/19 27/19/20
f 28/19/21 29/18/22 30/20/23
f 31/21/24 32/22/16 33/23/24
f 34/23/25 35/22/16 36/24/16
f 37/25/26 38/26/27 39/27/28
f 40/27/29 41/26/30 42/28/31
f 43/6/32 44/5/33 45/29/34
f 46/29/34 47/5/5 48/30/35
f 49/31/28 50/32/36 51/33/37
f 52/33/38 53/32/36 54/34/39
f 55/35/40 56/36/41 57/37/42
f 58/37/43 59/36/44 60/38/19
f 61/39/45 62/40/45 63/41/46
f 64/41/47 65/40/45 66/42/48
f 67/43/32 68/44/49 69/15/50
f 70/15/50 71/44/34 72/16/51
f 73/45/52 74/46/53 75/47/54
f 76/47/55 77/46/56 78/48/55
f 79/49/57 80/50/58 81/51/59
f 82/51/60 83/50/61 84/52/62
f 85/53/57 86/54/58 87/49/57
f 88/49/63 89/54/64 90/50/65
f 91/55/66 92/56/67 93/57/68
f 94/57/69 95/56/70 96/58/70
f 97/54/64 98/53/57 99/59/71
f 100/59/71 101/53/72 102/31/73
f 103/37/74 104/38/19 105/17/19
f 106/17/19 107/38/19 108/18/75
f 109/60/76 110/61/77 111/35/78
f 112/35/79 113/61/80 114/36/79
f 115/62/43 116/36/81 117/63/82
f 118/63/83 119/36/84 120/61/82
f 121/64/85 122/20/86 123/65/87
f 124/65/87 125/20/85 126/18/88
f 127/66/23 128/66/23 129/67/89
f 130/67/89 131/66/23 132/67/23
f 133/68/90 134/69/90 135/12/91
f 136/12/74 137/69/92 138/70/93
f 139/34/94 140/71/95 141/5/96
f 142/5/96 143/71/97 144/30/98
f 145/11/43 146/11/43 147/13/22
f 148/13/22 149/11/43 150/13/22
f 151/13/22 152/13/22 153/66/99
f 154/66/99 155/13/22 156/66/99
f 157/12/43 158/70/100 159/16/42
f 160/16/42 161/70/100 162/72/101
f 163/73/102 164/5/33 165/61/103
f 166/63/104 167/73/105 168/61/106
f 169/63/107 170/61/107 171/36/108
f 172/62/108 173/63/104 174/36/109
f 175/62/108 176/36/108 177/38/108
f 178/74/110 179/62/108 180/38/111
f 181/74/112 182/38/113 183/18/112
f 184/65/112 185/74/112 186/18/112
f 187/65/112 188/18/114 189/20/115
f 190/64/116 191/65/112 192/20/117
f 193/64/117 194/20/118 195/75/119
f 196/76/120 197/64/118 198/75/121
f 199/76/105 200/75/105 201/30/105
f 202/77/120 203/76/120 204/30/119
f 205/30/122 206/5/123 207/73/105
f 208/77/119 209/30/119 210/73/119
f 211/77/35 212/73/124 213/63/125
f 214/62/126 215/77/102 216/63/104
f 217/71/89 218/78/99 219/75/127
f 220/30/98 221/71/98 222/75/99
f 223/30/128 224/75/129 225/76/86
f 226/77/130 227/30/131 228/76/132
f 229/38/133 230/36/41 231/62/43
f 232/74/134 233/38/88 234/62/43
f 235/74/135 236/62/136 237/77/130
f 238/76/137 239/74/22 240/77/130
f 241/79/138 242/56/66 243/55/66
f 244/80/139 245/79/139 246/55/140
f 247/80/139 248/55/67 249/45/56
f 250/47/54 251/80/139 252/45/141
f 253/81/27 254/9/142 255/16/43
f 256/15/143 257/81/144 258/16/42
f 259/15/145 260/16/146 261/72/97
f 262/82/147 263/15/36 264/72/148
f 265/83/149 266/72/98 267/70/92
f 268/67/89 269/83/89 270/70/92
f 271/67/101 272/70/93 273/69/93
f 274/66/132 275/67/89 276/69/100
f 277/66/127 278/69/92 279/68/92
f 280/13/150 281/66/137 282/68/92
f 283/13/151 284/68/93 285/12/42
f 286/11/142 287/13/22 288/12/43
f 289/11/152 290/12/136 291/16/142
f 292/9/43 293/11/43 294/16/42
f 295/84/153 296/20/154 297/18/110
f 298/17/155 299/84/25 300/18/112
f 301/17/14 302/18/112 303/38/156
f 304/37/157 305/17/158 306/38/159
f 307/37/160 308/38/111 309/36/108
f 310/35/18 311/37/161 312/36/113
f 313/35/162 314/36/108 315/61/104
f 316/60/163 317/35/164 318/61/107
f 319/20/117 320/84/165 321/85/24
f 322/75/105 323/20/117 324/85/166
f 325/75/167 326/85/168 327/29/34
f 328/30/105 329/75/105 330/29/34
f 331/78/169 332/19/129 333/20/129
f 334/75/99 335/78/99 336/20/23
f 337/75/86 338/20/170 339/64/86
f 340/76/86 341/75/86 342/64/86
f 343/62/136 344/63/171 345/77/172
f 346/11/91 347/11/43 348/9/173
f 349/9/174 350/11/43 351/9/43
f 352/9/44 353/9/146 354/81/27
f 355/18/133 356/38/134 357/74/134
f 358/65/133 359/18/133 360/74/133
f 361/65/175 362/74/175 363/76/176
f 364/64/177 365/65/178 366/76/23
f 367/47/179 368/48/54 369/46/180
f 370/45/180 371/47/54 372/46/180
f 373/45/181 374/46/182 375/86/183
f 376/8/184 377/45/182 378/86/183
f 379/8/9 380/7/185 381/55/186
f 382/45/187 383/8/9 384/55/186
f 385/45/182 386/55/188 387/80/139
f 388/47/189 389/45/182 390/80/190
f 391/87/191 392/88/192 393/89/193
f 394/90/194 395/87/191 396/89/195
f 397/90/196 398/89/197 399/91/1
f 400/92/1 401/90/198 402/91/199
f 403/16/200 404/44/201 405/24/16
f 406/12/51 407/16/161 408/24/202
f 409/12/15 410/24/16 411/22/16
f 412/14/202 413/12/203 414/22/202
f 415/14/16 416/22/16 417/21/204
f 418/13/205 419/14/16 420/21/25
f 421/27/73 422/28/206 423/26/12
f 424/25/207 425/27/208 426/26/12
f 427/25/209 428/26/210 429/93/211
f 430/39/212 431/25/209 432/93/213
f 433/39/45 434/93/211 435/40/212
f 436/51/4 437/8/214 438/4/4
f 439/49/215 440/51/216 441/4/216
f 442/49/57 443/4/216 444/6/217
f 445/53/218 446/49/218 447/6/217
f 448/53/218 449/6/217 450/32/219
f 451/31/73 452/53/218 453/32/206
f 454/51/220 455/52/221 456/50/221
f 457/49/222 458/51/223 459/50/223
f 460/49/224 461/50/225 462/54/226
f 463/33/222 464/49/222 465/54/227
f 466/3/228 467/2/2 468/31/229
f 469/59/230 470/3/231 471/31/28
f 472/59/232 473/31/29 474/33/222
f 475/54/227 476/59/227 477/33/37
f 478/57/233 479/58/234 480/56/186
f 481/55/235 482/57/236 483/56/237
f 484/55/238 485/56/238 486/79/239
f 487/80/190 488/55/238 489/79/239
f 490/77/119 491/62/108 492/74/240
f 493/76/105 494/77/119 495/74/110
f 496/76/119 497/74/112 498/65/241
f 499/64/118 500/76/105 501/65/242
f 502/94/243 503/94/34 504/23/153
f 505/23/25 506/94/244 507/23/25
f 508/23/153 509/23/153 510/21/153
f 511/21/24 512/23/153 513/21/153
f 514/21/25 515/21/25 516/13/14
f 517/13/14 518/21/24 519/13/14
f 520/13/14 521/13/14 522/11/161
f 523/11/161 524/13/14 525/11/13
f 526/16/15 527/12/161 528/11/161
f 529/9/11 530/16/161 531/11/161
f 532/9/18 533/11/245 534/11/15
f 535/9/10 536/9/10 537/11/13
f 538/55/238 539/7/185 540/57/246
f 541/57/246 542/7/8 543/95/246
f 544/95/247 545/7/8 546/5/96
f 547/5/96 548/7/8 549/4/248
f 550/72/249 551/83/249 552/82/147
f 553/82/93 554/83/89 555/83/89
f 556/83/250 557/83/97 558/67/23
f 559/67/23 560/83/250 561/67/89
f 562/95/251 563/57/69 564/96/252
f 565/96/253 566/57/251 567/97/254
f 568/97/253 569/57/255 570/98/253
f 571/98/253 572/57/251 573/58/256
f 574/4/4 575/7/257 576/5/5
f 577/5/258 578/7/259 579/95/255
f 580/95/255 581/7/260 582/57/255
f 583/57/255 584/7/260 585/55/66
f 586/4/261 587/8/262 588/7/257
f 589/7/263 590/8/214 591/55/140
f 592/55/66 593/8/214 594/45/52
f 595/1/264 596/3/265 597/2/209
f 598/2/209 599/3/266 600/31/73
f 601/31/73 602/3/267 603/59/268
f 604/52/62 605/86/269 606/51/270
f 607/51/60 608/86/269 609/8/269
f 610/8/269 611/86/269 612/45/53
f 613/45/53 614/86/271 615/46/53
f 616/58/188 617/57/246 618/98/254
f 619/98/253 620/57/246 621/97/253
f 622/97/253 623/57/272 624/96/254
f 625/96/253 626/57/236 627/95/236
f 628/94/244 629/94/201 630/43/32
f 631/43/273 632/94/243 633/44/34
f 634/44/34 635/94/34 636/24/274
f 637/24/16 638/94/34 639/23/204
f 640/33/38 641/34/147 642/49/38
f 643/49/222 644/34/94 645/4/275
f 646/4/276 647/34/277 648/5/278
f 649/52/220 650/51/225 651/86/9
f 652/86/183 653/51/223 654/8/183
f 655/8/279 656/51/223 657/4/248
f 658/4/280 659/51/281 660/49/282
f 661/99/258 662/100/255 663/101/283
f 664/101/283 665/100/69 666/102/284
f 667/102/285 668/100/286 669/103/285
f 670/103/285 671/100/255 672/104/253
f 673/26/210 674/99/258 675/105/118
f 676/105/118 677/99/5 678/106/287
f 679/106/119 680/99/258 681/101/288
f 682/88/289 683/87/290 684/107/289
f 685/107/289 686/87/290 687/108/291
f 688/108/292 689/87/191 690/42/292
f 691/42/291 692/87/191 693/41/47
f 694/40/1 695/93/293 696/39/1
f 697/39/1 698/93/294 699/25/295
f 700/25/296 701/93/297 702/26/27
f 703/104/298 704/100/246 705/103/299
f 706/103/300 707/100/236 708/102/300
f 709/102/285 710/100/236 711/101/301
f 712/101/302 713/100/303 714/99/96
f 715/101/304 716/99/96 717/106/305
f 718/106/306 719/99/307 720/105/308
f 721/105/309 722/99/310 723/26/27
f 724/109/311 725/110/312 726/111/313
f 727/112/314 728/113/315 729/114/316
f 730/115/317 731/116/317 732/117/318
f 733/118/319 734/116/319 735/115/319
f 736/117/320 737/118/321 738/115/321
f 739/116/291 740/118/322 741/117/323
f 742/119/324 743/120/325 744/121/326
f 745/122/327 746/120/328 747/119/329
f 748/123/330 749/124/331 750/125/332
f 751/120/333 752/126/334 753/127/335
f 754/128/336 755/129/337 756/130/338
f 757/131/339 758/132/339 759/133/340
f 760/134/341 761/135/342 762/136/343
f 763/137/344 764/138/345 765/139/344
f 766/140/346 767/141/347 768/142/348
f 769/143/349 770/144/350 771/145/119
f 772/146/351 773/141/352 774/140/353
f 775/140/354 776/142/355 777/141/356
f 778/141/357 779/142/355 780/147/355
f 781/146/358 782/140/359 783/141/360
f 784/148/361 785/149/362 786/144/363
f 787/150/115 788/151/241 789/152/364
f 790/153/365 791/154/366 792/155/365
f 793/156/367 794/157/1 795/158/368
f 796/159/369 797/160/370 798/161/371
f 799/162/372 800/152/27 801/163/373
f 802/164/374 803/165/375 804/166/376
f 805/167/349 806/168/377 807/169/378
f 808/170/379 809/171/380 810/172/381
f 811/173/382 812/171/382 813/170/319
f 814/174/383 815/175/384 816/176/385
f 817/173/386 818/172/387 819/170/388
f 820/177/389 821/178/390 822/179/341
f 823/178/391 824/180/392 825/179/393
f 826/181/343 827/182/394 828/179/341
f 829/180/395 830/181/343 831/179/396
f 832/183/397 833/184/398 834/185/399
f 835/186/400 836/187/400 837/188/313
f 838/189/401 839/190/402 840/191/402
f 841/189/403 842/192/402 843/193/402
f 844/189/404 845/191/402 846/192/402
f 847/194/405 848/195/406 849/196/407
f 850/197/408 851/198/409 852/199/410
f 853/200/411 854/201/379 855/202/411
f 856/203/412 857/204/412 858/205/412
f 859/205/413 860/204/414 861/206/414
f 862/207/415 863/208/416 864/209/388
f 865/209/409 866/208/417 867/210/418
f 868/211/419 869/121/334 870/119/420
f 871/119/329 872/121/334 873/120/331
f 874/212/421 875/122/334 876/213/422
f 877/213/423 878/122/334 879/126/424
f 880/214/423 881/213/422 882/215/422
f 883/215/423 884/213/425 885/216/426
f 886/208/427 887/207/367 888/210/367
f 889/210/428 890/207/429 891/209/430
f 892/217/431 893/210/415 894/218/432
f 895/218/433 896/210/415 897/209/193
f 898/219/434 899/220/435 900/221/434
f 901/221/434 902/220/436 903/222/436
f 904/116/437 905/223/438 906/117/437
f 907/117/382 908/223/438 909/224/439
f 910/225/213 911/226/440 912/227/211
f 913/227/211 914/226/440 915/228/440
f 916/206/441 917/204/442 918/205/443
f 919/205/443 920/204/443 921/203/442
f 922/229/444 923/230/412 924/231/445
f 925/231/446 926/230/447 927/232/446
f 928/231/445 929/232/448 930/233/448
f 931/233/448 932/232/448 933/234/448
f 934/235/412 935/236/412 936/206/413
f 937/206/442 938/236/441 939/204/441
f 940/224/449 941/237/450 942/223/291
f 943/223/451 944/237/450 945/238/452
f 946/239/453 947/240/454 948/241/455
f 949/241/456 950/240/457 951/242/458
f 952/241/459 953/242/460 954/243/461
f 955/243/461 956/242/462 957/130/463
f 958/241/464 959/243/461 960/244/465
f 961/244/466 962/243/461 963/245/467
f 964/246/468 965/247/402 966/248/402
f 967/248/403 968/247/403 969/249/469
f 970/250/285 971/251/252 972/252/285
f 973/252/284 974/251/253 975/253/285
f 976/254/470 977/255/471 978/256/285
f 979/256/299 980/255/472 981/257/473
f 982/258/285 983/255/472 984/259/284
f 985/259/299 986/255/472 987/260/472
f 988/261/344 989/262/474 990/263/475
f 991/263/475 992/262/476 993/264/476
f 994/263/477 995/264/476 996/265/458
f 997/265/460 998/264/478 999/266/479
f 1000/267/480 1001/143/481 1002/268/480
f 1003/268/482 1004/143/483 1005/147/484
f 1006/269/485 1007/270/486 1008/271/308
f 1009/271/308 1010/270/487 1011/150/308
f 1012/160/369 1013/272/369 1014/161/488
f 1015/161/489 1016/272/490 1017/273/491
f 1018/274/492 1019/161/489 1020/275/493
f 1021/275/494 1022/161/495 1023/276/494
f 1024/277/487 1025/278/343 1026/276/496
f 1027/276/496 1028/278/497 1029/279/498
f 1030/164/499 1031/280/112 1032/281/500
f 1033/281/501 1034/280/112 1035/282/350
f 1036/281/502 1037/283/503 1038/164/504
f 1039/164/505 1040/283/506 1041/167/349
f 1042/284/507 1043/168/508 1044/285/509
f 1045/285/509 1046/168/508 1047/286/508
f 1048/287/510 1049/288/511 1050/289/337
f 1051/289/512 1052/288/513 1053/284/507
f 1054/290/514 1055/291/515 1056/287/340
f 1057/287/510 1058/291/511 1059/288/511
f 1060/292/379 1061/293/516 1062/294/45
f 1063/294/45 1064/293/291 1065/295/45
f 1066/171/386 1067/173/415 1068/172/408
f 1069/172/409 1070/173/416 1071/170/409
f 1072/296/312 1073/175/400 1074/297/517
f 1075/297/518 1076/175/313 1077/176/518
f 1078/298/231 1079/299/368 1080/300/231
f 1081/300/519 1082/299/520 1083/301/196
f 1084/300/521 1085/301/522 1086/298/521
f 1087/298/231 1088/301/523 1089/299/524
f 1090/225/373 1091/302/229 1092/227/373
f 1093/227/297 1094/302/29 1095/303/297
f 1096/298/525 1097/300/525 1098/299/526
f 1099/299/526 1100/300/527 1101/301/528
f 1102/303/529 1103/304/530 1104/227/529
f 1105/227/531 1106/304/530 1107/228/530
f 1108/300/266 1109/302/532 1110/298/525
f 1111/298/533 1112/302/534 1113/303/535
f 1114/193/536 1115/305/404 1116/306/536
f 1117/306/536 1118/305/537 1119/307/536
f 1120/186/538 1121/308/539 1122/309/540
f 1123/309/541 1124/308/542 1125/310/400
f 1126/311/543 1127/312/544 1128/313/545
f 1129/313/546 1130/312/546 1131/314/546
f 1132/315/547 1133/316/538 1134/317/312
f 1135/317/548 1136/316/400 1137/318/548
f 1138/319/549 1139/320/409 1140/321/544
f 1141/321/550 1142/320/409 1143/322/434
f 1144/315/538 1145/321/551 1146/316/551
f 1147/316/542 1148/321/552 1149/323/553
f 1150/324/554 1151/325/555 1152/326/512
f 1153/326/556 1154/325/557 1155/327/557
f 1156/328/558 1157/329/497 1158/330/559
f 1159/330/560 1160/329/561 1161/331/366
f 1162/177/389 1163/179/562 1164/332/389
f 1165/332/563 1166/179/341 1167/182/563
f 1168/333/564 1169/334/311 1170/335/565
f 1171/335/566 1172/334/567 1173/336/568
f 1174/224/382 1175/237/382 1176/337/569
f 1177/338/323 1178/224/570 1179/337/323
f 1180/338/449 1181/337/449 1182/236/414
f 1183/229/449 1184/338/449 1185/236/413
f 1186/204/412 1187/203/414 1188/339/571
f 1189/230/414 1190/204/414 1191/339/46
f 1192/230/413 1193/339/572 1194/340/47
f 1195/232/446 1196/230/573 1197/340/47
f 1198/232/574 1199/340/575 1200/341/576
f 1201/234/446 1202/232/445 1203/341/572
f 1204/342/577 1205/339/578 1206/340/579
f 1207/341/579 1208/342/580 1209/340/579
f 1210/341/581 1211/340/581 1212/232/414
f 1213/234/582 1214/341/47 1215/232/583
f 1216/234/584 1217/232/585 1218/231/586
f 1219/233/587 1220/234/588 1221/231/586
f 1222/342/589 1223/205/590 1224/203/443
f 1225/339/412 1226/342/591 1227/203/414
f 1228/339/592 1229/203/593 1230/204/593
f 1231/230/583 1232/339/592 1233/204/592
f 1234/230/443 1235/204/442 1236/236/442
f 1237/229/594 1238/230/585 1239/236/585
f 1240/223/595 1241/116/595 1242/117/449
f 1243/224/596 1244/223/291 1245/117/597
f 1246/224/598 1247/117/586 1248/343/586
f 1249/338/599 1250/224/449 1251/343/600
f 1252/338/601 1253/343/602 1254/231/602
f 1255/229/603 1256/338/603 1257/231/603
f 1258/344/192 1259/238/434 1260/237/604
f 1261/345/450 1262/344/434 1263/237/605
f 1264/345/436 1265/237/436 1266/337/606
f 1267/346/607 1268/345/608 1269/337/607
f 1270/346/609 1271/337/608 1272/236/610
f 1273/235/585 1274/346/608 1275/236/611
f 1276/239/457 1277/347/612 1278/128/336
f 1279/240/613 1280/239/457 1281/128/336
f 1282/240/454 1283/128/614 1284/130/338
f 1285/242/615 1286/240/616 1287/130/338
f 1288/347/617 1289/348/618 1290/349/619
f 1291/128/620 1292/347/612 1293/349/512
f 1294/128/336 1295/349/512 1296/350/340
f 1297/129/344 1298/128/336 1299/350/621
f 1300/351/622 1301/348/623 1302/347/624
f 1303/352/625 1304/351/626 1305/347/627
f 1306/352/628 1307/347/612 1308/239/454
f 1309/353/629 1310/352/630 1311/239/457
f 1312/354/631 1313/351/341 1314/352/625
f 1315/355/343 1316/354/632 1317/352/633
f 1318/355/497 1319/352/628 1320/245/467
f 1321/356/623 1322/357/634 1323/358/634
f 1324/359/623 1325/356/623 1326/358/635
f 1327/359/636 1328/358/637 1329/360/638
f 1330/139/344 1331/359/639 1332/360/640
f 1333/139/344 1334/360/638 1335/131/344
f 1336/137/344 1337/139/344 1338/131/344
f 1339/357/634 1340/361/641 1341/362/641
f 1342/358/637 1343/357/637 1344/362/642
f 1345/358/635 1346/362/641 1347/363/643
f 1348/360/638 1349/358/637 1350/363/638
f 1351/360/640 1352/363/640 1353/132/344
f 1354/131/344 1355/360/640 1356/132/344
f 1357/136/644 1358/364/391 1359/365/391
f 1360/134/396 1361/136/497 1362/365/391
f 1363/134/396 1364/365/391 1365/366/396
f 1366/367/645 1367/134/396 1368/366/396
f 1369/367/341 1370/366/341 1371/138/646
f 1372/364/390 1373/368/390 1374/369/391
f 1375/365/647 1376/364/647 1377/369/647
f 1378/365/647 1379/369/647 1380/370/345
f 1381/366/396 1382/365/391 1383/370/648
f 1384/371/402 1385/372/402 1386/361/641
f 1387/368/649 1388/371/401 1389/361/641
f 1390/368/391 1391/361/641 1392/357/635
f 1393/369/391 1394/368/391 1395/357/650
f 1396/369/391 1397/357/637 1398/356/623
f 1399/370/639 1400/369/390 1401/356/639
f 1402/257/285 1403/255/651 1404/258/285
f 1405/373/652 1406/257/653 1407/258/653
f 1408/373/285 1409/258/653 1410/251/654
f 1411/255/472 1412/254/472 1413/374/655
f 1414/260/656 1415/255/472 1416/374/657
f 1417/260/472 1418/374/658 1419/375/659
f 1420/376/660 1421/260/470 1422/375/660
f 1423/376/660 1424/375/661 1425/265/662
f 1426/377/480 1427/376/660 1428/265/663
f 1429/377/479 1430/265/460 1431/266/479
f 1432/378/480 1433/377/480 1434/266/480
f 1435/378/664 1436/266/665 1437/379/284
f 1438/257/299 1439/378/479 1440/379/300
f 1441/253/358 1442/376/660 1443/377/480
f 1444/252/300 1445/253/653 1446/377/480
f 1447/252/285 1448/377/479 1449/378/479
f 1450/250/300 1451/252/300 1452/378/479
f 1453/260/472 1454/376/661 1455/253/653
f 1456/259/473 1457/260/666 1458/253/285
f 1459/259/300 1460/253/300 1461/251/253
f 1462/258/285 1463/259/285 1464/251/253
f 1465/374/667 1466/254/472 1467/380/362
f 1468/381/668 1469/374/669 1470/380/670
f 1471/381/362 1472/380/671 1473/382/672
f 1474/383/343 1475/381/670 1476/382/672
f 1477/143/481 1478/145/105 1479/142/484
f 1480/147/673 1481/143/375 1482/142/673
f 1483/147/673 1484/142/673 1485/141/255
f 1486/143/674 1487/267/480 1488/149/476
f 1489/144/350 1490/143/481 1491/149/675
f 1492/144/117 1493/149/476 1494/148/676
f 1495/149/677 1496/267/472 1497/143/678
f 1498/144/679 1499/149/680 1500/143/681
f 1501/144/682 1502/143/371 1503/145/130
f 1504/150/308 1505/152/683 1506/151/684
f 1507/271/685 1508/150/682 1509/151/686
f 1510/271/687 1511/151/688 1512/159/689
f 1513/159/690 1514/161/691 1515/274/692
f 1516/271/308 1517/159/693 1518/274/694
f 1519/271/695 1520/274/694 1521/275/361
f 1522/269/696 1523/271/308 1524/275/697
f 1525/269/698 1526/275/699 1527/276/700
f 1528/279/698 1529/269/698 1530/276/701
f 1531/160/369 1532/159/369 1533/151/702
f 1534/384/703 1535/160/492 1536/151/688
f 1537/384/704 1538/151/702 1539/152/27
f 1540/162/705 1541/384/706 1542/152/27
f 1543/270/486 1544/269/707 1545/279/708
f 1546/385/392 1547/270/672 1548/279/709
f 1549/385/497 1550/279/498 1551/278/561
f 1552/154/366 1553/385/497 1554/278/392
f 1555/154/710 1556/278/395 1557/386/395
f 1558/155/711 1559/154/712 1560/386/395
f 1561/272/492 1562/160/492 1563/384/713
f 1564/387/714 1565/272/492 1566/384/713
f 1567/387/713 1568/384/715 1569/162/372
f 1570/388/716 1571/387/717 1572/162/705
f 1573/388/365 1574/162/718 1575/389/719
f 1576/390/720 1577/388/365 1578/389/721
f 1579/273/487 1580/272/492 1581/387/722
f 1582/386/644 1583/273/672 1584/387/723
f 1585/386/392 1586/387/703 1587/388/711
f 1588/155/365 1589/386/343 1590/388/365
f 1591/155/724 1592/388/725 1593/390/726
f 1594/153/365 1595/155/365 1596/390/727
f 1597/391/718 1598/392/728 1599/393/726
f 1600/389/729 1601/391/718 1602/393/730
f 1603/389/726 1604/393/726 1605/394/721
f 1606/390/726 1607/389/721 1608/394/721
f 1609/390/720 1610/394/720 1611/153/365
f 1612/392/1 1613/391/372 1614/395/1
f 1615/158/1 1616/392/1 1617/395/1
f 1618/158/199 1619/395/1 1620/396/197
f 1621/156/416 1622/158/1 1623/396/193
f 1624/280/731 1625/164/732 1626/166/732
f 1627/397/108 1628/280/242 1629/166/732
f 1630/397/733 1631/166/500 1632/398/734
f 1633/399/735 1634/397/108 1635/398/736
f 1636/399/735 1637/398/737 1638/400/738
f 1639/291/739 1640/399/735 1641/400/736
f 1642/168/734 1643/284/507 1644/288/515
f 1645/169/737 1646/168/737 1647/288/513
f 1648/169/734 1649/288/513 1650/291/513
f 1651/400/737 1652/169/737 1653/291/513
f 1654/401/12 1655/280/740 1656/397/741
f 1657/402/742 1658/401/210 1659/397/741
f 1660/402/743 1661/397/741 1662/399/744
f 1663/403/745 1664/402/743 1665/399/746
f 1666/403/747 1667/399/735 1668/291/515
f 1669/290/514 1670/403/514 1671/291/748
f 1672/404/749 1673/402/750 1674/403/745
f 1675/405/747 1676/404/406 1677/403/745
f 1678/405/397 1679/403/751 1680/290/751
f 1681/406/752 1682/405/751 1683/290/751
f 1684/406/745 1685/290/745 1686/287/753
f 1687/407/399 1688/408/399 1689/409/440
f 1690/404/399 1691/407/399 1692/409/440
f 1693/404/405 1694/409/754 1695/410/211
f 1696/402/743 1697/404/399 1698/410/211
f 1699/402/742 1700/410/213 1701/401/12
f 1702/299/755 1703/304/718 1704/303/293
f 1705/298/228 1706/299/756 1707/303/293
f 1708/298/757 1709/303/293 1710/302/29
f 1711/300/231 1712/298/758 1713/302/759
f 1714/225/373 1715/226/760 1716/228/760
f 1717/227/373 1718/225/373 1719/228/761
f 1720/227/373 1721/228/762 1722/304/762
f 1723/303/763 1724/227/763 1725/304/762
f 1726/303/764 1727/304/762 1728/299/1
f 1729/298/231 1730/303/763 1731/299/765
f 1732/303/373 1733/304/766 1734/228/766
f 1735/227/373 1736/303/373 1737/228/718
f 1738/227/293 1739/228/767 1740/226/768
f 1741/225/373 1742/227/373 1743/226/718
f 1744/301/769 1745/299/770 1746/411/771
f 1747/412/772 1748/301/773 1749/411/774
f 1750/412/775 1751/411/776 1752/171/417
f 1753/173/777 1754/412/778 1755/171/779
f 1756/299/1 1757/304/780 1758/413/199
f 1759/411/781 1760/299/1 1761/413/1
f 1762/411/755 1763/413/1 1764/297/1
f 1765/171/782 1766/411/783 1767/297/1
f 1768/299/781 1769/301/198 1770/412/784
f 1771/411/785 1772/299/785 1773/412/786
f 1774/411/785 1775/412/787 1776/173/788
f 1777/171/387 1778/411/774 1779/173/387
f 1780/304/762 1781/228/762 1782/414/726
f 1783/413/789 1784/304/372 1785/414/726
f 1786/413/790 1787/414/726 1788/176/726
f 1789/297/728 1790/413/728 1791/176/721
f 1792/304/372 1793/299/785 1794/411/785
f 1795/413/791 1796/304/718 1797/411/524
f 1798/413/312 1799/411/756 1800/171/792
f 1801/297/312 1802/413/793 1803/171/386
f 1804/297/548 1805/171/794 1806/172/409
f 1807/296/791 1808/297/791 1809/172/408
f 1810/228/762 1811/304/762 1812/413/312
f 1813/414/730 1814/228/718 1815/413/793
f 1816/414/795 1817/413/312 1818/297/518
f 1819/176/518 1820/414/721 1821/297/312
f 1822/228/718 1823/226/705 1824/415/796
f 1825/414/797 1826/228/798 1827/415/797
f 1828/414/796 1829/415/796 1830/174/518
f 1831/176/726 1832/414/726 1833/174/799
f 1834/226/760 1835/228/800 1836/414/795
f 1837/415/726 1838/226/718 1839/414/801
f 1840/415/726 1841/414/719 1842/176/312
f 1843/174/518 1844/415/795 1845/176/312
f 1846/174/791 1847/176/802 1848/175/313
f 1849/299/212 1850/304/530 1851/303/529
f 1852/298/266 1853/299/212 1854/303/529
f 1855/298/266 1856/303/213 1857/302/803
f 1858/303/527 1859/298/527 1860/302/804
f 1861/303/211 1862/304/805 1863/299/45
f 1864/298/266 1865/303/806 1866/299/45
f 1867/298/266 1868/299/807 1869/301/47
f 1870/300/808 1871/298/266 1872/301/572
f 1873/228/440 1874/226/440 1875/225/213
f 1876/227/809 1877/228/810 1878/225/809
f 1879/227/809 1880/225/809 1881/302/811
f 1882/303/812 1883/227/812 1884/302/803
f 1885/228/810 1886/304/813 1887/303/211
f 1888/227/213 1889/228/814 1890/303/213
f 1891/227/815 1892/303/815 1893/302/532
f 1894/225/211 1895/227/213 1896/302/811
f 1897/174/816 1898/415/399 1899/414/405
f 1900/176/405 1901/174/817 1902/414/399
f 1903/176/405 1904/414/399 1905/413/818
f 1906/297/819 1907/176/820 1908/413/212
f 1909/297/821 1910/413/822 1911/411/45
f 1912/171/823 1913/297/405 1914/411/824
f 1915/171/824 1916/411/824 1917/412/574
f 1918/173/825 1919/171/45 1920/412/826
f 1921/415/399 1922/226/827 1923/228/828
f 1924/414/829 1925/415/830 1926/228/530
f 1927/414/831 1928/228/832 1929/304/833
f 1930/413/212 1931/414/399 1932/304/440
f 1933/413/807 1934/304/834 1935/299/807
f 1936/411/212 1937/413/212 1938/299/212
f 1939/411/212 1940/299/212 1941/301/47
f 1942/412/835 1943/411/836 1944/301/47
f 1945/117/837 1946/115/838 1947/416/839
f 1948/343/449 1949/117/449 1950/416/840
f 1951/343/596 1952/416/445 1953/233/574
f 1954/231/586 1955/343/586 1956/233/446
f 1957/237/435 1958/224/586 1959/338/841
f 1960/337/842 1961/237/842 1962/338/586
f 1963/337/843 1964/338/844 1965/229/844
f 1966/236/845 1967/337/843 1968/229/844
f 1969/329/846 1970/417/561 1971/418/366
f 1972/331/710 1973/329/847 1974/418/710
f 1975/331/366 1976/418/366 1977/419/725
f 1978/334/567 1979/333/560 1980/420/567
f 1981/421/311 1982/334/567 1983/420/567
f 1984/421/848 1985/420/849 1986/422/793
f 1987/178/850 1988/423/851 1989/417/852
f 1990/180/853 1991/178/854 1992/417/497
f 1993/180/853 1994/417/853 1995/329/853
f 1996/181/855 1997/180/343 1998/329/395
f 1999/181/561 2000/329/343 2001/328/389
f 2002/182/394 2003/181/856 2004/328/394
f 2005/330/559 2006/333/559 2007/335/857
f 2008/328/858 2009/330/559 2010/335/857
f 2011/328/859 2012/335/857 2013/332/859
f 2014/182/394 2015/328/859 2016/332/859
f 2017/333/860 2018/330/861 2019/424/567
f 2020/420/567 2021/333/860 2022/424/567
f 2023/420/311 2024/424/311 2025/425/862
f 2026/422/793 2027/420/311 2028/425/719
f 2029/422/791 2030/425/720 2031/426/727
f 2032/330/863 2033/331/366 2034/419/725
f 2035/424/864 2036/330/860 2037/419/365
f 2038/424/865 2039/419/716 2040/425/726
f 2041/185/405 2042/184/866 2043/427/315
f 2044/428/817 2045/185/405 2046/427/867
f 2047/428/817 2048/427/867 2049/429/867
f 2050/430/554 2051/431/868 2052/324/869
f 2053/432/870 2054/430/870 2055/324/638
f 2056/432/870 2057/324/870 2058/326/339
f 2059/433/512 2060/430/640 2061/432/640
f 2062/434/512 2063/433/512 2064/432/870
f 2065/434/871 2066/432/872 2067/326/873
f 2068/324/870 2069/431/874 2070/435/875
f 2071/325/876 2072/324/877 2073/435/878
f 2074/325/557 2075/435/469 2076/436/557
f 2077/327/555 2078/325/879 2079/436/879
f 2080/437/880 2081/433/512 2082/434/512
f 2083/438/881 2084/437/557 2085/434/512
f 2086/438/882 2087/434/883 2088/326/884
f 2089/439/885 2090/440/879 2091/437/557
f 2092/436/881 2093/439/398 2094/437/886
f 2095/436/887 2096/437/888 2097/438/889
f 2098/327/890 2099/436/889 2100/438/889
f 2101/327/891 2102/438/891 2103/326/512
f 2104/440/889 2105/183/747 2106/441/340
f 2107/437/557 2108/440/557 2109/441/340
f 2110/437/557 2111/441/340 2112/433/344
f 2113/183/747 2114/440/557 2115/439/892
f 2116/184/893 2117/183/751 2118/439/893
f 2119/184/894 2120/439/866 2121/442/866
f 2122/427/867 2123/184/866 2124/442/894
f 2125/427/867 2126/442/866 2127/443/402
f 2128/429/867 2129/427/867 2130/443/403
f 2131/310/538 2132/308/313 2133/444/895
f 2134/445/895 2135/310/542 2136/444/895
f 2137/445/896 2138/444/895 2139/446/897
f 2140/447/895 2141/445/543 2142/446/898
f 2143/186/899 2144/188/542 2145/448/899
f 2146/308/313 2147/186/313 2148/448/313
f 2149/308/313 2150/448/313 2151/311/896
f 2152/444/895 2153/308/538 2154/311/896
f 2155/444/896 2156/311/900 2157/313/546
f 2158/446/546 2159/444/896 2160/313/546
f 2161/310/901 2162/445/902 2163/449/313
f 2164/309/539 2165/310/540 2166/449/540
f 2167/309/903 2168/449/904 2169/450/905
f 2170/451/906 2171/309/400 2172/450/313
f 2173/187/551 2174/449/546 2175/312/907
f 2176/188/908 2177/187/551 2178/312/546
f 2179/188/313 2180/312/909 2181/311/895
f 2182/448/400 2183/188/541 2184/311/543
f 2185/452/518 2186/449/910 2187/187/542
f 2188/453/313 2189/452/793 2190/187/551
f 2191/453/538 2192/187/313 2193/186/538
f 2194/321/545 2195/322/289 2196/454/381
f 2197/314/911 2198/321/546 2199/454/381
f 2200/314/546 2201/454/411 2202/455/411
f 2203/313/907 2204/314/907 2205/455/411
f 2206/313/546 2207/455/411 2208/456/912
f 2209/446/913 2210/313/910 2211/456/914
f 2212/446/546 2213/456/407 2214/457/316
f 2215/447/895 2216/446/915 2217/457/316
f 2218/447/916 2219/457/384 2220/323/916
f 2221/321/538 2222/447/916 2223/323/916
f 2224/458/312 2225/459/409 2226/460/917
f 2227/461/312 2228/458/791 2229/460/791
f 2230/461/548 2231/460/918 2232/462/918
f 2233/463/538 2234/461/791 2235/462/312
f 2236/463/542 2237/462/312 2238/464/551
f 2239/465/551 2240/463/542 2241/464/547
f 2242/445/916 2243/447/896 2244/321/542
f 2245/449/542 2246/445/896 2247/321/542
f 2248/449/552 2249/321/400 2250/315/542
f 2251/450/919 2252/449/919 2253/315/919
f 2254/450/541 2255/315/313 2256/317/791
f 2257/463/542 2258/450/551 2259/317/793
f 2260/466/403 2261/307/402 2262/305/920
f 2263/467/921 2264/466/401 2265/305/403
f 2266/467/404 2267/305/402 2268/189/402
f 2269/468/402 2270/469/864 2271/470/402
f 2272/306/402 2273/468/402 2274/470/402
f 2275/306/468 2276/470/468 2277/190/537
f 2278/193/404 2279/306/404 2280/190/468
f 2281/193/402 2282/190/402 2283/189/922
f 2284/305/403 2285/193/402 2286/189/920
f 2287/190/402 2288/470/402 2289/471/923
f 2290/191/924 2291/190/402 2292/471/567
f 2293/191/402 2294/471/567 2295/472/400
f 2296/192/401 2297/191/402 2298/472/313
f 2299/193/402 2300/192/402 2301/472/538
f 2302/473/925 2303/193/404 2304/472/400
f 2305/473/926 2306/472/313 2307/474/313
f 2308/475/927 2309/473/927 2310/474/541
f 2311/475/928 2312/474/313 2313/111/400
f 2314/476/896 2315/475/916 2316/111/400
f 2317/476/895 2318/114/929 2319/477/930
f 2320/475/895 2321/476/896 2322/477/384
f 2323/475/916 2324/477/316 2325/478/316
f 2326/473/927 2327/475/895 2328/478/931
f 2329/477/316 2330/114/316 2331/113/867
f 2332/479/932 2333/477/932 2334/113/315
f 2335/479/933 2336/113/867 2337/480/468
f 2338/237/382 2339/345/436 2340/346/435
f 2341/337/449 2342/237/382 2343/346/435
f 2344/337/323 2345/346/934 2346/235/412
f 2347/236/412 2348/337/449 2349/235/413
f 2350/117/382 2351/224/380 2352/338/449
f 2353/343/569 2354/117/382 2355/338/569
f 2356/343/569 2357/338/597 2358/229/569
f 2359/231/935 2360/343/449 2361/229/449
f 2362/477/929 2363/479/316 2364/466/920
f 2365/478/316 2366/477/316 2367/466/403
f 2368/478/384 2369/466/920 2370/467/936
f 2371/481/402 2372/478/316 2373/467/401
f 2374/481/920 2375/467/536 2376/189/920
f 2377/115/439 2378/117/439 2379/343/600
f 2380/416/937 2381/115/938 2382/343/600
f 2383/416/445 2384/343/939 2385/231/448
f 2386/233/448 2387/416/446 2388/231/446
f 2389/209/410 2390/210/416 2391/217/410
f 2392/218/940 2393/209/409 2394/217/940
f 2395/218/409 2396/217/941 2397/220/436
f 2398/219/434 2399/218/388 2400/220/606
f 2401/482/942 2402/211/421 2403/483/943
f 2404/484/944 2405/482/945 2406/483/946
f 2407/484/947 2408/483/947 2409/211/948
f 2410/482/949 2411/484/421 2412/211/943
f 2413/482/945 2414/211/419 2415/212/947
f 2416/485/421 2417/482/784 2418/212/421
f 2419/485/421 2420/212/421 2421/213/423
f 2422/214/423 2423/485/421 2424/213/423
f 2425/127/333 2426/126/324 2427/213/950
f 2428/216/426 2429/127/333 2430/213/426
f 2431/216/426 2432/213/191 2433/214/951
f 2434/215/952 2435/216/191 2436/214/951
f 2437/213/426 2438/126/330 2439/122/330
f 2440/212/944 2441/213/950 2442/122/953
f 2443/212/421 2444/122/954 2445/119/334
f 2446/211/947 2447/212/419 2448/119/955
f 2449/211/944 2450/119/326 2451/121/326
f 2452/483/956 2453/211/947 2454/121/334
f 2455/483/943 2456/121/334 2457/211/957
f 2458/120/958 2459/126/958 2460/122/420
f 2461/119/334 2462/120/331 2463/122/959
f 2464/119/326 2465/122/324 2466/212/421
f 2467/211/947 2468/119/324 2469/212/419
f 2470/126/960 2471/120/424 2472/127/331
f 2473/213/425 2474/126/331 2475/127/331
f 2476/213/961 2477/127/331 2478/216/191
f 2479/486/962 2480/210/788 2481/217/963
f 2482/487/942 2483/486/964 2484/217/963
f 2485/487/964 2486/217/965 2487/220/966
f 2488/488/450 2489/487/962 2490/220/450
f 2491/488/450 2492/220/966 2493/222/967
f 2494/489/605 2495/488/435 2496/222/435
f 2497/489/968 2498/222/606 2499/220/435
f 2500/488/436 2501/489/435 2502/220/435
f 2503/488/436 2504/220/436 2505/217/410
f 2506/487/435 2507/488/435 2508/217/409
f 2509/487/604 2510/217/409 2511/210/415
f 2512/486/962 2513/487/435 2514/210/415
f 2515/486/962 2516/210/792 2517/208/792
f 2518/490/962 2519/486/969 2520/208/416
f 2521/490/970 2522/208/416 2523/210/387
f 2524/486/778 2525/490/971 2526/210/415
f 2527/484/946 2528/490/778 2529/486/970
f 2530/482/962 2531/484/972 2532/486/962
f 2533/482/942 2534/486/942 2535/487/973
f 2536/485/974 2537/482/970 2538/487/942
f 2539/485/975 2540/487/970 2541/488/436
f 2542/214/976 2543/485/947 2544/488/436
f 2545/214/423 2546/488/435 2547/489/435
f 2548/215/977 2549/214/952 2550/489/978
f 2551/215/422 2552/489/435 2553/488/979
f 2554/214/422 2555/215/980 2556/488/436
f 2557/214/423 2558/488/967 2559/487/435
f 2560/485/947 2561/214/423 2562/487/435
f 2563/485/421 2564/487/436 2565/486/945
f 2566/482/945 2567/485/421 2568/486/945
f 2569/482/962 2570/486/945 2571/490/945
f 2572/484/943 2573/482/962 2574/490/962
f 2575/412/835 2576/301/47 2577/299/212
f 2578/411/835 2579/412/935 2580/299/45
f 2581/411/446 2582/299/45 2583/304/440
f 2584/413/912 2585/411/935 2586/304/440
f 2587/413/383 2588/304/814 2589/228/440
f 2590/414/981 2591/413/314 2592/228/440
f 2593/414/399 2594/228/754 2595/226/754
f 2596/415/399 2597/414/982 2598/226/754
f 2599/173/382 2600/412/446 2601/411/446
f 2602/171/380 2603/173/437 2604/411/840
f 2605/171/379 2606/411/446 2607/413/912
f 2608/297/912 2609/171/382 2610/413/407
f 2611/297/407 2612/413/407 2613/414/405
f 2614/176/383 2615/297/383 2616/414/405
f 2617/176/407 2618/414/405 2619/415/405
f 2620/174/912 2621/176/407 2622/415/982
f 2623/111/313 2624/474/551 2625/109/567
f 2626/109/567 2627/474/313 2628/491/567
f 2629/491/923 2630/474/313 2631/471/923
f 2632/471/923 2633/474/400 2634/472/551
f 2635/109/311 2636/491/848 2637/469/567
f 2638/469/567 2639/491/567 2640/470/402
f 2641/470/404 2642/491/983 2643/471/567
f 2644/306/402 2645/307/920 2646/492/402
f 2647/492/920 2648/307/468 2649/480/402
f 2650/480/402 2651/307/402 2652/479/932
f 2653/479/316 2654/307/402 2655/466/984
f 2656/189/921 2657/193/920 2658/481/920
f 2659/481/404 2660/193/404 2661/478/985
f 2662/478/384 2663/193/402 2664/473/896
f 2665/465/542 2666/464/547 2667/186/542
f 2668/186/899 2669/464/400 2670/453/400
f 2671/453/538 2672/464/899 2673/452/791
f 2674/452/791 2675/464/551 2676/462/791
f 2677/312/545 2678/449/545 2679/314/546
f 2680/314/546 2681/449/546 2682/321/546
f 2683/321/911 2684/449/911 2685/319/409
f 2686/319/941 2687/449/986 2688/452/802
f 2689/463/552 2690/465/987 2691/450/552
f 2692/450/400 2693/465/542 2694/451/313
f 2695/451/400 2696/465/313 2697/309/542
f 2698/309/541 2699/465/541 2700/186/988
f 2701/320/409 2702/319/549 2703/459/549
f 2704/459/989 2705/319/410 2706/460/918
f 2707/460/791 2708/319/409 2709/462/791
f 2710/462/518 2711/319/940 2712/452/518
f 2713/436/889 2714/435/868 2715/439/893
f 2716/439/866 2717/435/469 2718/442/866
f 2719/442/990 2720/435/878 2721/443/402
f 2722/443/401 2723/435/469 2724/431/868
f 2725/178/991 2726/177/859 2727/423/649
f 2728/423/390 2729/177/992 2730/336/857
f 2731/336/566 2732/177/394 2733/335/993
f 2734/335/568 2735/177/859 2736/332/994
f 2737/300/228 2738/302/995 2739/298/231
f 2740/298/231 2741/302/995 2742/303/763
f 2743/303/996 2744/302/995 2745/227/996
f 2746/227/763 2747/302/995 2748/225/763
f 2749/171/380 2750/297/817 2751/172/411
f 2752/172/997 2753/297/817 2754/296/407
f 2755/296/914 2756/297/817 2757/175/930
f 2758/175/316 2759/297/912 2760/176/817
f 2761/294/212 2762/295/212 2763/408/405
f 2764/408/998 2765/295/807 2766/409/440
f 2767/409/530 2768/295/212 2769/410/211
f 2770/406/514 2771/493/399 2772/405/745
f 2773/405/397 2774/493/749 2775/404/749
f 2776/404/749 2777/493/749 2778/407/981
f 2779/282/154 2780/494/676 2781/281/500
f 2782/281/500 2783/494/999 2784/285/1000
f 2785/285/1001 2786/494/476 2787/284/1002
f 2788/284/1003 2789/494/1004 2790/289/619
f 2791/285/1005 2792/286/1006 2793/281/499
f 2794/281/1007 2795/286/1008 2796/283/1007
f 2797/283/500 2798/286/1006 2799/167/1009
f 2800/167/1010 2801/286/508 2802/168/508
f 2803/166/500 2804/165/481 2805/398/1011
f 2806/398/734 2807/165/349 2808/400/738
f 2809/400/736 2810/165/375 2811/169/378
f 2812/162/768 2813/163/373 2814/389/721
f 2815/389/726 2816/163/293 2817/391/718
f 2818/391/372 2819/163/373 2820/395/199
f 2821/278/395 2822/277/1012 2823/386/395
f 2824/386/343 2825/277/672 2826/273/672
f 2827/273/487 2828/277/1012 2829/161/371
f 2830/161/681 2831/277/1012 2832/276/1012
f 2833/142/1013 2834/140/301 2835/145/130
f 2836/145/1014 2837/140/357 2838/495/357
f 2839/495/304 2840/140/1015 2841/496/653
f 2842/496/285 2843/140/1016 2844/146/300
f 2845/147/1013 2846/268/472 2847/141/301
f 2848/141/302 2849/268/666 2850/146/285
f 2851/146/1017 2852/268/1018 2853/496/1019
f 2854/496/299 2855/268/1020 2856/267/1021
f 2857/145/1022 2858/143/488 2859/142/355
f 2860/142/355 2861/143/1023 2862/147/355
f 2863/147/1024 2864/143/691 2865/268/472
f 2866/268/470 2867/143/371 2868/267/470
f 2869/146/300 2870/140/1025 2871/496/285
f 2872/496/284 2873/140/288 2874/495/346
f 2875/495/283 2876/140/283 2877/145/1026
f 2878/145/119 2879/140/1027 2880/142/1028
f 2881/267/1029 2882/268/1029 2883/496/284
f 2884/496/1030 2885/268/1031 2886/146/358
f 2887/146/285 2888/268/480 2889/141/68
f 2890/141/69 2891/268/480 2892/147/673
f 2893/265/1032 2894/375/1033 2895/263/463
f 2896/263/1034 2897/375/1035 2898/497/1035
f 2899/497/660 2900/375/1036 2901/381/670
f 2902/381/1037 2903/375/660 2904/374/667
f 2905/139/344 2906/138/345 2907/359/345
f 2908/359/623 2909/138/623 2910/356/623
f 2911/356/639 2912/138/636 2913/370/639
f 2914/370/623 2915/138/623 2916/366/341
f 2917/498/401 2918/371/402 2919/499/567
f 2920/499/311 2921/371/401 2922/500/857
f 2923/500/857 2924/371/401 2925/364/390
f 2926/364/647 2927/371/402 2928/368/854
f 2929/498/920 2930/501/920 2931/371/920
f 2932/371/920 2933/501/920 2934/372/936
f 2935/372/402 2936/501/402 2937/248/402
f 2938/248/403 2939/501/403 2940/246/403
f 2941/372/920 2942/248/402 2943/361/1038
f 2944/361/641 2945/248/401 2946/362/641
f 2947/362/641 2948/248/402 2949/363/877
f 2950/363/638 2951/248/403 2952/249/868
f 2953/352/633 2954/353/629 2955/245/467
f 2956/245/670 2957/353/1039 2958/244/658
f 2959/244/669 2960/353/1040 2961/241/456
f 2962/241/1041 2963/353/1042 2964/239/1043
f 2965/345/436 2966/237/380 2967/344/289
f 2968/344/434 2969/237/380 2970/238/434
f 2971/238/434 2972/237/437 2973/223/997
f 2974/223/411 2975/237/379 2976/224/379
f 2977/206/573 2978/204/573 2979/235/573
f 2980/235/412 2981/204/412 2982/236/412
f 2983/236/414 2984/204/414 2985/229/569
f 2986/229/569 2987/204/412 2988/230/412
f 2989/339/1044 2990/230/1044 2991/340/1045
f 2992/340/1045 2993/230/1046 2994/232/414
f 2995/232/412 2996/230/412 2997/231/602
f 2998/231/599 2999/230/441 3000/229/603
f 3001/205/611 3002/342/1047 3003/203/1048
f 3004/203/412 3005/342/577 3006/339/572
f 3007/339/46 3008/342/1049 3009/340/572
f 3010/340/571 3011/342/1050 3012/341/572
f 3013/222/1051 3014/220/843 3015/221/289
f 3016/221/289 3017/220/604 3018/219/289
f 3019/219/1052 3020/220/968 3021/218/1053
f 3022/218/1054 3023/220/435 3024/217/193
f 3025/213/1055 3026/212/1056 3027/214/423
f 3028/214/423 3029/212/1056 3030/485/1056
f 3031/485/1056 3032/212/1056 3033/482/962
f 3034/482/772 3035/212/943 3036/211/421
f 3037/257/285 3038/373/285 3039/378/480
f 3040/378/1057 3041/373/1058 3042/250/358
f 3043/250/285 3044/373/285 3045/251/1059
f 3046/502/512 3047/503/1060 3048/504/512
f 3049/504/337 3050/503/1061 3051/138/1060
f 3052/138/1060 3053/503/1060 3054/505/396
f 3055/505/396 3056/503/1062 3057/506/396
f 3058/507/231 3059/508/324 3060/509/199
f 3061/509/1 3062/508/334 3063/510/198
f 3064/510/1063 3065/508/334 3066/511/191
f 3067/511/1064 3068/508/334 3069/512/328
f 3070/512/331 3071/508/577 3072/511/191
f 3073/511/191 3074/508/1049 3075/510/46
f 3076/510/47 3077/508/1047 3078/509/212
f 3079/509/212 3080/508/1065 3081/507/266
f 3082/77/1066 3083/5/1067 3084/30/131
f 3085/5/96 3086/63/171 3087/61/80
f 3090/77/305 3091/63/1068 3092/5/278
s 0
f 647/513/1069 560/513/1070 556/513/1071
f 647/513/1072 553/513/1073 560/513/1074
l 3088 3089
